2025-09-11 10:08:43 [background-preinit] INFO  o.h.validator.internal.util.Version - HV000001: Hibernate Validator 8.0.2.Final
2025-09-11 10:08:44 [main] INFO  a.c.q.QwiseDemoAppApplication - Starting QwiseDemoAppApplication v1.0.0 using Java 21 with PID 1 (/app/app.jar started by root in /app)
2025-09-11 10:08:44 [main] INFO  a.c.q.QwiseDemoAppApplication - No active profile set, falling back to 1 default profile: "default"
2025-09-11 10:08:46 [main] INFO  o.s.d.r.c.RepositoryConfigurationDelegate - Bootstrapping Spring Data JPA repositories in DEFAULT mode.
2025-09-11 10:08:46 [main] INFO  o.s.d.r.c.RepositoryConfigurationDelegate - Finished Spring Data repository scanning in 142 ms. Found 6 JPA repository interfaces.
2025-09-11 10:08:47 [main] INFO  o.s.b.w.e.tomcat.TomcatWebServer - Tomcat initialized with port 7775 (http)
2025-09-11 10:08:47 [main] INFO  o.a.coyote.http11.Http11NioProtocol - Initializing ProtocolHandler ["http-nio-7775"]
2025-09-11 10:08:47 [main] INFO  o.a.catalina.core.StandardService - Starting service [Tomcat]
2025-09-11 10:08:47 [main] INFO  o.a.catalina.core.StandardEngine - Starting Servlet engine: [Apache Tomcat/10.1.43]
2025-09-11 10:08:48 [main] INFO  o.a.c.c.C.[Tomcat].[localhost].[/] - Initializing Spring embedded WebApplicationContext
2025-09-11 10:08:48 [main] INFO  o.s.b.w.s.c.ServletWebServerApplicationContext - Root WebApplicationContext: initialization completed in 3901 ms
2025-09-11 10:08:48 [main] INFO  o.h.jpa.internal.util.LogHelper - HHH000204: Processing PersistenceUnitInfo [name: default]
2025-09-11 10:08:48 [main] INFO  org.hibernate.Version - HHH000412: Hibernate ORM core version 6.6.22.Final
2025-09-11 10:08:48 [main] INFO  o.h.c.i.RegionFactoryInitiator - HHH000026: Second-level cache disabled
2025-09-11 10:08:49 [main] INFO  o.s.o.j.p.SpringPersistenceUnitInfo - No LoadTimeWeaver setup: ignoring JPA class transformer
2025-09-11 10:08:49 [main] INFO  com.zaxxer.hikari.HikariDataSource - HikariPool-1 - Starting...
2025-09-11 10:08:49 [main] INFO  com.zaxxer.hikari.pool.HikariPool - HikariPool-1 - Added connection org.postgresql.jdbc.PgConnection@6d7677d8
2025-09-11 10:08:49 [main] INFO  com.zaxxer.hikari.HikariDataSource - HikariPool-1 - Start completed.
2025-09-11 10:08:49 [main] WARN  org.hibernate.orm.deprecation - HHH90000025: PostgreSQLDialect does not need to be specified explicitly using 'hibernate.dialect' (remove the property setting and it will be selected by default)
2025-09-11 10:08:49 [main] INFO  o.hibernate.orm.connections.pooling - HHH10001005: Database info:
	Database JDBC URL [Connecting through datasource 'HikariDataSource (HikariPool-1)']
	Database driver: undefined/unknown
	Database version: 17.5
	Autocommit mode: undefined/unknown
	Isolation level: undefined/unknown
	Minimum pool size: undefined/unknown
	Maximum pool size: undefined/unknown
2025-09-11 10:08:51 [main] INFO  o.h.e.t.j.p.i.JtaPlatformInitiator - HHH000489: No JTA platform available (set 'hibernate.transaction.jta.platform' to enable JTA platform integration)
2025-09-11 10:08:52 [main] INFO  o.s.o.j.LocalContainerEntityManagerFactoryBean - Initialized JPA EntityManagerFactory for persistence unit 'default'
2025-09-11 10:08:53 [main] INFO  o.s.d.j.r.query.QueryEnhancerFactory - Hibernate is in classpath; If applicable, HQL parser will be used.
2025-09-11 10:08:54 [main] INFO  o.s.s.c.a.a.c.InitializeAuthenticationProviderBeanManagerConfigurer$InitializeAuthenticationProviderManagerConfigurer - Global AuthenticationManager configured with AuthenticationProvider bean with name customAuthenticationProvider
2025-09-11 10:08:54 [main] WARN  o.s.s.c.a.a.c.InitializeUserDetailsBeanManagerConfigurer$InitializeUserDetailsManagerConfigurer - Global AuthenticationManager configured with an AuthenticationProvider bean. UserDetailsService beans will not be used by Spring Security for automatically configuring username/password login. Consider removing the AuthenticationProvider bean. Alternatively, consider using the UserDetailsService in a manually instantiated DaoAuthenticationProvider. If the current configuration is intentional, to turn off this warning, increase the logging level of 'org.springframework.security.config.annotation.authentication.configuration.InitializeUserDetailsBeanManagerConfigurer' to ERROR
2025-09-11 10:08:54 [main] WARN  o.s.b.a.o.j.JpaBaseConfiguration$JpaWebConfiguration - spring.jpa.open-in-view is enabled by default. Therefore, database queries may be performed during view rendering. Explicitly configure spring.jpa.open-in-view to disable this warning
2025-09-11 10:08:55 [main] INFO  o.s.b.a.e.web.EndpointLinksResolver - Exposing 1 endpoint beneath base path '/actuator'
2025-09-11 10:08:56 [main] INFO  o.a.coyote.http11.Http11NioProtocol - Starting ProtocolHandler ["http-nio-7775"]
2025-09-11 10:08:56 [main] INFO  o.s.b.w.e.tomcat.TomcatWebServer - Tomcat started on port 7775 (http) with context path '/'
2025-09-11 10:08:56 [main] INFO  a.c.q.QwiseDemoAppApplication - Started QwiseDemoAppApplication in 13.699 seconds (process running for 14.604)
2025-09-11 10:09:07 [http-nio-7775-exec-1] INFO  o.a.c.c.C.[Tomcat].[localhost].[/] - Initializing Spring DispatcherServlet 'dispatcherServlet'
2025-09-11 10:09:07 [http-nio-7775-exec-1] INFO  o.s.web.servlet.DispatcherServlet - Initializing Servlet 'dispatcherServlet'
2025-09-11 10:09:07 [http-nio-7775-exec-1] INFO  o.s.web.servlet.DispatcherServlet - Completed initialization in 3 ms
2025-09-11 10:09:08 [http-nio-7775-exec-1] INFO  a.c.qwisedemoapp.filter.JwtFilter - Authorization header not found
2025-09-11 10:09:08 [http-nio-7775-exec-1] INFO  a.c.qwisedemoapp.filter.JwtFilter - Invalid token
2025-09-11 10:09:08 [http-nio-7775-exec-1] INFO  a.c.qwisedemoapp.filter.JwtFilter - Auth header: null
2025-09-11 10:09:08 [http-nio-7775-exec-1] INFO  a.c.qwisedemoapp.filter.JwtFilter - Extracted username from JWT: null
2025-09-11 10:09:08 [http-nio-7775-exec-1] INFO  a.c.qwisedemoapp.filter.JwtFilter - Current authentication: null
2025-09-11 10:09:16 [http-nio-7775-exec-5] INFO  a.c.qwisedemoapp.filter.JwtFilter - Authorization header not found
2025-09-11 10:09:16 [http-nio-7775-exec-5] INFO  a.c.qwisedemoapp.filter.JwtFilter - Invalid token
2025-09-11 10:09:16 [http-nio-7775-exec-5] INFO  a.c.qwisedemoapp.filter.JwtFilter - Auth header: null
2025-09-11 10:09:16 [http-nio-7775-exec-5] INFO  a.c.qwisedemoapp.filter.JwtFilter - Extracted username from JWT: null
2025-09-11 10:09:16 [http-nio-7775-exec-5] INFO  a.c.qwisedemoapp.filter.JwtFilter - Current authentication: null
2025-09-11 10:09:16 [http-nio-7775-exec-4] INFO  a.c.qwisedemoapp.filter.JwtFilter - Authorization header not found
2025-09-11 10:09:16 [http-nio-7775-exec-4] INFO  a.c.qwisedemoapp.filter.JwtFilter - Invalid token
2025-09-11 10:09:16 [http-nio-7775-exec-4] INFO  a.c.qwisedemoapp.filter.JwtFilter - Auth header: null
2025-09-11 10:09:16 [http-nio-7775-exec-4] INFO  a.c.qwisedemoapp.filter.JwtFilter - Extracted username from JWT: null
2025-09-11 10:09:16 [http-nio-7775-exec-4] INFO  a.c.qwisedemoapp.filter.JwtFilter - Current authentication: null
2025-09-11 10:09:44 [http-nio-7775-exec-7] INFO  a.c.qwisedemoapp.filter.JwtFilter - Auth header: Bearer eyJhbGciOiJSUzI1NiJ9.eyJyb2xlcyI6WyJST0xFX1NUVURFTlQiXSwiZW1haWwiOiJhc2ltcGVuYWhvdjZAZ21haWwuY29tIiwic3ViIjoiYXNpbXBlbmFob3Y2QGdtYWlsLmNvbSIsImlhdCI6MTc1NzU4NTM1NSwiZXhwIjoxNzU3NTg4OTU1fQ.XQMaExQtXkvjt7LG0oHEjimiJErhwTEjz0403weus0AKzyvy0FBKWfGs1GdM0vhU8f-H8LYxX_lIKdMMa2PXsWMEHkFNIz_ey7iCROhJevKMhHUTbgpnkOxyREHq4CtQTIIZbzG0E0FhErZ3l4nuTWV7Dv7w5HrppxP0-V1vMTDA1LT3NPOaeIznFA15MLsE2oOQ269vsPLtsh2W-CWEUcEkkhA99Gp__AiD4hjUcksg_Zl-wJp2PcFaM1q37jw9l6Rm6D1lRJIf-99zHAwWxXxbR6Tkx5oRJekPyHDrgz9SS6Et9PKbB7ejspv5f-1v1c7Kbry0I9S3oTVzMnEo2w
2025-09-11 10:09:44 [http-nio-7775-exec-7] INFO  a.c.qwisedemoapp.filter.JwtFilter - Extracted username from JWT: asimpenahov6@gmail.com
2025-09-11 10:09:44 [http-nio-7775-exec-7] INFO  a.c.qwisedemoapp.filter.JwtFilter - Current authentication: UsernamePasswordAuthenticationToken [Principal=az.company.qwisedemoapp.domain.entity.UserPrincipal@38bfe917, Credentials=[PROTECTED], Authenticated=true, Details=WebAuthenticationDetails [RemoteIpAddress=172.19.0.1, SessionId=null], Granted Authorities=[ROLE_STUDENT]]
2025-09-11 10:10:17 [http-nio-7775-exec-9] INFO  a.c.qwisedemoapp.filter.JwtFilter - Authorization header not found
2025-09-11 10:10:17 [http-nio-7775-exec-9] INFO  a.c.qwisedemoapp.filter.JwtFilter - Invalid token
2025-09-11 10:10:17 [http-nio-7775-exec-9] INFO  a.c.qwisedemoapp.filter.JwtFilter - Auth header: null
2025-09-11 10:10:17 [http-nio-7775-exec-9] INFO  a.c.qwisedemoapp.filter.JwtFilter - Extracted username from JWT: null
2025-09-11 10:10:17 [http-nio-7775-exec-9] INFO  a.c.qwisedemoapp.filter.JwtFilter - Current authentication: null
2025-09-11 10:10:17 [http-nio-7775-exec-9] INFO  a.c.q.controller.AuthController - 172.19.0.1
2025-09-11 10:10:17 [http-nio-7775-exec-9] INFO  a.c.q.service.auth.AuthService - Login user with email asimpenahov8@gmail.com
2025-09-11 10:10:18 [http-nio-7775-exec-9] INFO  a.c.q.service.auth.AuthService - Login user with email asimpenahov8@gmail.com successfully
2025-09-11 10:10:38 [http-nio-7775-exec-10] INFO  a.c.qwisedemoapp.filter.JwtFilter - Auth header: Bearer eyJhbGciOiJSUzI1NiJ9.eyJyb2xlcyI6WyJST0xFX0FETUlOIl0sImVtYWlsIjoiYXNpbXBlbmFob3Y4QGdtYWlsLmNvbSIsInN1YiI6ImFzaW1wZW5haG92OEBnbWFpbC5jb20iLCJpYXQiOjE3NTc1ODU0MTgsImV4cCI6MTc1NzU4OTAxOH0.ePDqqdEKUbVNd2nbXGmzjTFkbi5YEDZoKrNUS5FJE2U4hwQoMjoGgDD2j0fSuHn2XGxBQOnjOQm4R1zqa8C_fUvbrrrK_uP1ZwGaDqwpQGm1ZmQe-P4rxisw2KWyPy_rquT2fPuXEzKHYKnxIt6zOGR994QmS02wWWZz0viK26bPY0QDoGjmga30OS-0pg2GhTIB9Ts04xSPgQxmwWqXgA5SjqW6iEJC3i1iJEr6Rc8uyKzhj9_wHC2KqGvGySRW7ihKoFzXZq0xm2lU9NrcXJucRmwVH9TqXDbYlizI3zJrXkZyLkHH3lpbPTvIg3WNQdPYFDjx8lx-D5K_c3ukmQ
2025-09-11 10:10:38 [http-nio-7775-exec-10] INFO  a.c.qwisedemoapp.filter.JwtFilter - Extracted username from JWT: asimpenahov8@gmail.com
2025-09-11 10:10:38 [http-nio-7775-exec-10] INFO  a.c.qwisedemoapp.filter.JwtFilter - Current authentication: UsernamePasswordAuthenticationToken [Principal=az.company.qwisedemoapp.domain.entity.UserPrincipal@6e293109, Credentials=[PROTECTED], Authenticated=true, Details=WebAuthenticationDetails [RemoteIpAddress=172.19.0.1, SessionId=null], Granted Authorities=[ROLE_ADMIN]]
2025-09-11 10:11:11 [http-nio-7775-exec-1] INFO  a.c.qwisedemoapp.filter.JwtFilter - Authorization header not found
2025-09-11 10:11:11 [http-nio-7775-exec-1] INFO  a.c.qwisedemoapp.filter.JwtFilter - Invalid token
2025-09-11 10:11:11 [http-nio-7775-exec-1] INFO  a.c.qwisedemoapp.filter.JwtFilter - Auth header: null
2025-09-11 10:11:11 [http-nio-7775-exec-1] INFO  a.c.qwisedemoapp.filter.JwtFilter - Extracted username from JWT: null
2025-09-11 10:11:11 [http-nio-7775-exec-1] INFO  a.c.qwisedemoapp.filter.JwtFilter - Current authentication: null
2025-09-11 10:11:39 [http-nio-7775-exec-2] INFO  a.c.qwisedemoapp.filter.JwtFilter - Auth header: Bearer eyJhbGciOiJSUzI1NiJ9.eyJyb2xlcyI6WyJST0xFX0FETUlOIl0sImVtYWlsIjoiYXNpbXBlbmFob3Y4QGdtYWlsLmNvbSIsInN1YiI6ImFzaW1wZW5haG92OEBnbWFpbC5jb20iLCJpYXQiOjE3NTc1ODU0MTgsImV4cCI6MTc1NzU4OTAxOH0.ePDqqdEKUbVNd2nbXGmzjTFkbi5YEDZoKrNUS5FJE2U4hwQoMjoGgDD2j0fSuHn2XGxBQOnjOQm4R1zqa8C_fUvbrrrK_uP1ZwGaDqwpQGm1ZmQe-P4rxisw2KWyPy_rquT2fPuXEzKHYKnxIt6zOGR994QmS02wWWZz0viK26bPY0QDoGjmga30OS-0pg2GhTIB9Ts04xSPgQxmwWqXgA5SjqW6iEJC3i1iJEr6Rc8uyKzhj9_wHC2KqGvGySRW7ihKoFzXZq0xm2lU9NrcXJucRmwVH9TqXDbYlizI3zJrXkZyLkHH3lpbPTvIg3WNQdPYFDjx8lx-D5K_c3ukmQ
2025-09-11 10:11:39 [http-nio-7775-exec-2] INFO  a.c.qwisedemoapp.filter.JwtFilter - Extracted username from JWT: asimpenahov8@gmail.com
2025-09-11 10:11:39 [http-nio-7775-exec-2] INFO  a.c.qwisedemoapp.filter.JwtFilter - Current authentication: UsernamePasswordAuthenticationToken [Principal=az.company.qwisedemoapp.domain.entity.UserPrincipal@7f4342b9, Credentials=[PROTECTED], Authenticated=true, Details=WebAuthenticationDetails [RemoteIpAddress=172.19.0.1, SessionId=32147D9AB49FA0ABE8BC5408B663B9ED], Granted Authorities=[ROLE_ADMIN]]
2025-09-11 10:12:16 [http-nio-7775-exec-5] INFO  a.c.qwisedemoapp.filter.JwtFilter - Auth header: Bearer eyJhbGciOiJSUzI1NiJ9.eyJyb2xlcyI6WyJST0xFX0FETUlOIl0sImVtYWlsIjoiYXNpbXBlbmFob3Y4QGdtYWlsLmNvbSIsInN1YiI6ImFzaW1wZW5haG92OEBnbWFpbC5jb20iLCJpYXQiOjE3NTc1ODU0MTgsImV4cCI6MTc1NzU4OTAxOH0.ePDqqdEKUbVNd2nbXGmzjTFkbi5YEDZoKrNUS5FJE2U4hwQoMjoGgDD2j0fSuHn2XGxBQOnjOQm4R1zqa8C_fUvbrrrK_uP1ZwGaDqwpQGm1ZmQe-P4rxisw2KWyPy_rquT2fPuXEzKHYKnxIt6zOGR994QmS02wWWZz0viK26bPY0QDoGjmga30OS-0pg2GhTIB9Ts04xSPgQxmwWqXgA5SjqW6iEJC3i1iJEr6Rc8uyKzhj9_wHC2KqGvGySRW7ihKoFzXZq0xm2lU9NrcXJucRmwVH9TqXDbYlizI3zJrXkZyLkHH3lpbPTvIg3WNQdPYFDjx8lx-D5K_c3ukmQ
2025-09-11 10:12:16 [http-nio-7775-exec-5] INFO  a.c.qwisedemoapp.filter.JwtFilter - Extracted username from JWT: asimpenahov8@gmail.com
2025-09-11 10:12:16 [http-nio-7775-exec-5] INFO  a.c.qwisedemoapp.filter.JwtFilter - Current authentication: UsernamePasswordAuthenticationToken [Principal=az.company.qwisedemoapp.domain.entity.UserPrincipal@4bb1af94, Credentials=[PROTECTED], Authenticated=true, Details=WebAuthenticationDetails [RemoteIpAddress=172.19.0.1, SessionId=8D10CC5107074A5C1D1D140C6DF88329], Granted Authorities=[ROLE_ADMIN]]
2025-09-11 10:12:46 [http-nio-7775-exec-4] INFO  a.c.qwisedemoapp.filter.JwtFilter - Auth header: Bearer eyJhbGciOiJSUzI1NiJ9.eyJyb2xlcyI6WyJST0xFX0FETUlOIl0sImVtYWlsIjoiYXNpbXBlbmFob3Y4QGdtYWlsLmNvbSIsInN1YiI6ImFzaW1wZW5haG92OEBnbWFpbC5jb20iLCJpYXQiOjE3NTc1ODU0MTgsImV4cCI6MTc1NzU4OTAxOH0.ePDqqdEKUbVNd2nbXGmzjTFkbi5YEDZoKrNUS5FJE2U4hwQoMjoGgDD2j0fSuHn2XGxBQOnjOQm4R1zqa8C_fUvbrrrK_uP1ZwGaDqwpQGm1ZmQe-P4rxisw2KWyPy_rquT2fPuXEzKHYKnxIt6zOGR994QmS02wWWZz0viK26bPY0QDoGjmga30OS-0pg2GhTIB9Ts04xSPgQxmwWqXgA5SjqW6iEJC3i1iJEr6Rc8uyKzhj9_wHC2KqGvGySRW7ihKoFzXZq0xm2lU9NrcXJucRmwVH9TqXDbYlizI3zJrXkZyLkHH3lpbPTvIg3WNQdPYFDjx8lx-D5K_c3ukmQ
2025-09-11 10:12:46 [http-nio-7775-exec-4] INFO  a.c.qwisedemoapp.filter.JwtFilter - Extracted username from JWT: asimpenahov8@gmail.com
2025-09-11 10:12:46 [http-nio-7775-exec-4] INFO  a.c.qwisedemoapp.filter.JwtFilter - Current authentication: UsernamePasswordAuthenticationToken [Principal=az.company.qwisedemoapp.domain.entity.UserPrincipal@6dabb674, Credentials=[PROTECTED], Authenticated=true, Details=WebAuthenticationDetails [RemoteIpAddress=172.19.0.1, SessionId=BC3B27DE8272810892A7385B6ABA468C], Granted Authorities=[ROLE_ADMIN]]
2025-09-11 10:12:46 [http-nio-7775-exec-4] WARN  o.s.w.s.m.m.a.ExceptionHandlerExceptionResolver - Failure in @ExceptionHandler az.company.qwisedemoapp.exception.GlobalExceptionHandler#handleException(MultipartException)
java.lang.IllegalStateException: Could not resolve parameter [0] in public org.springframework.http.ResponseEntity<az.company.qwisedemoapp.exception.GlobalErrorResponse> az.company.qwisedemoapp.exception.GlobalExceptionHandler.handleException(org.springframework.web.multipart.MultipartException): No suitable resolver
	at org.springframework.web.method.support.InvocableHandlerMethod.getMethodArgumentValues(InvocableHandlerMethod.java:224)
	at org.springframework.web.method.support.InvocableHandlerMethod.invokeForRequest(InvocableHandlerMethod.java:181)
	at org.springframework.web.servlet.mvc.method.annotation.ServletInvocableHandlerMethod.invokeAndHandle(ServletInvocableHandlerMethod.java:118)
	at org.springframework.web.servlet.mvc.method.annotation.ExceptionHandlerExceptionResolver.doResolveHandlerMethodException(ExceptionHandlerExceptionResolver.java:471)
	at org.springframework.web.servlet.handler.AbstractHandlerMethodExceptionResolver.doResolveException(AbstractHandlerMethodExceptionResolver.java:73)
	at org.springframework.web.servlet.handler.AbstractHandlerExceptionResolver.resolveException(AbstractHandlerExceptionResolver.java:182)
	at org.springframework.web.servlet.handler.HandlerExceptionResolverComposite.resolveException(HandlerExceptionResolverComposite.java:80)
	at org.springframework.web.servlet.DispatcherServlet.processHandlerException(DispatcherServlet.java:1360)
	at org.springframework.web.servlet.DispatcherServlet.processDispatchResult(DispatcherServlet.java:1161)
	at org.springframework.web.servlet.DispatcherServlet.doDispatch(DispatcherServlet.java:1106)
	at org.springframework.web.servlet.DispatcherServlet.doService(DispatcherServlet.java:979)
	at org.springframework.web.servlet.FrameworkServlet.processRequest(FrameworkServlet.java:1014)
	at org.springframework.web.servlet.FrameworkServlet.doGet(FrameworkServlet.java:903)
	at jakarta.servlet.http.HttpServlet.service(HttpServlet.java:564)
	at org.springframework.web.servlet.FrameworkServlet.service(FrameworkServlet.java:885)
	at jakarta.servlet.http.HttpServlet.service(HttpServlet.java:658)
	at org.apache.catalina.core.ApplicationFilterChain.internalDoFilter(ApplicationFilterChain.java:195)
	at org.apache.catalina.core.ApplicationFilterChain.doFilter(ApplicationFilterChain.java:140)
	at org.apache.tomcat.websocket.server.WsFilter.doFilter(WsFilter.java:51)
	at org.apache.catalina.core.ApplicationFilterChain.internalDoFilter(ApplicationFilterChain.java:164)
	at org.apache.catalina.core.ApplicationFilterChain.doFilter(ApplicationFilterChain.java:140)
	at org.springframework.web.filter.OncePerRequestFilter.doFilter(OncePerRequestFilter.java:110)
	at org.apache.catalina.core.ApplicationFilterChain.internalDoFilter(ApplicationFilterChain.java:164)
	at org.apache.catalina.core.ApplicationFilterChain.doFilter(ApplicationFilterChain.java:140)
	at org.springframework.web.filter.CompositeFilter$VirtualFilterChain.doFilter(CompositeFilter.java:108)
	at org.springframework.web.filter.CompositeFilter$VirtualFilterChain.doFilter(CompositeFilter.java:108)
	at org.springframework.security.web.FilterChainProxy.lambda$doFilterInternal$3(FilterChainProxy.java:231)
	at org.springframework.security.web.ObservationFilterChainDecorator$FilterObservation$SimpleFilterObservation.lambda$wrap$1(ObservationFilterChainDecorator.java:479)
	at org.springframework.security.web.ObservationFilterChainDecorator$AroundFilterObservation$SimpleAroundFilterObservation.lambda$wrap$1(ObservationFilterChainDecorator.java:340)
	at org.springframework.security.web.ObservationFilterChainDecorator.lambda$wrapSecured$0(ObservationFilterChainDecorator.java:82)
	at org.springframework.security.web.ObservationFilterChainDecorator$VirtualFilterChain.doFilter(ObservationFilterChainDecorator.java:128)
	at org.springframework.security.web.access.intercept.AuthorizationFilter.doFilter(AuthorizationFilter.java:101)
	at org.springframework.security.web.ObservationFilterChainDecorator$ObservationFilter.wrapFilter(ObservationFilterChainDecorator.java:240)
	at org.springframework.security.web.ObservationFilterChainDecorator$ObservationFilter.doFilter(ObservationFilterChainDecorator.java:227)
	at org.springframework.security.web.ObservationFilterChainDecorator$VirtualFilterChain.doFilter(ObservationFilterChainDecorator.java:137)
	at org.springframework.security.web.access.ExceptionTranslationFilter.doFilter(ExceptionTranslationFilter.java:125)
	at org.springframework.security.web.access.ExceptionTranslationFilter.doFilter(ExceptionTranslationFilter.java:119)
	at org.springframework.security.web.ObservationFilterChainDecorator$ObservationFilter.wrapFilter(ObservationFilterChainDecorator.java:240)
	at org.springframework.security.web.ObservationFilterChainDecorator$ObservationFilter.doFilter(ObservationFilterChainDecorator.java:227)
	at org.springframework.security.web.ObservationFilterChainDecorator$VirtualFilterChain.doFilter(ObservationFilterChainDecorator.java:137)
	at org.springframework.security.web.session.SessionManagementFilter.doFilter(SessionManagementFilter.java:131)
	at org.springframework.security.web.session.SessionManagementFilter.doFilter(SessionManagementFilter.java:85)
	at org.springframework.security.web.ObservationFilterChainDecorator$ObservationFilter.wrapFilter(ObservationFilterChainDecorator.java:240)
	at org.springframework.security.web.ObservationFilterChainDecorator$ObservationFilter.doFilter(ObservationFilterChainDecorator.java:227)
	at org.springframework.security.web.ObservationFilterChainDecorator$VirtualFilterChain.doFilter(ObservationFilterChainDecorator.java:137)
	at org.springframework.security.web.authentication.AnonymousAuthenticationFilter.doFilter(AnonymousAuthenticationFilter.java:100)
	at org.springframework.security.web.ObservationFilterChainDecorator$ObservationFilter.wrapFilter(ObservationFilterChainDecorator.java:240)
	at org.springframework.security.web.ObservationFilterChainDecorator$ObservationFilter.doFilter(ObservationFilterChainDecorator.java:227)
	at org.springframework.security.web.ObservationFilterChainDecorator$VirtualFilterChain.doFilter(ObservationFilterChainDecorator.java:137)
	at org.springframework.security.web.servletapi.SecurityContextHolderAwareRequestFilter.doFilter(SecurityContextHolderAwareRequestFilter.java:179)
	at org.springframework.security.web.ObservationFilterChainDecorator$ObservationFilter.wrapFilter(ObservationFilterChainDecorator.java:240)
	at org.springframework.security.web.ObservationFilterChainDecorator$ObservationFilter.doFilter(ObservationFilterChainDecorator.java:227)
	at org.springframework.security.web.ObservationFilterChainDecorator$VirtualFilterChain.doFilter(ObservationFilterChainDecorator.java:137)
	at org.springframework.security.web.savedrequest.RequestCacheAwareFilter.doFilter(RequestCacheAwareFilter.java:63)
	at org.springframework.security.web.ObservationFilterChainDecorator$ObservationFilter.wrapFilter(ObservationFilterChainDecorator.java:240)
	at org.springframework.security.web.ObservationFilterChainDecorator$ObservationFilter.doFilter(ObservationFilterChainDecorator.java:227)
	at org.springframework.security.web.ObservationFilterChainDecorator$VirtualFilterChain.doFilter(ObservationFilterChainDecorator.java:137)
	at org.springframework.security.web.authentication.ui.DefaultLogoutPageGeneratingFilter.doFilterInternal(DefaultLogoutPageGeneratingFilter.java:59)
	at org.springframework.web.filter.OncePerRequestFilter.doFilter(OncePerRequestFilter.java:116)
	at org.springframework.security.web.ObservationFilterChainDecorator$ObservationFilter.wrapFilter(ObservationFilterChainDecorator.java:240)
	at org.springframework.security.web.ObservationFilterChainDecorator$ObservationFilter.doFilter(ObservationFilterChainDecorator.java:227)
	at org.springframework.security.web.ObservationFilterChainDecorator$VirtualFilterChain.doFilter(ObservationFilterChainDecorator.java:137)
	at org.springframework.security.web.authentication.ui.DefaultLoginPageGeneratingFilter.doFilter(DefaultLoginPageGeneratingFilter.java:216)
	at org.springframework.security.web.authentication.ui.DefaultLoginPageGeneratingFilter.doFilter(DefaultLoginPageGeneratingFilter.java:202)
	at org.springframework.security.web.ObservationFilterChainDecorator$ObservationFilter.wrapFilter(ObservationFilterChainDecorator.java:240)
	at org.springframework.security.web.ObservationFilterChainDecorator$ObservationFilter.doFilter(ObservationFilterChainDecorator.java:227)
	at org.springframework.security.web.ObservationFilterChainDecorator$VirtualFilterChain.doFilter(ObservationFilterChainDecorator.java:137)
	at org.springframework.security.web.authentication.ui.DefaultResourcesFilter.doFilter(DefaultResourcesFilter.java:72)
	at org.springframework.security.web.ObservationFilterChainDecorator$ObservationFilter.wrapFilter(ObservationFilterChainDecorator.java:240)
	at org.springframework.security.web.ObservationFilterChainDecorator$ObservationFilter.doFilter(ObservationFilterChainDecorator.java:227)
	at org.springframework.security.web.ObservationFilterChainDecorator$VirtualFilterChain.doFilter(ObservationFilterChainDecorator.java:137)
	at az.company.qwisedemoapp.filter.JwtFilter.doFilterInternal(JwtFilter.java:57)
	at org.springframework.web.filter.OncePerRequestFilter.doFilter(OncePerRequestFilter.java:116)
	at org.springframework.security.web.ObservationFilterChainDecorator$ObservationFilter.wrapFilter(ObservationFilterChainDecorator.java:240)
	at org.springframework.security.web.ObservationFilterChainDecorator$ObservationFilter.doFilter(ObservationFilterChainDecorator.java:227)
	at org.springframework.security.web.ObservationFilterChainDecorator$VirtualFilterChain.doFilter(ObservationFilterChainDecorator.java:137)
	at org.springframework.security.web.authentication.AbstractAuthenticationProcessingFilter.doFilter(AbstractAuthenticationProcessingFilter.java:235)
	at org.springframework.security.web.authentication.AbstractAuthenticationProcessingFilter.doFilter(AbstractAuthenticationProcessingFilter.java:229)
	at org.springframework.security.web.ObservationFilterChainDecorator$ObservationFilter.wrapFilter(ObservationFilterChainDecorator.java:240)
	at org.springframework.security.web.ObservationFilterChainDecorator$ObservationFilter.doFilter(ObservationFilterChainDecorator.java:227)
	at org.springframework.security.web.ObservationFilterChainDecorator$VirtualFilterChain.doFilter(ObservationFilterChainDecorator.java:137)
	at org.springframework.security.oauth2.client.web.OAuth2AuthorizationRequestRedirectFilter.doFilterInternal(OAuth2AuthorizationRequestRedirectFilter.java:198)
	at org.springframework.web.filter.OncePerRequestFilter.doFilter(OncePerRequestFilter.java:116)
	at org.springframework.security.web.ObservationFilterChainDecorator$ObservationFilter.wrapFilter(ObservationFilterChainDecorator.java:240)
	at org.springframework.security.web.ObservationFilterChainDecorator$ObservationFilter.doFilter(ObservationFilterChainDecorator.java:227)
	at org.springframework.security.web.ObservationFilterChainDecorator$VirtualFilterChain.doFilter(ObservationFilterChainDecorator.java:137)
	at org.springframework.security.web.authentication.logout.LogoutFilter.doFilter(LogoutFilter.java:107)
	at org.springframework.security.web.authentication.logout.LogoutFilter.doFilter(LogoutFilter.java:93)
	at org.springframework.security.web.ObservationFilterChainDecorator$ObservationFilter.wrapFilter(ObservationFilterChainDecorator.java:240)
	at org.springframework.security.web.ObservationFilterChainDecorator$ObservationFilter.doFilter(ObservationFilterChainDecorator.java:227)
	at org.springframework.security.web.ObservationFilterChainDecorator$VirtualFilterChain.doFilter(ObservationFilterChainDecorator.java:137)
	at org.springframework.security.web.header.HeaderWriterFilter.doHeadersAfter(HeaderWriterFilter.java:90)
	at org.springframework.security.web.header.HeaderWriterFilter.doFilterInternal(HeaderWriterFilter.java:75)
	at org.springframework.web.filter.OncePerRequestFilter.doFilter(OncePerRequestFilter.java:116)
	at org.springframework.security.web.ObservationFilterChainDecorator$ObservationFilter.wrapFilter(ObservationFilterChainDecorator.java:240)
	at org.springframework.security.web.ObservationFilterChainDecorator$ObservationFilter.doFilter(ObservationFilterChainDecorator.java:227)
	at org.springframework.security.web.ObservationFilterChainDecorator$VirtualFilterChain.doFilter(ObservationFilterChainDecorator.java:137)
	at org.springframework.security.web.context.SecurityContextHolderFilter.doFilter(SecurityContextHolderFilter.java:82)
	at org.springframework.security.web.context.SecurityContextHolderFilter.doFilter(SecurityContextHolderFilter.java:69)
	at org.springframework.security.web.ObservationFilterChainDecorator$ObservationFilter.wrapFilter(ObservationFilterChainDecorator.java:240)
	at org.springframework.security.web.ObservationFilterChainDecorator$ObservationFilter.doFilter(ObservationFilterChainDecorator.java:227)
	at org.springframework.security.web.ObservationFilterChainDecorator$VirtualFilterChain.doFilter(ObservationFilterChainDecorator.java:137)
	at org.springframework.security.web.context.request.async.WebAsyncManagerIntegrationFilter.doFilterInternal(WebAsyncManagerIntegrationFilter.java:62)
	at org.springframework.web.filter.OncePerRequestFilter.doFilter(OncePerRequestFilter.java:116)
	at org.springframework.security.web.ObservationFilterChainDecorator$ObservationFilter.wrapFilter(ObservationFilterChainDecorator.java:240)
	at org.springframework.security.web.ObservationFilterChainDecorator$ObservationFilter.doFilter(ObservationFilterChainDecorator.java:227)
	at org.springframework.security.web.ObservationFilterChainDecorator$VirtualFilterChain.doFilter(ObservationFilterChainDecorator.java:137)
	at org.springframework.security.web.session.DisableEncodeUrlFilter.doFilterInternal(DisableEncodeUrlFilter.java:42)
	at org.springframework.web.filter.OncePerRequestFilter.doFilter(OncePerRequestFilter.java:116)
	at org.springframework.security.web.ObservationFilterChainDecorator$ObservationFilter.wrapFilter(ObservationFilterChainDecorator.java:240)
	at org.springframework.security.web.ObservationFilterChainDecorator$AroundFilterObservation$SimpleAroundFilterObservation.lambda$wrap$0(ObservationFilterChainDecorator.java:323)
	at org.springframework.security.web.ObservationFilterChainDecorator$ObservationFilter.doFilter(ObservationFilterChainDecorator.java:224)
	at org.springframework.security.web.ObservationFilterChainDecorator$VirtualFilterChain.doFilter(ObservationFilterChainDecorator.java:137)
	at org.springframework.security.web.FilterChainProxy.doFilterInternal(FilterChainProxy.java:233)
	at org.springframework.security.web.FilterChainProxy.doFilter(FilterChainProxy.java:191)
	at org.springframework.web.filter.CompositeFilter$VirtualFilterChain.doFilter(CompositeFilter.java:113)
	at org.springframework.web.filter.ServletRequestPathFilter.doFilter(ServletRequestPathFilter.java:52)
	at org.springframework.web.filter.CompositeFilter$VirtualFilterChain.doFilter(CompositeFilter.java:113)
	at org.springframework.web.filter.CompositeFilter.doFilter(CompositeFilter.java:74)
	at org.springframework.security.config.annotation.web.configuration.WebSecurityConfiguration$CompositeFilterChainProxy.doFilter(WebSecurityConfiguration.java:319)
	at org.springframework.web.filter.CompositeFilter$VirtualFilterChain.doFilter(CompositeFilter.java:113)
	at org.springframework.web.servlet.handler.HandlerMappingIntrospector.lambda$createCacheFilter$4(HandlerMappingIntrospector.java:267)
	at org.springframework.web.filter.CompositeFilter$VirtualFilterChain.doFilter(CompositeFilter.java:113)
	at org.springframework.web.filter.CompositeFilter.doFilter(CompositeFilter.java:74)
	at org.springframework.security.config.annotation.web.configuration.WebMvcSecurityConfiguration$CompositeFilterChainProxy.doFilter(WebMvcSecurityConfiguration.java:240)
	at org.springframework.web.filter.DelegatingFilterProxy.invokeDelegate(DelegatingFilterProxy.java:362)
	at org.springframework.web.filter.DelegatingFilterProxy.doFilter(DelegatingFilterProxy.java:278)
	at org.apache.catalina.core.ApplicationFilterChain.internalDoFilter(ApplicationFilterChain.java:164)
	at org.apache.catalina.core.ApplicationFilterChain.doFilter(ApplicationFilterChain.java:140)
	at org.springframework.web.filter.RequestContextFilter.doFilterInternal(RequestContextFilter.java:100)
	at org.springframework.web.filter.OncePerRequestFilter.doFilter(OncePerRequestFilter.java:116)
	at org.apache.catalina.core.ApplicationFilterChain.internalDoFilter(ApplicationFilterChain.java:164)
	at org.apache.catalina.core.ApplicationFilterChain.doFilter(ApplicationFilterChain.java:140)
	at org.springframework.web.filter.FormContentFilter.doFilterInternal(FormContentFilter.java:93)
	at org.springframework.web.filter.OncePerRequestFilter.doFilter(OncePerRequestFilter.java:116)
	at org.apache.catalina.core.ApplicationFilterChain.internalDoFilter(ApplicationFilterChain.java:164)
	at org.apache.catalina.core.ApplicationFilterChain.doFilter(ApplicationFilterChain.java:140)
	at org.springframework.web.filter.ServerHttpObservationFilter.doFilterInternal(ServerHttpObservationFilter.java:110)
	at org.springframework.web.filter.OncePerRequestFilter.doFilter(OncePerRequestFilter.java:116)
	at org.apache.catalina.core.ApplicationFilterChain.internalDoFilter(ApplicationFilterChain.java:164)
	at org.apache.catalina.core.ApplicationFilterChain.doFilter(ApplicationFilterChain.java:140)
	at org.springframework.web.filter.CharacterEncodingFilter.doFilterInternal(CharacterEncodingFilter.java:201)
	at org.springframework.web.filter.OncePerRequestFilter.doFilter(OncePerRequestFilter.java:116)
	at org.apache.catalina.core.ApplicationFilterChain.internalDoFilter(ApplicationFilterChain.java:164)
	at org.apache.catalina.core.ApplicationFilterChain.doFilter(ApplicationFilterChain.java:140)
	at org.apache.catalina.core.StandardWrapperValve.invoke(StandardWrapperValve.java:167)
	at org.apache.catalina.core.StandardContextValve.invoke(StandardContextValve.java:90)
	at org.apache.catalina.authenticator.AuthenticatorBase.invoke(AuthenticatorBase.java:483)
	at org.apache.catalina.core.StandardHostValve.invoke(StandardHostValve.java:116)
	at org.apache.catalina.valves.ErrorReportValve.invoke(ErrorReportValve.java:93)
	at org.apache.catalina.core.StandardEngineValve.invoke(StandardEngineValve.java:74)
	at org.apache.catalina.connector.CoyoteAdapter.service(CoyoteAdapter.java:344)
	at org.apache.coyote.http11.Http11Processor.service(Http11Processor.java:398)
	at org.apache.coyote.AbstractProcessorLight.process(AbstractProcessorLight.java:63)
	at org.apache.coyote.AbstractProtocol$ConnectionHandler.process(AbstractProtocol.java:903)
	at org.apache.tomcat.util.net.NioEndpoint$SocketProcessor.doRun(NioEndpoint.java:1769)
	at org.apache.tomcat.util.net.SocketProcessorBase.run(SocketProcessorBase.java:52)
	at org.apache.tomcat.util.threads.ThreadPoolExecutor.runWorker(ThreadPoolExecutor.java:1189)
	at org.apache.tomcat.util.threads.ThreadPoolExecutor$Worker.run(ThreadPoolExecutor.java:658)
	at org.apache.tomcat.util.threads.TaskThread$WrappingRunnable.run(TaskThread.java:63)
	at java.base/java.lang.Thread.run(Thread.java:1583)
2025-09-11 10:14:06 [http-nio-7775-exec-9] INFO  a.c.qwisedemoapp.filter.JwtFilter - Auth header: Bearer eyJhbGciOiJSUzI1NiJ9.eyJyb2xlcyI6WyJST0xFX0FETUlOIl0sImVtYWlsIjoiYXNpbXBlbmFob3Y4QGdtYWlsLmNvbSIsInN1YiI6ImFzaW1wZW5haG92OEBnbWFpbC5jb20iLCJpYXQiOjE3NTc1ODU0MTgsImV4cCI6MTc1NzU4OTAxOH0.ePDqqdEKUbVNd2nbXGmzjTFkbi5YEDZoKrNUS5FJE2U4hwQoMjoGgDD2j0fSuHn2XGxBQOnjOQm4R1zqa8C_fUvbrrrK_uP1ZwGaDqwpQGm1ZmQe-P4rxisw2KWyPy_rquT2fPuXEzKHYKnxIt6zOGR994QmS02wWWZz0viK26bPY0QDoGjmga30OS-0pg2GhTIB9Ts04xSPgQxmwWqXgA5SjqW6iEJC3i1iJEr6Rc8uyKzhj9_wHC2KqGvGySRW7ihKoFzXZq0xm2lU9NrcXJucRmwVH9TqXDbYlizI3zJrXkZyLkHH3lpbPTvIg3WNQdPYFDjx8lx-D5K_c3ukmQ
2025-09-11 10:14:06 [http-nio-7775-exec-9] INFO  a.c.qwisedemoapp.filter.JwtFilter - Extracted username from JWT: asimpenahov8@gmail.com
2025-09-11 10:14:06 [http-nio-7775-exec-9] INFO  a.c.qwisedemoapp.filter.JwtFilter - Current authentication: UsernamePasswordAuthenticationToken [Principal=az.company.qwisedemoapp.domain.entity.UserPrincipal@34f0c619, Credentials=[PROTECTED], Authenticated=true, Details=WebAuthenticationDetails [RemoteIpAddress=172.19.0.1, SessionId=5B02E66E9438EC1E3155D1A7C68B304F], Granted Authorities=[ROLE_ADMIN]]
2025-09-11 10:14:29 [http-nio-7775-exec-10] INFO  a.c.qwisedemoapp.filter.JwtFilter - Auth header: Bearer eyJhbGciOiJSUzI1NiJ9.eyJyb2xlcyI6WyJST0xFX0FETUlOIl0sImVtYWlsIjoiYXNpbXBlbmFob3Y4QGdtYWlsLmNvbSIsInN1YiI6ImFzaW1wZW5haG92OEBnbWFpbC5jb20iLCJpYXQiOjE3NTc1ODU0MTgsImV4cCI6MTc1NzU4OTAxOH0.ePDqqdEKUbVNd2nbXGmzjTFkbi5YEDZoKrNUS5FJE2U4hwQoMjoGgDD2j0fSuHn2XGxBQOnjOQm4R1zqa8C_fUvbrrrK_uP1ZwGaDqwpQGm1ZmQe-P4rxisw2KWyPy_rquT2fPuXEzKHYKnxIt6zOGR994QmS02wWWZz0viK26bPY0QDoGjmga30OS-0pg2GhTIB9Ts04xSPgQxmwWqXgA5SjqW6iEJC3i1iJEr6Rc8uyKzhj9_wHC2KqGvGySRW7ihKoFzXZq0xm2lU9NrcXJucRmwVH9TqXDbYlizI3zJrXkZyLkHH3lpbPTvIg3WNQdPYFDjx8lx-D5K_c3ukmQ
2025-09-11 10:14:29 [http-nio-7775-exec-10] INFO  a.c.qwisedemoapp.filter.JwtFilter - Extracted username from JWT: asimpenahov8@gmail.com
2025-09-11 10:14:29 [http-nio-7775-exec-10] INFO  a.c.qwisedemoapp.filter.JwtFilter - Current authentication: UsernamePasswordAuthenticationToken [Principal=az.company.qwisedemoapp.domain.entity.UserPrincipal@5404131e, Credentials=[PROTECTED], Authenticated=true, Details=WebAuthenticationDetails [RemoteIpAddress=172.19.0.1, SessionId=901EF71FB599A055A96AA4E95DA8D81A], Granted Authorities=[ROLE_ADMIN]]
2025-09-11 10:14:49 [http-nio-7775-exec-1] INFO  a.c.qwisedemoapp.filter.JwtFilter - Auth header: Bearer eyJhbGciOiJSUzI1NiJ9.eyJyb2xlcyI6WyJST0xFX0FETUlOIl0sImVtYWlsIjoiYXNpbXBlbmFob3Y4QGdtYWlsLmNvbSIsInN1YiI6ImFzaW1wZW5haG92OEBnbWFpbC5jb20iLCJpYXQiOjE3NTc1ODU0MTgsImV4cCI6MTc1NzU4OTAxOH0.ePDqqdEKUbVNd2nbXGmzjTFkbi5YEDZoKrNUS5FJE2U4hwQoMjoGgDD2j0fSuHn2XGxBQOnjOQm4R1zqa8C_fUvbrrrK_uP1ZwGaDqwpQGm1ZmQe-P4rxisw2KWyPy_rquT2fPuXEzKHYKnxIt6zOGR994QmS02wWWZz0viK26bPY0QDoGjmga30OS-0pg2GhTIB9Ts04xSPgQxmwWqXgA5SjqW6iEJC3i1iJEr6Rc8uyKzhj9_wHC2KqGvGySRW7ihKoFzXZq0xm2lU9NrcXJucRmwVH9TqXDbYlizI3zJrXkZyLkHH3lpbPTvIg3WNQdPYFDjx8lx-D5K_c3ukmQ
2025-09-11 10:14:49 [http-nio-7775-exec-1] INFO  a.c.qwisedemoapp.filter.JwtFilter - Extracted username from JWT: asimpenahov8@gmail.com
2025-09-11 10:14:49 [http-nio-7775-exec-1] INFO  a.c.qwisedemoapp.filter.JwtFilter - Current authentication: UsernamePasswordAuthenticationToken [Principal=az.company.qwisedemoapp.domain.entity.UserPrincipal@2cb89998, Credentials=[PROTECTED], Authenticated=true, Details=WebAuthenticationDetails [RemoteIpAddress=172.19.0.1, SessionId=3A167A1CAC6F066CBE74D1740904D89C], Granted Authorities=[ROLE_ADMIN]]
2025-09-11 10:23:12 [background-preinit] INFO  o.h.validator.internal.util.Version - HV000001: Hibernate Validator 8.0.2.Final
2025-09-11 10:23:12 [main] INFO  a.c.q.QwiseDemoAppApplication - Starting QwiseDemoAppApplication v1.0.0 using Java 21 with PID 1 (/app/app.jar started by root in /app)
2025-09-11 10:23:12 [main] INFO  a.c.q.QwiseDemoAppApplication - No active profile set, falling back to 1 default profile: "default"
2025-09-11 10:23:15 [main] INFO  o.s.d.r.c.RepositoryConfigurationDelegate - Bootstrapping Spring Data JPA repositories in DEFAULT mode.
2025-09-11 10:23:15 [main] INFO  o.s.d.r.c.RepositoryConfigurationDelegate - Finished Spring Data repository scanning in 141 ms. Found 6 JPA repository interfaces.
2025-09-11 10:23:16 [main] INFO  o.s.b.w.e.tomcat.TomcatWebServer - Tomcat initialized with port 7775 (http)
2025-09-11 10:23:16 [main] INFO  o.a.coyote.http11.Http11NioProtocol - Initializing ProtocolHandler ["http-nio-7775"]
2025-09-11 10:23:16 [main] INFO  o.a.catalina.core.StandardService - Starting service [Tomcat]
2025-09-11 10:23:16 [main] INFO  o.a.catalina.core.StandardEngine - Starting Servlet engine: [Apache Tomcat/10.1.43]
2025-09-11 10:23:16 [main] INFO  o.a.c.c.C.[Tomcat].[localhost].[/] - Initializing Spring embedded WebApplicationContext
2025-09-11 10:23:16 [main] INFO  o.s.b.w.s.c.ServletWebServerApplicationContext - Root WebApplicationContext: initialization completed in 4294 ms
2025-09-11 10:23:17 [main] INFO  o.h.jpa.internal.util.LogHelper - HHH000204: Processing PersistenceUnitInfo [name: default]
2025-09-11 10:23:17 [main] INFO  org.hibernate.Version - HHH000412: Hibernate ORM core version 6.6.22.Final
2025-09-11 10:23:17 [main] INFO  o.h.c.i.RegionFactoryInitiator - HHH000026: Second-level cache disabled
2025-09-11 10:23:18 [main] INFO  o.s.o.j.p.SpringPersistenceUnitInfo - No LoadTimeWeaver setup: ignoring JPA class transformer
2025-09-11 10:23:18 [main] INFO  com.zaxxer.hikari.HikariDataSource - HikariPool-1 - Starting...
2025-09-11 10:23:19 [main] INFO  com.zaxxer.hikari.pool.HikariPool - HikariPool-1 - Added connection org.postgresql.jdbc.PgConnection@1e1598e5
2025-09-11 10:23:19 [main] INFO  com.zaxxer.hikari.HikariDataSource - HikariPool-1 - Start completed.
2025-09-11 10:23:19 [main] WARN  org.hibernate.orm.deprecation - HHH90000025: PostgreSQLDialect does not need to be specified explicitly using 'hibernate.dialect' (remove the property setting and it will be selected by default)
2025-09-11 10:23:19 [main] INFO  o.hibernate.orm.connections.pooling - HHH10001005: Database info:
	Database JDBC URL [Connecting through datasource 'HikariDataSource (HikariPool-1)']
	Database driver: undefined/unknown
	Database version: 17.5
	Autocommit mode: undefined/unknown
	Isolation level: undefined/unknown
	Minimum pool size: undefined/unknown
	Maximum pool size: undefined/unknown
2025-09-11 10:23:22 [main] INFO  o.h.e.t.j.p.i.JtaPlatformInitiator - HHH000489: No JTA platform available (set 'hibernate.transaction.jta.platform' to enable JTA platform integration)
2025-09-11 10:23:22 [main] INFO  o.s.o.j.LocalContainerEntityManagerFactoryBean - Initialized JPA EntityManagerFactory for persistence unit 'default'
2025-09-11 10:23:23 [main] INFO  o.s.d.j.r.query.QueryEnhancerFactory - Hibernate is in classpath; If applicable, HQL parser will be used.
2025-09-11 10:23:25 [main] INFO  o.s.s.c.a.a.c.InitializeAuthenticationProviderBeanManagerConfigurer$InitializeAuthenticationProviderManagerConfigurer - Global AuthenticationManager configured with AuthenticationProvider bean with name customAuthenticationProvider
2025-09-11 10:23:25 [main] WARN  o.s.s.c.a.a.c.InitializeUserDetailsBeanManagerConfigurer$InitializeUserDetailsManagerConfigurer - Global AuthenticationManager configured with an AuthenticationProvider bean. UserDetailsService beans will not be used by Spring Security for automatically configuring username/password login. Consider removing the AuthenticationProvider bean. Alternatively, consider using the UserDetailsService in a manually instantiated DaoAuthenticationProvider. If the current configuration is intentional, to turn off this warning, increase the logging level of 'org.springframework.security.config.annotation.authentication.configuration.InitializeUserDetailsBeanManagerConfigurer' to ERROR
2025-09-11 10:23:25 [main] WARN  o.s.b.a.o.j.JpaBaseConfiguration$JpaWebConfiguration - spring.jpa.open-in-view is enabled by default. Therefore, database queries may be performed during view rendering. Explicitly configure spring.jpa.open-in-view to disable this warning
2025-09-11 10:23:26 [main] INFO  o.s.b.a.e.web.EndpointLinksResolver - Exposing 1 endpoint beneath base path '/actuator'
2025-09-11 10:23:27 [main] INFO  o.a.coyote.http11.Http11NioProtocol - Starting ProtocolHandler ["http-nio-7775"]
2025-09-11 10:23:27 [main] INFO  o.s.b.w.e.tomcat.TomcatWebServer - Tomcat started on port 7775 (http) with context path '/'
2025-09-11 10:23:27 [main] INFO  a.c.q.QwiseDemoAppApplication - Started QwiseDemoAppApplication in 16.679 seconds (process running for 17.821)
2025-09-11 10:24:10 [http-nio-7775-exec-1] INFO  o.a.c.c.C.[Tomcat].[localhost].[/] - Initializing Spring DispatcherServlet 'dispatcherServlet'
2025-09-11 10:24:10 [http-nio-7775-exec-1] INFO  o.s.web.servlet.DispatcherServlet - Initializing Servlet 'dispatcherServlet'
2025-09-11 10:24:10 [http-nio-7775-exec-1] INFO  o.s.web.servlet.DispatcherServlet - Completed initialization in 2 ms
2025-09-11 10:24:10 [http-nio-7775-exec-1] INFO  a.c.qwisedemoapp.filter.JwtFilter - Auth header: Bearer eyJhbGciOiJSUzI1NiJ9.eyJyb2xlcyI6WyJST0xFX0FETUlOIl0sImVtYWlsIjoiYXNpbXBlbmFob3Y4QGdtYWlsLmNvbSIsInN1YiI6ImFzaW1wZW5haG92OEBnbWFpbC5jb20iLCJpYXQiOjE3NTc1ODU0MTgsImV4cCI6MTc1NzU4OTAxOH0.ePDqqdEKUbVNd2nbXGmzjTFkbi5YEDZoKrNUS5FJE2U4hwQoMjoGgDD2j0fSuHn2XGxBQOnjOQm4R1zqa8C_fUvbrrrK_uP1ZwGaDqwpQGm1ZmQe-P4rxisw2KWyPy_rquT2fPuXEzKHYKnxIt6zOGR994QmS02wWWZz0viK26bPY0QDoGjmga30OS-0pg2GhTIB9Ts04xSPgQxmwWqXgA5SjqW6iEJC3i1iJEr6Rc8uyKzhj9_wHC2KqGvGySRW7ihKoFzXZq0xm2lU9NrcXJucRmwVH9TqXDbYlizI3zJrXkZyLkHH3lpbPTvIg3WNQdPYFDjx8lx-D5K_c3ukmQ
2025-09-11 10:24:10 [http-nio-7775-exec-1] INFO  a.c.qwisedemoapp.filter.JwtFilter - Extracted username from JWT: asimpenahov8@gmail.com
2025-09-11 10:24:10 [http-nio-7775-exec-1] INFO  a.c.qwisedemoapp.filter.JwtFilter - Current authentication: UsernamePasswordAuthenticationToken [Principal=az.company.qwisedemoapp.domain.entity.UserPrincipal@5e47271e, Credentials=[PROTECTED], Authenticated=true, Details=WebAuthenticationDetails [RemoteIpAddress=172.19.0.1, SessionId=null], Granted Authorities=[ROLE_ADMIN]]
2025-09-11 10:24:26 [http-nio-7775-exec-3] INFO  a.c.qwisedemoapp.filter.JwtFilter - Auth header: Bearer eyJhbGciOiJSUzI1NiJ9.eyJyb2xlcyI6WyJST0xFX0FETUlOIl0sImVtYWlsIjoiYXNpbXBlbmFob3Y4QGdtYWlsLmNvbSIsInN1YiI6ImFzaW1wZW5haG92OEBnbWFpbC5jb20iLCJpYXQiOjE3NTc1ODU0MTgsImV4cCI6MTc1NzU4OTAxOH0.ePDqqdEKUbVNd2nbXGmzjTFkbi5YEDZoKrNUS5FJE2U4hwQoMjoGgDD2j0fSuHn2XGxBQOnjOQm4R1zqa8C_fUvbrrrK_uP1ZwGaDqwpQGm1ZmQe-P4rxisw2KWyPy_rquT2fPuXEzKHYKnxIt6zOGR994QmS02wWWZz0viK26bPY0QDoGjmga30OS-0pg2GhTIB9Ts04xSPgQxmwWqXgA5SjqW6iEJC3i1iJEr6Rc8uyKzhj9_wHC2KqGvGySRW7ihKoFzXZq0xm2lU9NrcXJucRmwVH9TqXDbYlizI3zJrXkZyLkHH3lpbPTvIg3WNQdPYFDjx8lx-D5K_c3ukmQ
2025-09-11 10:24:26 [http-nio-7775-exec-3] INFO  a.c.qwisedemoapp.filter.JwtFilter - Extracted username from JWT: asimpenahov8@gmail.com
2025-09-11 10:24:26 [http-nio-7775-exec-3] INFO  a.c.qwisedemoapp.filter.JwtFilter - Current authentication: UsernamePasswordAuthenticationToken [Principal=az.company.qwisedemoapp.domain.entity.UserPrincipal@500ce4a0, Credentials=[PROTECTED], Authenticated=true, Details=WebAuthenticationDetails [RemoteIpAddress=172.19.0.1, SessionId=null], Granted Authorities=[ROLE_ADMIN]]
2025-09-11 10:24:34 [http-nio-7775-exec-4] INFO  a.c.qwisedemoapp.filter.JwtFilter - Auth header: Bearer eyJhbGciOiJSUzI1NiJ9.eyJyb2xlcyI6WyJST0xFX0FETUlOIl0sImVtYWlsIjoiYXNpbXBlbmFob3Y4QGdtYWlsLmNvbSIsInN1YiI6ImFzaW1wZW5haG92OEBnbWFpbC5jb20iLCJpYXQiOjE3NTc1ODU0MTgsImV4cCI6MTc1NzU4OTAxOH0.ePDqqdEKUbVNd2nbXGmzjTFkbi5YEDZoKrNUS5FJE2U4hwQoMjoGgDD2j0fSuHn2XGxBQOnjOQm4R1zqa8C_fUvbrrrK_uP1ZwGaDqwpQGm1ZmQe-P4rxisw2KWyPy_rquT2fPuXEzKHYKnxIt6zOGR994QmS02wWWZz0viK26bPY0QDoGjmga30OS-0pg2GhTIB9Ts04xSPgQxmwWqXgA5SjqW6iEJC3i1iJEr6Rc8uyKzhj9_wHC2KqGvGySRW7ihKoFzXZq0xm2lU9NrcXJucRmwVH9TqXDbYlizI3zJrXkZyLkHH3lpbPTvIg3WNQdPYFDjx8lx-D5K_c3ukmQ
2025-09-11 10:24:34 [http-nio-7775-exec-4] INFO  a.c.qwisedemoapp.filter.JwtFilter - Extracted username from JWT: asimpenahov8@gmail.com
2025-09-11 10:24:34 [http-nio-7775-exec-4] INFO  a.c.qwisedemoapp.filter.JwtFilter - Current authentication: UsernamePasswordAuthenticationToken [Principal=az.company.qwisedemoapp.domain.entity.UserPrincipal@118a5b99, Credentials=[PROTECTED], Authenticated=true, Details=WebAuthenticationDetails [RemoteIpAddress=172.19.0.1, SessionId=null], Granted Authorities=[ROLE_ADMIN]]
2025-09-11 10:24:34 [http-nio-7775-exec-4] WARN  o.s.w.s.m.m.a.ExceptionHandlerExceptionResolver - Failure in @ExceptionHandler az.company.qwisedemoapp.exception.GlobalExceptionHandler#handleException(MultipartException)
java.lang.IllegalStateException: Could not resolve parameter [0] in public org.springframework.http.ResponseEntity<az.company.qwisedemoapp.exception.GlobalErrorResponse> az.company.qwisedemoapp.exception.GlobalExceptionHandler.handleException(org.springframework.web.multipart.MultipartException): No suitable resolver
	at org.springframework.web.method.support.InvocableHandlerMethod.getMethodArgumentValues(InvocableHandlerMethod.java:224)
	at org.springframework.web.method.support.InvocableHandlerMethod.invokeForRequest(InvocableHandlerMethod.java:181)
	at org.springframework.web.servlet.mvc.method.annotation.ServletInvocableHandlerMethod.invokeAndHandle(ServletInvocableHandlerMethod.java:118)
	at org.springframework.web.servlet.mvc.method.annotation.ExceptionHandlerExceptionResolver.doResolveHandlerMethodException(ExceptionHandlerExceptionResolver.java:471)
	at org.springframework.web.servlet.handler.AbstractHandlerMethodExceptionResolver.doResolveException(AbstractHandlerMethodExceptionResolver.java:73)
	at org.springframework.web.servlet.handler.AbstractHandlerExceptionResolver.resolveException(AbstractHandlerExceptionResolver.java:182)
	at org.springframework.web.servlet.handler.HandlerExceptionResolverComposite.resolveException(HandlerExceptionResolverComposite.java:80)
	at org.springframework.web.servlet.DispatcherServlet.processHandlerException(DispatcherServlet.java:1360)
	at org.springframework.web.servlet.DispatcherServlet.processDispatchResult(DispatcherServlet.java:1161)
	at org.springframework.web.servlet.DispatcherServlet.doDispatch(DispatcherServlet.java:1106)
	at org.springframework.web.servlet.DispatcherServlet.doService(DispatcherServlet.java:979)
	at org.springframework.web.servlet.FrameworkServlet.processRequest(FrameworkServlet.java:1014)
	at org.springframework.web.servlet.FrameworkServlet.doGet(FrameworkServlet.java:903)
	at jakarta.servlet.http.HttpServlet.service(HttpServlet.java:564)
	at org.springframework.web.servlet.FrameworkServlet.service(FrameworkServlet.java:885)
	at jakarta.servlet.http.HttpServlet.service(HttpServlet.java:658)
	at org.apache.catalina.core.ApplicationFilterChain.internalDoFilter(ApplicationFilterChain.java:195)
	at org.apache.catalina.core.ApplicationFilterChain.doFilter(ApplicationFilterChain.java:140)
	at org.apache.tomcat.websocket.server.WsFilter.doFilter(WsFilter.java:51)
	at org.apache.catalina.core.ApplicationFilterChain.internalDoFilter(ApplicationFilterChain.java:164)
	at org.apache.catalina.core.ApplicationFilterChain.doFilter(ApplicationFilterChain.java:140)
	at org.springframework.web.filter.OncePerRequestFilter.doFilter(OncePerRequestFilter.java:110)
	at org.apache.catalina.core.ApplicationFilterChain.internalDoFilter(ApplicationFilterChain.java:164)
	at org.apache.catalina.core.ApplicationFilterChain.doFilter(ApplicationFilterChain.java:140)
	at org.springframework.web.filter.CompositeFilter$VirtualFilterChain.doFilter(CompositeFilter.java:108)
	at org.springframework.web.filter.CompositeFilter$VirtualFilterChain.doFilter(CompositeFilter.java:108)
	at org.springframework.security.web.FilterChainProxy.lambda$doFilterInternal$3(FilterChainProxy.java:231)
	at org.springframework.security.web.ObservationFilterChainDecorator$FilterObservation$SimpleFilterObservation.lambda$wrap$1(ObservationFilterChainDecorator.java:479)
	at org.springframework.security.web.ObservationFilterChainDecorator$AroundFilterObservation$SimpleAroundFilterObservation.lambda$wrap$1(ObservationFilterChainDecorator.java:340)
	at org.springframework.security.web.ObservationFilterChainDecorator.lambda$wrapSecured$0(ObservationFilterChainDecorator.java:82)
	at org.springframework.security.web.ObservationFilterChainDecorator$VirtualFilterChain.doFilter(ObservationFilterChainDecorator.java:128)
	at org.springframework.security.web.access.intercept.AuthorizationFilter.doFilter(AuthorizationFilter.java:101)
	at org.springframework.security.web.ObservationFilterChainDecorator$ObservationFilter.wrapFilter(ObservationFilterChainDecorator.java:240)
	at org.springframework.security.web.ObservationFilterChainDecorator$ObservationFilter.doFilter(ObservationFilterChainDecorator.java:227)
	at org.springframework.security.web.ObservationFilterChainDecorator$VirtualFilterChain.doFilter(ObservationFilterChainDecorator.java:137)
	at org.springframework.security.web.access.ExceptionTranslationFilter.doFilter(ExceptionTranslationFilter.java:125)
	at org.springframework.security.web.access.ExceptionTranslationFilter.doFilter(ExceptionTranslationFilter.java:119)
	at org.springframework.security.web.ObservationFilterChainDecorator$ObservationFilter.wrapFilter(ObservationFilterChainDecorator.java:240)
	at org.springframework.security.web.ObservationFilterChainDecorator$ObservationFilter.doFilter(ObservationFilterChainDecorator.java:227)
	at org.springframework.security.web.ObservationFilterChainDecorator$VirtualFilterChain.doFilter(ObservationFilterChainDecorator.java:137)
	at org.springframework.security.web.session.SessionManagementFilter.doFilter(SessionManagementFilter.java:131)
	at org.springframework.security.web.session.SessionManagementFilter.doFilter(SessionManagementFilter.java:85)
	at org.springframework.security.web.ObservationFilterChainDecorator$ObservationFilter.wrapFilter(ObservationFilterChainDecorator.java:240)
	at org.springframework.security.web.ObservationFilterChainDecorator$ObservationFilter.doFilter(ObservationFilterChainDecorator.java:227)
	at org.springframework.security.web.ObservationFilterChainDecorator$VirtualFilterChain.doFilter(ObservationFilterChainDecorator.java:137)
	at org.springframework.security.web.authentication.AnonymousAuthenticationFilter.doFilter(AnonymousAuthenticationFilter.java:100)
	at org.springframework.security.web.ObservationFilterChainDecorator$ObservationFilter.wrapFilter(ObservationFilterChainDecorator.java:240)
	at org.springframework.security.web.ObservationFilterChainDecorator$ObservationFilter.doFilter(ObservationFilterChainDecorator.java:227)
	at org.springframework.security.web.ObservationFilterChainDecorator$VirtualFilterChain.doFilter(ObservationFilterChainDecorator.java:137)
	at org.springframework.security.web.servletapi.SecurityContextHolderAwareRequestFilter.doFilter(SecurityContextHolderAwareRequestFilter.java:179)
	at org.springframework.security.web.ObservationFilterChainDecorator$ObservationFilter.wrapFilter(ObservationFilterChainDecorator.java:240)
	at org.springframework.security.web.ObservationFilterChainDecorator$ObservationFilter.doFilter(ObservationFilterChainDecorator.java:227)
	at org.springframework.security.web.ObservationFilterChainDecorator$VirtualFilterChain.doFilter(ObservationFilterChainDecorator.java:137)
	at org.springframework.security.web.savedrequest.RequestCacheAwareFilter.doFilter(RequestCacheAwareFilter.java:63)
	at org.springframework.security.web.ObservationFilterChainDecorator$ObservationFilter.wrapFilter(ObservationFilterChainDecorator.java:240)
	at org.springframework.security.web.ObservationFilterChainDecorator$ObservationFilter.doFilter(ObservationFilterChainDecorator.java:227)
	at org.springframework.security.web.ObservationFilterChainDecorator$VirtualFilterChain.doFilter(ObservationFilterChainDecorator.java:137)
	at org.springframework.security.web.authentication.ui.DefaultLogoutPageGeneratingFilter.doFilterInternal(DefaultLogoutPageGeneratingFilter.java:59)
	at org.springframework.web.filter.OncePerRequestFilter.doFilter(OncePerRequestFilter.java:116)
	at org.springframework.security.web.ObservationFilterChainDecorator$ObservationFilter.wrapFilter(ObservationFilterChainDecorator.java:240)
	at org.springframework.security.web.ObservationFilterChainDecorator$ObservationFilter.doFilter(ObservationFilterChainDecorator.java:227)
	at org.springframework.security.web.ObservationFilterChainDecorator$VirtualFilterChain.doFilter(ObservationFilterChainDecorator.java:137)
	at org.springframework.security.web.authentication.ui.DefaultLoginPageGeneratingFilter.doFilter(DefaultLoginPageGeneratingFilter.java:216)
	at org.springframework.security.web.authentication.ui.DefaultLoginPageGeneratingFilter.doFilter(DefaultLoginPageGeneratingFilter.java:202)
	at org.springframework.security.web.ObservationFilterChainDecorator$ObservationFilter.wrapFilter(ObservationFilterChainDecorator.java:240)
	at org.springframework.security.web.ObservationFilterChainDecorator$ObservationFilter.doFilter(ObservationFilterChainDecorator.java:227)
	at org.springframework.security.web.ObservationFilterChainDecorator$VirtualFilterChain.doFilter(ObservationFilterChainDecorator.java:137)
	at org.springframework.security.web.authentication.ui.DefaultResourcesFilter.doFilter(DefaultResourcesFilter.java:72)
	at org.springframework.security.web.ObservationFilterChainDecorator$ObservationFilter.wrapFilter(ObservationFilterChainDecorator.java:240)
	at org.springframework.security.web.ObservationFilterChainDecorator$ObservationFilter.doFilter(ObservationFilterChainDecorator.java:227)
	at org.springframework.security.web.ObservationFilterChainDecorator$VirtualFilterChain.doFilter(ObservationFilterChainDecorator.java:137)
	at az.company.qwisedemoapp.filter.JwtFilter.doFilterInternal(JwtFilter.java:57)
	at org.springframework.web.filter.OncePerRequestFilter.doFilter(OncePerRequestFilter.java:116)
	at org.springframework.security.web.ObservationFilterChainDecorator$ObservationFilter.wrapFilter(ObservationFilterChainDecorator.java:240)
	at org.springframework.security.web.ObservationFilterChainDecorator$ObservationFilter.doFilter(ObservationFilterChainDecorator.java:227)
	at org.springframework.security.web.ObservationFilterChainDecorator$VirtualFilterChain.doFilter(ObservationFilterChainDecorator.java:137)
	at org.springframework.security.web.authentication.AbstractAuthenticationProcessingFilter.doFilter(AbstractAuthenticationProcessingFilter.java:235)
	at org.springframework.security.web.authentication.AbstractAuthenticationProcessingFilter.doFilter(AbstractAuthenticationProcessingFilter.java:229)
	at org.springframework.security.web.ObservationFilterChainDecorator$ObservationFilter.wrapFilter(ObservationFilterChainDecorator.java:240)
	at org.springframework.security.web.ObservationFilterChainDecorator$ObservationFilter.doFilter(ObservationFilterChainDecorator.java:227)
	at org.springframework.security.web.ObservationFilterChainDecorator$VirtualFilterChain.doFilter(ObservationFilterChainDecorator.java:137)
	at org.springframework.security.oauth2.client.web.OAuth2AuthorizationRequestRedirectFilter.doFilterInternal(OAuth2AuthorizationRequestRedirectFilter.java:198)
	at org.springframework.web.filter.OncePerRequestFilter.doFilter(OncePerRequestFilter.java:116)
	at org.springframework.security.web.ObservationFilterChainDecorator$ObservationFilter.wrapFilter(ObservationFilterChainDecorator.java:240)
	at org.springframework.security.web.ObservationFilterChainDecorator$ObservationFilter.doFilter(ObservationFilterChainDecorator.java:227)
	at org.springframework.security.web.ObservationFilterChainDecorator$VirtualFilterChain.doFilter(ObservationFilterChainDecorator.java:137)
	at org.springframework.security.web.authentication.logout.LogoutFilter.doFilter(LogoutFilter.java:107)
	at org.springframework.security.web.authentication.logout.LogoutFilter.doFilter(LogoutFilter.java:93)
	at org.springframework.security.web.ObservationFilterChainDecorator$ObservationFilter.wrapFilter(ObservationFilterChainDecorator.java:240)
	at org.springframework.security.web.ObservationFilterChainDecorator$ObservationFilter.doFilter(ObservationFilterChainDecorator.java:227)
	at org.springframework.security.web.ObservationFilterChainDecorator$VirtualFilterChain.doFilter(ObservationFilterChainDecorator.java:137)
	at org.springframework.security.web.header.HeaderWriterFilter.doHeadersAfter(HeaderWriterFilter.java:90)
	at org.springframework.security.web.header.HeaderWriterFilter.doFilterInternal(HeaderWriterFilter.java:75)
	at org.springframework.web.filter.OncePerRequestFilter.doFilter(OncePerRequestFilter.java:116)
	at org.springframework.security.web.ObservationFilterChainDecorator$ObservationFilter.wrapFilter(ObservationFilterChainDecorator.java:240)
	at org.springframework.security.web.ObservationFilterChainDecorator$ObservationFilter.doFilter(ObservationFilterChainDecorator.java:227)
	at org.springframework.security.web.ObservationFilterChainDecorator$VirtualFilterChain.doFilter(ObservationFilterChainDecorator.java:137)
	at org.springframework.security.web.context.SecurityContextHolderFilter.doFilter(SecurityContextHolderFilter.java:82)
	at org.springframework.security.web.context.SecurityContextHolderFilter.doFilter(SecurityContextHolderFilter.java:69)
	at org.springframework.security.web.ObservationFilterChainDecorator$ObservationFilter.wrapFilter(ObservationFilterChainDecorator.java:240)
	at org.springframework.security.web.ObservationFilterChainDecorator$ObservationFilter.doFilter(ObservationFilterChainDecorator.java:227)
	at org.springframework.security.web.ObservationFilterChainDecorator$VirtualFilterChain.doFilter(ObservationFilterChainDecorator.java:137)
	at org.springframework.security.web.context.request.async.WebAsyncManagerIntegrationFilter.doFilterInternal(WebAsyncManagerIntegrationFilter.java:62)
	at org.springframework.web.filter.OncePerRequestFilter.doFilter(OncePerRequestFilter.java:116)
	at org.springframework.security.web.ObservationFilterChainDecorator$ObservationFilter.wrapFilter(ObservationFilterChainDecorator.java:240)
	at org.springframework.security.web.ObservationFilterChainDecorator$ObservationFilter.doFilter(ObservationFilterChainDecorator.java:227)
	at org.springframework.security.web.ObservationFilterChainDecorator$VirtualFilterChain.doFilter(ObservationFilterChainDecorator.java:137)
	at org.springframework.security.web.session.DisableEncodeUrlFilter.doFilterInternal(DisableEncodeUrlFilter.java:42)
	at org.springframework.web.filter.OncePerRequestFilter.doFilter(OncePerRequestFilter.java:116)
	at org.springframework.security.web.ObservationFilterChainDecorator$ObservationFilter.wrapFilter(ObservationFilterChainDecorator.java:240)
	at org.springframework.security.web.ObservationFilterChainDecorator$AroundFilterObservation$SimpleAroundFilterObservation.lambda$wrap$0(ObservationFilterChainDecorator.java:323)
	at org.springframework.security.web.ObservationFilterChainDecorator$ObservationFilter.doFilter(ObservationFilterChainDecorator.java:224)
	at org.springframework.security.web.ObservationFilterChainDecorator$VirtualFilterChain.doFilter(ObservationFilterChainDecorator.java:137)
	at org.springframework.security.web.FilterChainProxy.doFilterInternal(FilterChainProxy.java:233)
	at org.springframework.security.web.FilterChainProxy.doFilter(FilterChainProxy.java:191)
	at org.springframework.web.filter.CompositeFilter$VirtualFilterChain.doFilter(CompositeFilter.java:113)
	at org.springframework.web.filter.ServletRequestPathFilter.doFilter(ServletRequestPathFilter.java:52)
	at org.springframework.web.filter.CompositeFilter$VirtualFilterChain.doFilter(CompositeFilter.java:113)
	at org.springframework.web.filter.CompositeFilter.doFilter(CompositeFilter.java:74)
	at org.springframework.security.config.annotation.web.configuration.WebSecurityConfiguration$CompositeFilterChainProxy.doFilter(WebSecurityConfiguration.java:319)
	at org.springframework.web.filter.CompositeFilter$VirtualFilterChain.doFilter(CompositeFilter.java:113)
	at org.springframework.web.servlet.handler.HandlerMappingIntrospector.lambda$createCacheFilter$4(HandlerMappingIntrospector.java:267)
	at org.springframework.web.filter.CompositeFilter$VirtualFilterChain.doFilter(CompositeFilter.java:113)
	at org.springframework.web.filter.CompositeFilter.doFilter(CompositeFilter.java:74)
	at org.springframework.security.config.annotation.web.configuration.WebMvcSecurityConfiguration$CompositeFilterChainProxy.doFilter(WebMvcSecurityConfiguration.java:240)
	at org.springframework.web.filter.DelegatingFilterProxy.invokeDelegate(DelegatingFilterProxy.java:362)
	at org.springframework.web.filter.DelegatingFilterProxy.doFilter(DelegatingFilterProxy.java:278)
	at org.apache.catalina.core.ApplicationFilterChain.internalDoFilter(ApplicationFilterChain.java:164)
	at org.apache.catalina.core.ApplicationFilterChain.doFilter(ApplicationFilterChain.java:140)
	at org.springframework.web.filter.RequestContextFilter.doFilterInternal(RequestContextFilter.java:100)
	at org.springframework.web.filter.OncePerRequestFilter.doFilter(OncePerRequestFilter.java:116)
	at org.apache.catalina.core.ApplicationFilterChain.internalDoFilter(ApplicationFilterChain.java:164)
	at org.apache.catalina.core.ApplicationFilterChain.doFilter(ApplicationFilterChain.java:140)
	at org.springframework.web.filter.FormContentFilter.doFilterInternal(FormContentFilter.java:93)
	at org.springframework.web.filter.OncePerRequestFilter.doFilter(OncePerRequestFilter.java:116)
	at org.apache.catalina.core.ApplicationFilterChain.internalDoFilter(ApplicationFilterChain.java:164)
	at org.apache.catalina.core.ApplicationFilterChain.doFilter(ApplicationFilterChain.java:140)
	at org.springframework.web.filter.ServerHttpObservationFilter.doFilterInternal(ServerHttpObservationFilter.java:110)
	at org.springframework.web.filter.OncePerRequestFilter.doFilter(OncePerRequestFilter.java:116)
	at org.apache.catalina.core.ApplicationFilterChain.internalDoFilter(ApplicationFilterChain.java:164)
	at org.apache.catalina.core.ApplicationFilterChain.doFilter(ApplicationFilterChain.java:140)
	at org.springframework.web.filter.CharacterEncodingFilter.doFilterInternal(CharacterEncodingFilter.java:201)
	at org.springframework.web.filter.OncePerRequestFilter.doFilter(OncePerRequestFilter.java:116)
	at org.apache.catalina.core.ApplicationFilterChain.internalDoFilter(ApplicationFilterChain.java:164)
	at org.apache.catalina.core.ApplicationFilterChain.doFilter(ApplicationFilterChain.java:140)
	at org.apache.catalina.core.StandardWrapperValve.invoke(StandardWrapperValve.java:167)
	at org.apache.catalina.core.StandardContextValve.invoke(StandardContextValve.java:90)
	at org.apache.catalina.authenticator.AuthenticatorBase.invoke(AuthenticatorBase.java:483)
	at org.apache.catalina.core.StandardHostValve.invoke(StandardHostValve.java:116)
	at org.apache.catalina.valves.ErrorReportValve.invoke(ErrorReportValve.java:93)
	at org.apache.catalina.core.StandardEngineValve.invoke(StandardEngineValve.java:74)
	at org.apache.catalina.connector.CoyoteAdapter.service(CoyoteAdapter.java:344)
	at org.apache.coyote.http11.Http11Processor.service(Http11Processor.java:398)
	at org.apache.coyote.AbstractProcessorLight.process(AbstractProcessorLight.java:63)
	at org.apache.coyote.AbstractProtocol$ConnectionHandler.process(AbstractProtocol.java:903)
	at org.apache.tomcat.util.net.NioEndpoint$SocketProcessor.doRun(NioEndpoint.java:1769)
	at org.apache.tomcat.util.net.SocketProcessorBase.run(SocketProcessorBase.java:52)
	at org.apache.tomcat.util.threads.ThreadPoolExecutor.runWorker(ThreadPoolExecutor.java:1189)
	at org.apache.tomcat.util.threads.ThreadPoolExecutor$Worker.run(ThreadPoolExecutor.java:658)
	at org.apache.tomcat.util.threads.TaskThread$WrappingRunnable.run(TaskThread.java:63)
	at java.base/java.lang.Thread.run(Thread.java:1583)
2025-09-11 10:33:24 [background-preinit] INFO  o.h.validator.internal.util.Version - HV000001: Hibernate Validator 8.0.2.Final
2025-09-11 10:33:25 [main] INFO  a.c.q.QwiseDemoAppApplication - Starting QwiseDemoAppApplication v1.0.0 using Java 21 with PID 1 (/app/app.jar started by root in /app)
2025-09-11 10:33:25 [main] INFO  a.c.q.QwiseDemoAppApplication - No active profile set, falling back to 1 default profile: "default"
2025-09-11 10:33:26 [main] INFO  o.s.d.r.c.RepositoryConfigurationDelegate - Bootstrapping Spring Data JPA repositories in DEFAULT mode.
2025-09-11 10:33:26 [main] INFO  o.s.d.r.c.RepositoryConfigurationDelegate - Finished Spring Data repository scanning in 126 ms. Found 6 JPA repository interfaces.
2025-09-11 10:33:28 [main] INFO  o.s.b.w.e.tomcat.TomcatWebServer - Tomcat initialized with port 7775 (http)
2025-09-11 10:33:28 [main] INFO  o.a.coyote.http11.Http11NioProtocol - Initializing ProtocolHandler ["http-nio-7775"]
2025-09-11 10:33:28 [main] INFO  o.a.catalina.core.StandardService - Starting service [Tomcat]
2025-09-11 10:33:28 [main] INFO  o.a.catalina.core.StandardEngine - Starting Servlet engine: [Apache Tomcat/10.1.43]
2025-09-11 10:33:28 [main] INFO  o.a.c.c.C.[Tomcat].[localhost].[/] - Initializing Spring embedded WebApplicationContext
2025-09-11 10:33:28 [main] INFO  o.s.b.w.s.c.ServletWebServerApplicationContext - Root WebApplicationContext: initialization completed in 3640 ms
2025-09-11 10:33:29 [main] INFO  o.h.jpa.internal.util.LogHelper - HHH000204: Processing PersistenceUnitInfo [name: default]
2025-09-11 10:33:29 [main] INFO  org.hibernate.Version - HHH000412: Hibernate ORM core version 6.6.22.Final
2025-09-11 10:33:29 [main] INFO  o.h.c.i.RegionFactoryInitiator - HHH000026: Second-level cache disabled
2025-09-11 10:33:30 [main] INFO  o.s.o.j.p.SpringPersistenceUnitInfo - No LoadTimeWeaver setup: ignoring JPA class transformer
2025-09-11 10:33:30 [main] INFO  com.zaxxer.hikari.HikariDataSource - HikariPool-1 - Starting...
2025-09-11 10:33:30 [main] INFO  com.zaxxer.hikari.pool.HikariPool - HikariPool-1 - Added connection org.postgresql.jdbc.PgConnection@1e1598e5
2025-09-11 10:33:30 [main] INFO  com.zaxxer.hikari.HikariDataSource - HikariPool-1 - Start completed.
2025-09-11 10:33:30 [main] WARN  org.hibernate.orm.deprecation - HHH90000025: PostgreSQLDialect does not need to be specified explicitly using 'hibernate.dialect' (remove the property setting and it will be selected by default)
2025-09-11 10:33:30 [main] INFO  o.hibernate.orm.connections.pooling - HHH10001005: Database info:
	Database JDBC URL [Connecting through datasource 'HikariDataSource (HikariPool-1)']
	Database driver: undefined/unknown
	Database version: 17.5
	Autocommit mode: undefined/unknown
	Isolation level: undefined/unknown
	Minimum pool size: undefined/unknown
	Maximum pool size: undefined/unknown
2025-09-11 10:33:32 [main] INFO  o.h.e.t.j.p.i.JtaPlatformInitiator - HHH000489: No JTA platform available (set 'hibernate.transaction.jta.platform' to enable JTA platform integration)
2025-09-11 10:33:33 [main] INFO  o.s.o.j.LocalContainerEntityManagerFactoryBean - Initialized JPA EntityManagerFactory for persistence unit 'default'
2025-09-11 10:33:35 [main] INFO  o.s.d.j.r.query.QueryEnhancerFactory - Hibernate is in classpath; If applicable, HQL parser will be used.
2025-09-11 10:33:36 [main] INFO  o.s.s.c.a.a.c.InitializeAuthenticationProviderBeanManagerConfigurer$InitializeAuthenticationProviderManagerConfigurer - Global AuthenticationManager configured with AuthenticationProvider bean with name customAuthenticationProvider
2025-09-11 10:33:36 [main] WARN  o.s.s.c.a.a.c.InitializeUserDetailsBeanManagerConfigurer$InitializeUserDetailsManagerConfigurer - Global AuthenticationManager configured with an AuthenticationProvider bean. UserDetailsService beans will not be used by Spring Security for automatically configuring username/password login. Consider removing the AuthenticationProvider bean. Alternatively, consider using the UserDetailsService in a manually instantiated DaoAuthenticationProvider. If the current configuration is intentional, to turn off this warning, increase the logging level of 'org.springframework.security.config.annotation.authentication.configuration.InitializeUserDetailsBeanManagerConfigurer' to ERROR
2025-09-11 10:33:36 [main] WARN  o.s.b.a.o.j.JpaBaseConfiguration$JpaWebConfiguration - spring.jpa.open-in-view is enabled by default. Therefore, database queries may be performed during view rendering. Explicitly configure spring.jpa.open-in-view to disable this warning
2025-09-11 10:33:37 [main] INFO  o.s.b.a.e.web.EndpointLinksResolver - Exposing 1 endpoint beneath base path '/actuator'
2025-09-11 10:33:38 [main] INFO  o.a.coyote.http11.Http11NioProtocol - Starting ProtocolHandler ["http-nio-7775"]
2025-09-11 10:33:38 [main] INFO  o.s.b.w.e.tomcat.TomcatWebServer - Tomcat started on port 7775 (http) with context path '/'
2025-09-11 10:33:38 [main] INFO  a.c.q.QwiseDemoAppApplication - Started QwiseDemoAppApplication in 14.873 seconds (process running for 15.741)
2025-09-11 10:34:28 [http-nio-7775-exec-1] INFO  o.a.c.c.C.[Tomcat].[localhost].[/] - Initializing Spring DispatcherServlet 'dispatcherServlet'
2025-09-11 10:34:28 [http-nio-7775-exec-1] INFO  o.s.web.servlet.DispatcherServlet - Initializing Servlet 'dispatcherServlet'
2025-09-11 10:34:28 [http-nio-7775-exec-1] INFO  o.s.web.servlet.DispatcherServlet - Completed initialization in 12 ms
2025-09-11 10:34:29 [http-nio-7775-exec-1] INFO  a.c.qwisedemoapp.filter.JwtFilter - Auth header: Bearer eyJhbGciOiJSUzI1NiJ9.eyJyb2xlcyI6WyJST0xFX0FETUlOIl0sImVtYWlsIjoiYXNpbXBlbmFob3Y4QGdtYWlsLmNvbSIsInN1YiI6ImFzaW1wZW5haG92OEBnbWFpbC5jb20iLCJpYXQiOjE3NTc1ODU0MTgsImV4cCI6MTc1NzU4OTAxOH0.ePDqqdEKUbVNd2nbXGmzjTFkbi5YEDZoKrNUS5FJE2U4hwQoMjoGgDD2j0fSuHn2XGxBQOnjOQm4R1zqa8C_fUvbrrrK_uP1ZwGaDqwpQGm1ZmQe-P4rxisw2KWyPy_rquT2fPuXEzKHYKnxIt6zOGR994QmS02wWWZz0viK26bPY0QDoGjmga30OS-0pg2GhTIB9Ts04xSPgQxmwWqXgA5SjqW6iEJC3i1iJEr6Rc8uyKzhj9_wHC2KqGvGySRW7ihKoFzXZq0xm2lU9NrcXJucRmwVH9TqXDbYlizI3zJrXkZyLkHH3lpbPTvIg3WNQdPYFDjx8lx-D5K_c3ukmQ
2025-09-11 10:34:29 [http-nio-7775-exec-1] INFO  a.c.qwisedemoapp.filter.JwtFilter - Extracted username from JWT: asimpenahov8@gmail.com
2025-09-11 10:34:29 [http-nio-7775-exec-1] INFO  a.c.qwisedemoapp.filter.JwtFilter - Current authentication: UsernamePasswordAuthenticationToken [Principal=az.company.qwisedemoapp.domain.entity.UserPrincipal@5a56df7, Credentials=[PROTECTED], Authenticated=true, Details=WebAuthenticationDetails [RemoteIpAddress=172.19.0.1, SessionId=null], Granted Authorities=[ROLE_ADMIN]]
2025-09-11 10:35:56 [http-nio-7775-exec-4] INFO  a.c.qwisedemoapp.filter.JwtFilter - Auth header: Bearer eyJhbGciOiJSUzI1NiJ9.eyJyb2xlcyI6WyJST0xFX0FETUlOIl0sImVtYWlsIjoiYXNpbXBlbmFob3Y4QGdtYWlsLmNvbSIsInN1YiI6ImFzaW1wZW5haG92OEBnbWFpbC5jb20iLCJpYXQiOjE3NTc1ODU0MTgsImV4cCI6MTc1NzU4OTAxOH0.ePDqqdEKUbVNd2nbXGmzjTFkbi5YEDZoKrNUS5FJE2U4hwQoMjoGgDD2j0fSuHn2XGxBQOnjOQm4R1zqa8C_fUvbrrrK_uP1ZwGaDqwpQGm1ZmQe-P4rxisw2KWyPy_rquT2fPuXEzKHYKnxIt6zOGR994QmS02wWWZz0viK26bPY0QDoGjmga30OS-0pg2GhTIB9Ts04xSPgQxmwWqXgA5SjqW6iEJC3i1iJEr6Rc8uyKzhj9_wHC2KqGvGySRW7ihKoFzXZq0xm2lU9NrcXJucRmwVH9TqXDbYlizI3zJrXkZyLkHH3lpbPTvIg3WNQdPYFDjx8lx-D5K_c3ukmQ
2025-09-11 10:35:56 [http-nio-7775-exec-4] INFO  a.c.qwisedemoapp.filter.JwtFilter - Extracted username from JWT: asimpenahov8@gmail.com
2025-09-11 10:35:56 [http-nio-7775-exec-4] INFO  a.c.qwisedemoapp.filter.JwtFilter - Current authentication: UsernamePasswordAuthenticationToken [Principal=az.company.qwisedemoapp.domain.entity.UserPrincipal@50b9b9d9, Credentials=[PROTECTED], Authenticated=true, Details=WebAuthenticationDetails [RemoteIpAddress=172.19.0.1, SessionId=null], Granted Authorities=[ROLE_ADMIN]]
2025-09-11 10:36:02 [http-nio-7775-exec-6] INFO  a.c.qwisedemoapp.filter.JwtFilter - Auth header: Bearer eyJhbGciOiJSUzI1NiJ9.eyJyb2xlcyI6WyJST0xFX0FETUlOIl0sImVtYWlsIjoiYXNpbXBlbmFob3Y4QGdtYWlsLmNvbSIsInN1YiI6ImFzaW1wZW5haG92OEBnbWFpbC5jb20iLCJpYXQiOjE3NTc1ODU0MTgsImV4cCI6MTc1NzU4OTAxOH0.ePDqqdEKUbVNd2nbXGmzjTFkbi5YEDZoKrNUS5FJE2U4hwQoMjoGgDD2j0fSuHn2XGxBQOnjOQm4R1zqa8C_fUvbrrrK_uP1ZwGaDqwpQGm1ZmQe-P4rxisw2KWyPy_rquT2fPuXEzKHYKnxIt6zOGR994QmS02wWWZz0viK26bPY0QDoGjmga30OS-0pg2GhTIB9Ts04xSPgQxmwWqXgA5SjqW6iEJC3i1iJEr6Rc8uyKzhj9_wHC2KqGvGySRW7ihKoFzXZq0xm2lU9NrcXJucRmwVH9TqXDbYlizI3zJrXkZyLkHH3lpbPTvIg3WNQdPYFDjx8lx-D5K_c3ukmQ
2025-09-11 10:36:02 [http-nio-7775-exec-6] INFO  a.c.qwisedemoapp.filter.JwtFilter - Extracted username from JWT: asimpenahov8@gmail.com
2025-09-11 10:36:02 [http-nio-7775-exec-6] INFO  a.c.qwisedemoapp.filter.JwtFilter - Current authentication: UsernamePasswordAuthenticationToken [Principal=az.company.qwisedemoapp.domain.entity.UserPrincipal@14399b5, Credentials=[PROTECTED], Authenticated=true, Details=WebAuthenticationDetails [RemoteIpAddress=172.19.0.1, SessionId=null], Granted Authorities=[ROLE_ADMIN]]
2025-09-11 10:38:10 [http-nio-7775-exec-8] INFO  a.c.qwisedemoapp.filter.JwtFilter - Auth header: Bearer eyJhbGciOiJSUzI1NiJ9.eyJyb2xlcyI6WyJST0xFX0FETUlOIl0sImVtYWlsIjoiYXNpbXBlbmFob3Y4QGdtYWlsLmNvbSIsInN1YiI6ImFzaW1wZW5haG92OEBnbWFpbC5jb20iLCJpYXQiOjE3NTc1ODU0MTgsImV4cCI6MTc1NzU4OTAxOH0.ePDqqdEKUbVNd2nbXGmzjTFkbi5YEDZoKrNUS5FJE2U4hwQoMjoGgDD2j0fSuHn2XGxBQOnjOQm4R1zqa8C_fUvbrrrK_uP1ZwGaDqwpQGm1ZmQe-P4rxisw2KWyPy_rquT2fPuXEzKHYKnxIt6zOGR994QmS02wWWZz0viK26bPY0QDoGjmga30OS-0pg2GhTIB9Ts04xSPgQxmwWqXgA5SjqW6iEJC3i1iJEr6Rc8uyKzhj9_wHC2KqGvGySRW7ihKoFzXZq0xm2lU9NrcXJucRmwVH9TqXDbYlizI3zJrXkZyLkHH3lpbPTvIg3WNQdPYFDjx8lx-D5K_c3ukmQ
2025-09-11 10:38:10 [http-nio-7775-exec-8] INFO  a.c.qwisedemoapp.filter.JwtFilter - Extracted username from JWT: asimpenahov8@gmail.com
2025-09-11 10:38:10 [http-nio-7775-exec-8] INFO  a.c.qwisedemoapp.filter.JwtFilter - Current authentication: UsernamePasswordAuthenticationToken [Principal=az.company.qwisedemoapp.domain.entity.UserPrincipal@75a2ef6c, Credentials=[PROTECTED], Authenticated=true, Details=WebAuthenticationDetails [RemoteIpAddress=172.19.0.1, SessionId=null], Granted Authorities=[ROLE_ADMIN]]
2025-09-11 10:40:14 [background-preinit] INFO  o.h.validator.internal.util.Version - HV000001: Hibernate Validator 8.0.2.Final
2025-09-11 10:40:14 [main] INFO  a.c.q.QwiseDemoAppApplication - Starting QwiseDemoAppApplication v1.0.0 using Java 21 with PID 1 (/app/app.jar started by root in /app)
2025-09-11 10:40:14 [main] INFO  a.c.q.QwiseDemoAppApplication - No active profile set, falling back to 1 default profile: "default"
2025-09-11 10:40:17 [main] INFO  o.s.d.r.c.RepositoryConfigurationDelegate - Bootstrapping Spring Data JPA repositories in DEFAULT mode.
2025-09-11 10:40:17 [main] INFO  o.s.d.r.c.RepositoryConfigurationDelegate - Finished Spring Data repository scanning in 130 ms. Found 6 JPA repository interfaces.
2025-09-11 10:40:19 [main] INFO  o.s.b.w.e.tomcat.TomcatWebServer - Tomcat initialized with port 7775 (http)
2025-09-11 10:40:19 [main] INFO  o.a.coyote.http11.Http11NioProtocol - Initializing ProtocolHandler ["http-nio-7775"]
2025-09-11 10:40:19 [main] INFO  o.a.catalina.core.StandardService - Starting service [Tomcat]
2025-09-11 10:40:19 [main] INFO  o.a.catalina.core.StandardEngine - Starting Servlet engine: [Apache Tomcat/10.1.43]
2025-09-11 10:40:19 [main] INFO  o.a.c.c.C.[Tomcat].[localhost].[/] - Initializing Spring embedded WebApplicationContext
2025-09-11 10:40:19 [main] INFO  o.s.b.w.s.c.ServletWebServerApplicationContext - Root WebApplicationContext: initialization completed in 4138 ms
2025-09-11 10:40:19 [main] INFO  o.h.jpa.internal.util.LogHelper - HHH000204: Processing PersistenceUnitInfo [name: default]
2025-09-11 10:40:19 [main] INFO  org.hibernate.Version - HHH000412: Hibernate ORM core version 6.6.22.Final
2025-09-11 10:40:19 [main] INFO  o.h.c.i.RegionFactoryInitiator - HHH000026: Second-level cache disabled
2025-09-11 10:40:20 [main] INFO  o.s.o.j.p.SpringPersistenceUnitInfo - No LoadTimeWeaver setup: ignoring JPA class transformer
2025-09-11 10:40:20 [main] INFO  com.zaxxer.hikari.HikariDataSource - HikariPool-1 - Starting...
2025-09-11 10:40:20 [main] INFO  com.zaxxer.hikari.pool.HikariPool - HikariPool-1 - Added connection org.postgresql.jdbc.PgConnection@62615be
2025-09-11 10:40:20 [main] INFO  com.zaxxer.hikari.HikariDataSource - HikariPool-1 - Start completed.
2025-09-11 10:40:20 [main] WARN  org.hibernate.orm.deprecation - HHH90000025: PostgreSQLDialect does not need to be specified explicitly using 'hibernate.dialect' (remove the property setting and it will be selected by default)
2025-09-11 10:40:20 [main] INFO  o.hibernate.orm.connections.pooling - HHH10001005: Database info:
	Database JDBC URL [Connecting through datasource 'HikariDataSource (HikariPool-1)']
	Database driver: undefined/unknown
	Database version: 17.5
	Autocommit mode: undefined/unknown
	Isolation level: undefined/unknown
	Minimum pool size: undefined/unknown
	Maximum pool size: undefined/unknown
2025-09-11 10:40:23 [main] INFO  o.h.e.t.j.p.i.JtaPlatformInitiator - HHH000489: No JTA platform available (set 'hibernate.transaction.jta.platform' to enable JTA platform integration)
2025-09-11 10:40:23 [main] INFO  o.s.o.j.LocalContainerEntityManagerFactoryBean - Initialized JPA EntityManagerFactory for persistence unit 'default'
2025-09-11 10:40:24 [main] INFO  o.s.d.j.r.query.QueryEnhancerFactory - Hibernate is in classpath; If applicable, HQL parser will be used.
2025-09-11 10:40:25 [main] INFO  o.s.s.c.a.a.c.InitializeAuthenticationProviderBeanManagerConfigurer$InitializeAuthenticationProviderManagerConfigurer - Global AuthenticationManager configured with AuthenticationProvider bean with name customAuthenticationProvider
2025-09-11 10:40:25 [main] WARN  o.s.s.c.a.a.c.InitializeUserDetailsBeanManagerConfigurer$InitializeUserDetailsManagerConfigurer - Global AuthenticationManager configured with an AuthenticationProvider bean. UserDetailsService beans will not be used by Spring Security for automatically configuring username/password login. Consider removing the AuthenticationProvider bean. Alternatively, consider using the UserDetailsService in a manually instantiated DaoAuthenticationProvider. If the current configuration is intentional, to turn off this warning, increase the logging level of 'org.springframework.security.config.annotation.authentication.configuration.InitializeUserDetailsBeanManagerConfigurer' to ERROR
2025-09-11 10:40:25 [main] WARN  o.s.b.a.o.j.JpaBaseConfiguration$JpaWebConfiguration - spring.jpa.open-in-view is enabled by default. Therefore, database queries may be performed during view rendering. Explicitly configure spring.jpa.open-in-view to disable this warning
2025-09-11 10:40:27 [main] INFO  o.s.b.a.e.web.EndpointLinksResolver - Exposing 1 endpoint beneath base path '/actuator'
2025-09-11 10:40:28 [main] INFO  o.a.coyote.http11.Http11NioProtocol - Starting ProtocolHandler ["http-nio-7775"]
2025-09-11 10:40:28 [main] INFO  o.s.b.w.e.tomcat.TomcatWebServer - Tomcat started on port 7775 (http) with context path '/'
2025-09-11 10:40:28 [main] INFO  a.c.q.QwiseDemoAppApplication - Started QwiseDemoAppApplication in 14.879 seconds (process running for 15.78)
2025-09-11 10:40:35 [http-nio-7775-exec-1] INFO  o.a.c.c.C.[Tomcat].[localhost].[/] - Initializing Spring DispatcherServlet 'dispatcherServlet'
2025-09-11 10:40:35 [http-nio-7775-exec-1] INFO  o.s.web.servlet.DispatcherServlet - Initializing Servlet 'dispatcherServlet'
2025-09-11 10:40:35 [http-nio-7775-exec-1] INFO  o.s.web.servlet.DispatcherServlet - Completed initialization in 6 ms
2025-09-11 10:40:36 [http-nio-7775-exec-1] INFO  a.c.qwisedemoapp.filter.JwtFilter - Auth header: Bearer eyJhbGciOiJSUzI1NiJ9.eyJyb2xlcyI6WyJST0xFX0FETUlOIl0sImVtYWlsIjoiYXNpbXBlbmFob3Y4QGdtYWlsLmNvbSIsInN1YiI6ImFzaW1wZW5haG92OEBnbWFpbC5jb20iLCJpYXQiOjE3NTc1ODU0MTgsImV4cCI6MTc1NzU4OTAxOH0.ePDqqdEKUbVNd2nbXGmzjTFkbi5YEDZoKrNUS5FJE2U4hwQoMjoGgDD2j0fSuHn2XGxBQOnjOQm4R1zqa8C_fUvbrrrK_uP1ZwGaDqwpQGm1ZmQe-P4rxisw2KWyPy_rquT2fPuXEzKHYKnxIt6zOGR994QmS02wWWZz0viK26bPY0QDoGjmga30OS-0pg2GhTIB9Ts04xSPgQxmwWqXgA5SjqW6iEJC3i1iJEr6Rc8uyKzhj9_wHC2KqGvGySRW7ihKoFzXZq0xm2lU9NrcXJucRmwVH9TqXDbYlizI3zJrXkZyLkHH3lpbPTvIg3WNQdPYFDjx8lx-D5K_c3ukmQ
2025-09-11 10:40:36 [http-nio-7775-exec-1] INFO  a.c.qwisedemoapp.filter.JwtFilter - Extracted username from JWT: asimpenahov8@gmail.com
2025-09-11 10:40:36 [http-nio-7775-exec-1] INFO  a.c.qwisedemoapp.filter.JwtFilter - Current authentication: UsernamePasswordAuthenticationToken [Principal=az.company.qwisedemoapp.domain.entity.UserPrincipal@12cf6b69, Credentials=[PROTECTED], Authenticated=true, Details=WebAuthenticationDetails [RemoteIpAddress=172.19.0.1, SessionId=null], Granted Authorities=[ROLE_ADMIN]]
2025-09-11 10:40:43 [http-nio-7775-exec-3] INFO  a.c.qwisedemoapp.filter.JwtFilter - Auth header: Bearer eyJhbGciOiJSUzI1NiJ9.eyJyb2xlcyI6WyJST0xFX0FETUlOIl0sImVtYWlsIjoiYXNpbXBlbmFob3Y4QGdtYWlsLmNvbSIsInN1YiI6ImFzaW1wZW5haG92OEBnbWFpbC5jb20iLCJpYXQiOjE3NTc1ODU0MTgsImV4cCI6MTc1NzU4OTAxOH0.ePDqqdEKUbVNd2nbXGmzjTFkbi5YEDZoKrNUS5FJE2U4hwQoMjoGgDD2j0fSuHn2XGxBQOnjOQm4R1zqa8C_fUvbrrrK_uP1ZwGaDqwpQGm1ZmQe-P4rxisw2KWyPy_rquT2fPuXEzKHYKnxIt6zOGR994QmS02wWWZz0viK26bPY0QDoGjmga30OS-0pg2GhTIB9Ts04xSPgQxmwWqXgA5SjqW6iEJC3i1iJEr6Rc8uyKzhj9_wHC2KqGvGySRW7ihKoFzXZq0xm2lU9NrcXJucRmwVH9TqXDbYlizI3zJrXkZyLkHH3lpbPTvIg3WNQdPYFDjx8lx-D5K_c3ukmQ
2025-09-11 10:40:43 [http-nio-7775-exec-3] INFO  a.c.qwisedemoapp.filter.JwtFilter - Extracted username from JWT: asimpenahov8@gmail.com
2025-09-11 10:40:43 [http-nio-7775-exec-3] INFO  a.c.qwisedemoapp.filter.JwtFilter - Current authentication: UsernamePasswordAuthenticationToken [Principal=az.company.qwisedemoapp.domain.entity.UserPrincipal@4186a592, Credentials=[PROTECTED], Authenticated=true, Details=WebAuthenticationDetails [RemoteIpAddress=172.19.0.1, SessionId=null], Granted Authorities=[ROLE_ADMIN]]
2025-09-11 10:44:57 [background-preinit] INFO  o.h.validator.internal.util.Version - HV000001: Hibernate Validator 8.0.2.Final
2025-09-11 10:44:57 [main] INFO  a.c.q.QwiseDemoAppApplication - Starting QwiseDemoAppApplication v1.0.0 using Java 21 with PID 1 (/app/app.jar started by root in /app)
2025-09-11 10:44:57 [main] INFO  a.c.q.QwiseDemoAppApplication - No active profile set, falling back to 1 default profile: "default"
2025-09-11 10:44:59 [main] INFO  o.s.d.r.c.RepositoryConfigurationDelegate - Bootstrapping Spring Data JPA repositories in DEFAULT mode.
2025-09-11 10:44:59 [main] INFO  o.s.d.r.c.RepositoryConfigurationDelegate - Finished Spring Data repository scanning in 94 ms. Found 6 JPA repository interfaces.
2025-09-11 10:45:01 [main] INFO  o.s.b.w.e.tomcat.TomcatWebServer - Tomcat initialized with port 7775 (http)
2025-09-11 10:45:01 [main] INFO  o.a.coyote.http11.Http11NioProtocol - Initializing ProtocolHandler ["http-nio-7775"]
2025-09-11 10:45:01 [main] INFO  o.a.catalina.core.StandardService - Starting service [Tomcat]
2025-09-11 10:45:01 [main] INFO  o.a.catalina.core.StandardEngine - Starting Servlet engine: [Apache Tomcat/10.1.43]
2025-09-11 10:45:01 [main] INFO  o.a.c.c.C.[Tomcat].[localhost].[/] - Initializing Spring embedded WebApplicationContext
2025-09-11 10:45:01 [main] INFO  o.s.b.w.s.c.ServletWebServerApplicationContext - Root WebApplicationContext: initialization completed in 3707 ms
2025-09-11 10:45:01 [main] INFO  o.h.jpa.internal.util.LogHelper - HHH000204: Processing PersistenceUnitInfo [name: default]
2025-09-11 10:45:01 [main] INFO  org.hibernate.Version - HHH000412: Hibernate ORM core version 6.6.22.Final
2025-09-11 10:45:01 [main] INFO  o.h.c.i.RegionFactoryInitiator - HHH000026: Second-level cache disabled
2025-09-11 10:45:02 [main] INFO  o.s.o.j.p.SpringPersistenceUnitInfo - No LoadTimeWeaver setup: ignoring JPA class transformer
2025-09-11 10:45:02 [main] INFO  com.zaxxer.hikari.HikariDataSource - HikariPool-1 - Starting...
2025-09-11 10:45:03 [main] INFO  com.zaxxer.hikari.pool.HikariPool - HikariPool-1 - Added connection org.postgresql.jdbc.PgConnection@5dc7391e
2025-09-11 10:45:03 [main] INFO  com.zaxxer.hikari.HikariDataSource - HikariPool-1 - Start completed.
2025-09-11 10:45:03 [main] WARN  org.hibernate.orm.deprecation - HHH90000025: PostgreSQLDialect does not need to be specified explicitly using 'hibernate.dialect' (remove the property setting and it will be selected by default)
2025-09-11 10:45:03 [main] INFO  o.hibernate.orm.connections.pooling - HHH10001005: Database info:
	Database JDBC URL [Connecting through datasource 'HikariDataSource (HikariPool-1)']
	Database driver: undefined/unknown
	Database version: 17.5
	Autocommit mode: undefined/unknown
	Isolation level: undefined/unknown
	Minimum pool size: undefined/unknown
	Maximum pool size: undefined/unknown
2025-09-11 10:45:05 [main] INFO  o.h.e.t.j.p.i.JtaPlatformInitiator - HHH000489: No JTA platform available (set 'hibernate.transaction.jta.platform' to enable JTA platform integration)
2025-09-11 10:45:06 [main] INFO  o.s.o.j.LocalContainerEntityManagerFactoryBean - Initialized JPA EntityManagerFactory for persistence unit 'default'
2025-09-11 10:45:07 [main] INFO  o.s.d.j.r.query.QueryEnhancerFactory - Hibernate is in classpath; If applicable, HQL parser will be used.
2025-09-11 10:45:08 [main] INFO  o.s.s.c.a.a.c.InitializeAuthenticationProviderBeanManagerConfigurer$InitializeAuthenticationProviderManagerConfigurer - Global AuthenticationManager configured with AuthenticationProvider bean with name customAuthenticationProvider
2025-09-11 10:45:08 [main] WARN  o.s.s.c.a.a.c.InitializeUserDetailsBeanManagerConfigurer$InitializeUserDetailsManagerConfigurer - Global AuthenticationManager configured with an AuthenticationProvider bean. UserDetailsService beans will not be used by Spring Security for automatically configuring username/password login. Consider removing the AuthenticationProvider bean. Alternatively, consider using the UserDetailsService in a manually instantiated DaoAuthenticationProvider. If the current configuration is intentional, to turn off this warning, increase the logging level of 'org.springframework.security.config.annotation.authentication.configuration.InitializeUserDetailsBeanManagerConfigurer' to ERROR
2025-09-11 10:45:08 [main] WARN  o.s.b.a.o.j.JpaBaseConfiguration$JpaWebConfiguration - spring.jpa.open-in-view is enabled by default. Therefore, database queries may be performed during view rendering. Explicitly configure spring.jpa.open-in-view to disable this warning
2025-09-11 10:45:10 [main] INFO  o.s.b.a.e.web.EndpointLinksResolver - Exposing 1 endpoint beneath base path '/actuator'
2025-09-11 10:45:11 [main] INFO  o.a.coyote.http11.Http11NioProtocol - Starting ProtocolHandler ["http-nio-7775"]
2025-09-11 10:45:11 [main] INFO  o.s.b.w.e.tomcat.TomcatWebServer - Tomcat started on port 7775 (http) with context path '/'
2025-09-11 10:45:11 [main] INFO  a.c.q.QwiseDemoAppApplication - Started QwiseDemoAppApplication in 14.969 seconds (process running for 15.867)
2025-09-11 10:45:18 [http-nio-7775-exec-2] INFO  o.a.c.c.C.[Tomcat].[localhost].[/] - Initializing Spring DispatcherServlet 'dispatcherServlet'
2025-09-11 10:45:18 [http-nio-7775-exec-2] INFO  o.s.web.servlet.DispatcherServlet - Initializing Servlet 'dispatcherServlet'
2025-09-11 10:45:18 [http-nio-7775-exec-2] INFO  o.s.web.servlet.DispatcherServlet - Completed initialization in 15 ms
2025-09-11 10:45:18 [http-nio-7775-exec-2] INFO  a.c.qwisedemoapp.filter.JwtFilter - Auth header: Bearer eyJhbGciOiJSUzI1NiJ9.eyJyb2xlcyI6WyJST0xFX0FETUlOIl0sImVtYWlsIjoiYXNpbXBlbmFob3Y4QGdtYWlsLmNvbSIsInN1YiI6ImFzaW1wZW5haG92OEBnbWFpbC5jb20iLCJpYXQiOjE3NTc1ODU0MTgsImV4cCI6MTc1NzU4OTAxOH0.ePDqqdEKUbVNd2nbXGmzjTFkbi5YEDZoKrNUS5FJE2U4hwQoMjoGgDD2j0fSuHn2XGxBQOnjOQm4R1zqa8C_fUvbrrrK_uP1ZwGaDqwpQGm1ZmQe-P4rxisw2KWyPy_rquT2fPuXEzKHYKnxIt6zOGR994QmS02wWWZz0viK26bPY0QDoGjmga30OS-0pg2GhTIB9Ts04xSPgQxmwWqXgA5SjqW6iEJC3i1iJEr6Rc8uyKzhj9_wHC2KqGvGySRW7ihKoFzXZq0xm2lU9NrcXJucRmwVH9TqXDbYlizI3zJrXkZyLkHH3lpbPTvIg3WNQdPYFDjx8lx-D5K_c3ukmQ
2025-09-11 10:45:18 [http-nio-7775-exec-2] INFO  a.c.qwisedemoapp.filter.JwtFilter - Extracted username from JWT: asimpenahov8@gmail.com
2025-09-11 10:45:18 [http-nio-7775-exec-2] INFO  a.c.qwisedemoapp.filter.JwtFilter - Current authentication: UsernamePasswordAuthenticationToken [Principal=az.company.qwisedemoapp.domain.entity.UserPrincipal@1842be01, Credentials=[PROTECTED], Authenticated=true, Details=WebAuthenticationDetails [RemoteIpAddress=172.19.0.1, SessionId=null], Granted Authorities=[ROLE_ADMIN]]
2025-09-11 10:45:28 [SpringApplicationShutdownHook] INFO  o.s.b.w.e.tomcat.GracefulShutdown - Commencing graceful shutdown. Waiting for active requests to complete
2025-09-11 10:45:28 [tomcat-shutdown] INFO  o.s.b.w.e.tomcat.GracefulShutdown - Graceful shutdown complete
2025-09-11 10:48:09 [background-preinit] INFO  o.h.validator.internal.util.Version - HV000001: Hibernate Validator 8.0.2.Final
2025-09-11 10:48:09 [main] INFO  a.c.q.QwiseDemoAppApplication - Starting QwiseDemoAppApplication v1.0.0 using Java 21 with PID 1 (/app/app.jar started by root in /app)
2025-09-11 10:48:09 [main] DEBUG a.c.q.QwiseDemoAppApplication - Running with Spring Boot v3.5.4, Spring v6.2.9
2025-09-11 10:48:09 [main] INFO  a.c.q.QwiseDemoAppApplication - The following 1 profile is active: "dev"
2025-09-11 10:48:13 [main] INFO  o.s.d.r.c.RepositoryConfigurationDelegate - Bootstrapping Spring Data JPA repositories in DEFAULT mode.
2025-09-11 10:48:13 [main] INFO  o.s.d.r.c.RepositoryConfigurationDelegate - Finished Spring Data repository scanning in 234 ms. Found 6 JPA repository interfaces.
2025-09-11 10:48:14 [main] INFO  o.s.b.w.e.tomcat.TomcatWebServer - Tomcat initialized with port 7775 (http)
2025-09-11 10:48:15 [main] INFO  o.a.coyote.http11.Http11NioProtocol - Initializing ProtocolHandler ["http-nio-7775"]
2025-09-11 10:48:15 [main] INFO  o.a.catalina.core.StandardService - Starting service [Tomcat]
2025-09-11 10:48:15 [main] INFO  o.a.catalina.core.StandardEngine - Starting Servlet engine: [Apache Tomcat/10.1.43]
2025-09-11 10:48:15 [main] INFO  o.a.c.c.C.[Tomcat].[localhost].[/] - Initializing Spring embedded WebApplicationContext
2025-09-11 10:48:15 [main] INFO  o.s.b.w.s.c.ServletWebServerApplicationContext - Root WebApplicationContext: initialization completed in 6701 ms
2025-09-11 10:48:16 [main] INFO  o.h.jpa.internal.util.LogHelper - HHH000204: Processing PersistenceUnitInfo [name: default]
2025-09-11 10:48:16 [main] INFO  org.hibernate.Version - HHH000412: Hibernate ORM core version 6.6.22.Final
2025-09-11 10:48:16 [main] INFO  o.h.c.i.RegionFactoryInitiator - HHH000026: Second-level cache disabled
2025-09-11 10:48:17 [main] INFO  o.s.o.j.p.SpringPersistenceUnitInfo - No LoadTimeWeaver setup: ignoring JPA class transformer
2025-09-11 10:48:17 [main] INFO  com.zaxxer.hikari.HikariDataSource - HikariPool-1 - Starting...
2025-09-11 10:48:17 [main] INFO  com.zaxxer.hikari.pool.HikariPool - HikariPool-1 - Added connection org.postgresql.jdbc.PgConnection@58b5d5fc
2025-09-11 10:48:17 [main] INFO  com.zaxxer.hikari.HikariDataSource - HikariPool-1 - Start completed.
2025-09-11 10:48:17 [main] WARN  org.hibernate.orm.deprecation - HHH90000025: PostgreSQLDialect does not need to be specified explicitly using 'hibernate.dialect' (remove the property setting and it will be selected by default)
2025-09-11 10:48:17 [main] INFO  o.hibernate.orm.connections.pooling - HHH10001005: Database info:
	Database JDBC URL [Connecting through datasource 'HikariDataSource (HikariPool-1)']
	Database driver: undefined/unknown
	Database version: 17.5
	Autocommit mode: undefined/unknown
	Isolation level: undefined/unknown
	Minimum pool size: undefined/unknown
	Maximum pool size: undefined/unknown
2025-09-11 10:48:20 [main] INFO  o.h.e.t.j.p.i.JtaPlatformInitiator - HHH000489: No JTA platform available (set 'hibernate.transaction.jta.platform' to enable JTA platform integration)
2025-09-11 10:48:20 [main] INFO  o.s.o.j.LocalContainerEntityManagerFactoryBean - Initialized JPA EntityManagerFactory for persistence unit 'default'
2025-09-11 10:48:21 [main] DEBUG a.c.qwisedemoapp.filter.JwtFilter - Filter 'jwtFilter' configured for use
2025-09-11 10:48:21 [main] INFO  o.s.d.j.r.query.QueryEnhancerFactory - Hibernate is in classpath; If applicable, HQL parser will be used.
2025-09-11 10:48:22 [main] INFO  o.s.s.c.a.a.c.InitializeAuthenticationProviderBeanManagerConfigurer$InitializeAuthenticationProviderManagerConfigurer - Global AuthenticationManager configured with AuthenticationProvider bean with name customAuthenticationProvider
2025-09-11 10:48:22 [main] WARN  o.s.s.c.a.a.c.InitializeUserDetailsBeanManagerConfigurer$InitializeUserDetailsManagerConfigurer - Global AuthenticationManager configured with an AuthenticationProvider bean. UserDetailsService beans will not be used by Spring Security for automatically configuring username/password login. Consider removing the AuthenticationProvider bean. Alternatively, consider using the UserDetailsService in a manually instantiated DaoAuthenticationProvider. If the current configuration is intentional, to turn off this warning, increase the logging level of 'org.springframework.security.config.annotation.authentication.configuration.InitializeUserDetailsBeanManagerConfigurer' to ERROR
2025-09-11 10:48:23 [main] WARN  o.s.b.a.o.j.JpaBaseConfiguration$JpaWebConfiguration - spring.jpa.open-in-view is enabled by default. Therefore, database queries may be performed during view rendering. Explicitly configure spring.jpa.open-in-view to disable this warning
2025-09-11 10:48:23 [main] INFO  o.s.b.a.e.web.EndpointLinksResolver - Exposing 14 endpoints beneath base path '/actuator'
2025-09-11 10:48:25 [main] INFO  o.a.coyote.http11.Http11NioProtocol - Starting ProtocolHandler ["http-nio-7775"]
2025-09-11 10:48:25 [main] INFO  o.s.b.w.e.tomcat.TomcatWebServer - Tomcat started on port 7775 (http) with context path '/'
2025-09-11 10:48:25 [main] INFO  a.c.q.QwiseDemoAppApplication - Started QwiseDemoAppApplication in 17.195 seconds (process running for 18.129)
2025-09-11 10:48:33 [http-nio-7775-exec-2] INFO  o.a.c.c.C.[Tomcat].[localhost].[/] - Initializing Spring DispatcherServlet 'dispatcherServlet'
2025-09-11 10:48:33 [http-nio-7775-exec-2] INFO  o.s.web.servlet.DispatcherServlet - Initializing Servlet 'dispatcherServlet'
2025-09-11 10:48:33 [http-nio-7775-exec-2] INFO  o.s.web.servlet.DispatcherServlet - Completed initialization in 3 ms
2025-09-11 10:48:34 [http-nio-7775-exec-2] INFO  a.c.qwisedemoapp.filter.JwtFilter - Auth header: Bearer eyJhbGciOiJSUzI1NiJ9.eyJyb2xlcyI6WyJST0xFX0FETUlOIl0sImVtYWlsIjoiYXNpbXBlbmFob3Y4QGdtYWlsLmNvbSIsInN1YiI6ImFzaW1wZW5haG92OEBnbWFpbC5jb20iLCJpYXQiOjE3NTc1ODU0MTgsImV4cCI6MTc1NzU4OTAxOH0.ePDqqdEKUbVNd2nbXGmzjTFkbi5YEDZoKrNUS5FJE2U4hwQoMjoGgDD2j0fSuHn2XGxBQOnjOQm4R1zqa8C_fUvbrrrK_uP1ZwGaDqwpQGm1ZmQe-P4rxisw2KWyPy_rquT2fPuXEzKHYKnxIt6zOGR994QmS02wWWZz0viK26bPY0QDoGjmga30OS-0pg2GhTIB9Ts04xSPgQxmwWqXgA5SjqW6iEJC3i1iJEr6Rc8uyKzhj9_wHC2KqGvGySRW7ihKoFzXZq0xm2lU9NrcXJucRmwVH9TqXDbYlizI3zJrXkZyLkHH3lpbPTvIg3WNQdPYFDjx8lx-D5K_c3ukmQ
2025-09-11 10:48:34 [http-nio-7775-exec-2] INFO  a.c.qwisedemoapp.filter.JwtFilter - Extracted username from JWT: asimpenahov8@gmail.com
2025-09-11 10:48:34 [http-nio-7775-exec-2] INFO  a.c.qwisedemoapp.filter.JwtFilter - Current authentication: UsernamePasswordAuthenticationToken [Principal=az.company.qwisedemoapp.domain.entity.UserPrincipal@78ecc3ba, Credentials=[PROTECTED], Authenticated=true, Details=WebAuthenticationDetails [RemoteIpAddress=172.19.0.1, SessionId=null], Granted Authorities=[ROLE_ADMIN]]
2025-09-11 10:48:50 [http-nio-7775-exec-3] INFO  a.c.qwisedemoapp.filter.JwtFilter - Auth header: Bearer eyJhbGciOiJSUzI1NiJ9.eyJyb2xlcyI6WyJST0xFX0FETUlOIl0sImVtYWlsIjoiYXNpbXBlbmFob3Y4QGdtYWlsLmNvbSIsInN1YiI6ImFzaW1wZW5haG92OEBnbWFpbC5jb20iLCJpYXQiOjE3NTc1ODU0MTgsImV4cCI6MTc1NzU4OTAxOH0.ePDqqdEKUbVNd2nbXGmzjTFkbi5YEDZoKrNUS5FJE2U4hwQoMjoGgDD2j0fSuHn2XGxBQOnjOQm4R1zqa8C_fUvbrrrK_uP1ZwGaDqwpQGm1ZmQe-P4rxisw2KWyPy_rquT2fPuXEzKHYKnxIt6zOGR994QmS02wWWZz0viK26bPY0QDoGjmga30OS-0pg2GhTIB9Ts04xSPgQxmwWqXgA5SjqW6iEJC3i1iJEr6Rc8uyKzhj9_wHC2KqGvGySRW7ihKoFzXZq0xm2lU9NrcXJucRmwVH9TqXDbYlizI3zJrXkZyLkHH3lpbPTvIg3WNQdPYFDjx8lx-D5K_c3ukmQ
2025-09-11 10:48:50 [http-nio-7775-exec-3] INFO  a.c.qwisedemoapp.filter.JwtFilter - Extracted username from JWT: asimpenahov8@gmail.com
2025-09-11 10:48:50 [http-nio-7775-exec-3] INFO  a.c.qwisedemoapp.filter.JwtFilter - Current authentication: UsernamePasswordAuthenticationToken [Principal=az.company.qwisedemoapp.domain.entity.UserPrincipal@54048bbe, Credentials=[PROTECTED], Authenticated=true, Details=WebAuthenticationDetails [RemoteIpAddress=172.19.0.1, SessionId=null], Granted Authorities=[ROLE_ADMIN]]
2025-09-11 10:49:01 [http-nio-7775-exec-4] INFO  a.c.qwisedemoapp.filter.JwtFilter - Auth header: Bearer eyJhbGciOiJSUzI1NiJ9.eyJyb2xlcyI6WyJST0xFX0FETUlOIl0sImVtYWlsIjoiYXNpbXBlbmFob3Y4QGdtYWlsLmNvbSIsInN1YiI6ImFzaW1wZW5haG92OEBnbWFpbC5jb20iLCJpYXQiOjE3NTc1ODU0MTgsImV4cCI6MTc1NzU4OTAxOH0.ePDqqdEKUbVNd2nbXGmzjTFkbi5YEDZoKrNUS5FJE2U4hwQoMjoGgDD2j0fSuHn2XGxBQOnjOQm4R1zqa8C_fUvbrrrK_uP1ZwGaDqwpQGm1ZmQe-P4rxisw2KWyPy_rquT2fPuXEzKHYKnxIt6zOGR994QmS02wWWZz0viK26bPY0QDoGjmga30OS-0pg2GhTIB9Ts04xSPgQxmwWqXgA5SjqW6iEJC3i1iJEr6Rc8uyKzhj9_wHC2KqGvGySRW7ihKoFzXZq0xm2lU9NrcXJucRmwVH9TqXDbYlizI3zJrXkZyLkHH3lpbPTvIg3WNQdPYFDjx8lx-D5K_c3ukmQ
2025-09-11 10:49:01 [http-nio-7775-exec-4] INFO  a.c.qwisedemoapp.filter.JwtFilter - Extracted username from JWT: asimpenahov8@gmail.com
2025-09-11 10:49:01 [http-nio-7775-exec-4] INFO  a.c.qwisedemoapp.filter.JwtFilter - Current authentication: UsernamePasswordAuthenticationToken [Principal=az.company.qwisedemoapp.domain.entity.UserPrincipal@9c37047, Credentials=[PROTECTED], Authenticated=true, Details=WebAuthenticationDetails [RemoteIpAddress=172.19.0.1, SessionId=null], Granted Authorities=[ROLE_ADMIN]]
2025-09-11 10:49:03 [http-nio-7775-exec-4] WARN  o.s.b.a.mail.MailHealthIndicator - Mail health check failed
jakarta.mail.AuthenticationFailedException: 535-5.7.8 Username and Password not accepted. For more information, go to
535 5.7.8  https://support.google.com/mail/?p=BadCredentials ffacd0b85a97d-3e7607870cfsm2028227f8f.19 - gsmtp

	at org.eclipse.angus.mail.smtp.SMTPTransport$Authenticator.authenticate(SMTPTransport.java:954)
	at org.eclipse.angus.mail.smtp.SMTPTransport.authenticate(SMTPTransport.java:865)
	at org.eclipse.angus.mail.smtp.SMTPTransport.protocolConnect(SMTPTransport.java:769)
	at jakarta.mail.Service.connect(Service.java:345)
	at org.springframework.mail.javamail.JavaMailSenderImpl.connectTransport(JavaMailSenderImpl.java:480)
	at org.springframework.mail.javamail.JavaMailSenderImpl.testConnection(JavaMailSenderImpl.java:360)
	at org.springframework.boot.actuate.mail.MailHealthIndicator.doHealthCheck(MailHealthIndicator.java:52)
	at org.springframework.boot.actuate.health.AbstractHealthIndicator.health(AbstractHealthIndicator.java:82)
	at org.springframework.boot.actuate.health.HealthIndicator.getHealth(HealthIndicator.java:37)
	at org.springframework.boot.actuate.health.HealthEndpointWebExtension.getHealth(HealthEndpointWebExtension.java:94)
	at org.springframework.boot.actuate.health.HealthEndpointWebExtension.getHealth(HealthEndpointWebExtension.java:47)
	at org.springframework.boot.actuate.health.HealthEndpointSupport.getLoggedHealth(HealthEndpointSupport.java:172)
	at org.springframework.boot.actuate.health.HealthEndpointSupport.getContribution(HealthEndpointSupport.java:145)
	at org.springframework.boot.actuate.health.HealthEndpointSupport.getAggregateContribution(HealthEndpointSupport.java:156)
	at org.springframework.boot.actuate.health.HealthEndpointSupport.getContribution(HealthEndpointSupport.java:141)
	at org.springframework.boot.actuate.health.HealthEndpointSupport.getHealth(HealthEndpointSupport.java:110)
	at org.springframework.boot.actuate.health.HealthEndpointSupport.getHealth(HealthEndpointSupport.java:81)
	at org.springframework.boot.actuate.health.HealthEndpointWebExtension.health(HealthEndpointWebExtension.java:80)
	at org.springframework.boot.actuate.health.HealthEndpointWebExtension.health(HealthEndpointWebExtension.java:69)
	at java.base/jdk.internal.reflect.DirectMethodHandleAccessor.invoke(DirectMethodHandleAccessor.java:103)
	at java.base/java.lang.reflect.Method.invoke(Method.java:580)
	at org.springframework.util.ReflectionUtils.invokeMethod(ReflectionUtils.java:281)
	at org.springframework.boot.actuate.endpoint.invoke.reflect.ReflectiveOperationInvoker.invoke(ReflectiveOperationInvoker.java:74)
	at org.springframework.boot.actuate.endpoint.annotation.AbstractDiscoveredOperation.invoke(AbstractDiscoveredOperation.java:60)
	at org.springframework.boot.actuate.endpoint.web.servlet.AbstractWebMvcEndpointHandlerMapping$ServletWebOperationAdapter.handle(AbstractWebMvcEndpointHandlerMapping.java:327)
	at org.springframework.boot.actuate.endpoint.web.servlet.AbstractWebMvcEndpointHandlerMapping$OperationHandler.handle(AbstractWebMvcEndpointHandlerMapping.java:434)
	at java.base/jdk.internal.reflect.DirectMethodHandleAccessor.invoke(DirectMethodHandleAccessor.java:103)
	at java.base/java.lang.reflect.Method.invoke(Method.java:580)
	at org.springframework.web.method.support.InvocableHandlerMethod.doInvoke(InvocableHandlerMethod.java:258)
	at org.springframework.web.method.support.InvocableHandlerMethod.invokeForRequest(InvocableHandlerMethod.java:191)
	at org.springframework.web.servlet.mvc.method.annotation.ServletInvocableHandlerMethod.invokeAndHandle(ServletInvocableHandlerMethod.java:118)
	at org.springframework.web.servlet.mvc.method.annotation.RequestMappingHandlerAdapter.invokeHandlerMethod(RequestMappingHandlerAdapter.java:991)
	at org.springframework.web.servlet.mvc.method.annotation.RequestMappingHandlerAdapter.handleInternal(RequestMappingHandlerAdapter.java:896)
	at org.springframework.web.servlet.mvc.method.AbstractHandlerMethodAdapter.handle(AbstractHandlerMethodAdapter.java:87)
	at org.springframework.web.servlet.DispatcherServlet.doDispatch(DispatcherServlet.java:1089)
	at org.springframework.web.servlet.DispatcherServlet.doService(DispatcherServlet.java:979)
	at org.springframework.web.servlet.FrameworkServlet.processRequest(FrameworkServlet.java:1014)
	at org.springframework.web.servlet.FrameworkServlet.doGet(FrameworkServlet.java:903)
	at jakarta.servlet.http.HttpServlet.service(HttpServlet.java:564)
	at org.springframework.web.servlet.FrameworkServlet.service(FrameworkServlet.java:885)
	at jakarta.servlet.http.HttpServlet.service(HttpServlet.java:658)
	at org.apache.catalina.core.ApplicationFilterChain.internalDoFilter(ApplicationFilterChain.java:195)
	at org.apache.catalina.core.ApplicationFilterChain.doFilter(ApplicationFilterChain.java:140)
	at org.apache.tomcat.websocket.server.WsFilter.doFilter(WsFilter.java:51)
	at org.apache.catalina.core.ApplicationFilterChain.internalDoFilter(ApplicationFilterChain.java:164)
	at org.apache.catalina.core.ApplicationFilterChain.doFilter(ApplicationFilterChain.java:140)
	at org.springframework.web.filter.OncePerRequestFilter.doFilter(OncePerRequestFilter.java:110)
	at org.apache.catalina.core.ApplicationFilterChain.internalDoFilter(ApplicationFilterChain.java:164)
	at org.apache.catalina.core.ApplicationFilterChain.doFilter(ApplicationFilterChain.java:140)
	at org.springframework.web.filter.CompositeFilter$VirtualFilterChain.doFilter(CompositeFilter.java:108)
	at org.springframework.web.filter.CompositeFilter$VirtualFilterChain.doFilter(CompositeFilter.java:108)
	at org.springframework.security.web.FilterChainProxy.lambda$doFilterInternal$3(FilterChainProxy.java:231)
	at org.springframework.security.web.ObservationFilterChainDecorator$FilterObservation$SimpleFilterObservation.lambda$wrap$1(ObservationFilterChainDecorator.java:479)
	at org.springframework.security.web.ObservationFilterChainDecorator$AroundFilterObservation$SimpleAroundFilterObservation.lambda$wrap$1(ObservationFilterChainDecorator.java:340)
	at org.springframework.security.web.ObservationFilterChainDecorator.lambda$wrapSecured$0(ObservationFilterChainDecorator.java:82)
	at org.springframework.security.web.ObservationFilterChainDecorator$VirtualFilterChain.doFilter(ObservationFilterChainDecorator.java:128)
	at org.springframework.security.web.access.intercept.AuthorizationFilter.doFilter(AuthorizationFilter.java:101)
	at org.springframework.security.web.ObservationFilterChainDecorator$ObservationFilter.wrapFilter(ObservationFilterChainDecorator.java:240)
	at org.springframework.security.web.ObservationFilterChainDecorator$ObservationFilter.doFilter(ObservationFilterChainDecorator.java:227)
	at org.springframework.security.web.ObservationFilterChainDecorator$VirtualFilterChain.doFilter(ObservationFilterChainDecorator.java:137)
	at org.springframework.security.web.access.ExceptionTranslationFilter.doFilter(ExceptionTranslationFilter.java:125)
	at org.springframework.security.web.access.ExceptionTranslationFilter.doFilter(ExceptionTranslationFilter.java:119)
	at org.springframework.security.web.ObservationFilterChainDecorator$ObservationFilter.wrapFilter(ObservationFilterChainDecorator.java:240)
	at org.springframework.security.web.ObservationFilterChainDecorator$ObservationFilter.doFilter(ObservationFilterChainDecorator.java:227)
	at org.springframework.security.web.ObservationFilterChainDecorator$VirtualFilterChain.doFilter(ObservationFilterChainDecorator.java:137)
	at org.springframework.security.web.session.SessionManagementFilter.doFilter(SessionManagementFilter.java:131)
	at org.springframework.security.web.session.SessionManagementFilter.doFilter(SessionManagementFilter.java:85)
	at org.springframework.security.web.ObservationFilterChainDecorator$ObservationFilter.wrapFilter(ObservationFilterChainDecorator.java:240)
	at org.springframework.security.web.ObservationFilterChainDecorator$ObservationFilter.doFilter(ObservationFilterChainDecorator.java:227)
	at org.springframework.security.web.ObservationFilterChainDecorator$VirtualFilterChain.doFilter(ObservationFilterChainDecorator.java:137)
	at org.springframework.security.web.authentication.AnonymousAuthenticationFilter.doFilter(AnonymousAuthenticationFilter.java:100)
	at org.springframework.security.web.ObservationFilterChainDecorator$ObservationFilter.wrapFilter(ObservationFilterChainDecorator.java:240)
	at org.springframework.security.web.ObservationFilterChainDecorator$ObservationFilter.doFilter(ObservationFilterChainDecorator.java:227)
	at org.springframework.security.web.ObservationFilterChainDecorator$VirtualFilterChain.doFilter(ObservationFilterChainDecorator.java:137)
	at org.springframework.security.web.servletapi.SecurityContextHolderAwareRequestFilter.doFilter(SecurityContextHolderAwareRequestFilter.java:179)
	at org.springframework.security.web.ObservationFilterChainDecorator$ObservationFilter.wrapFilter(ObservationFilterChainDecorator.java:240)
	at org.springframework.security.web.ObservationFilterChainDecorator$ObservationFilter.doFilter(ObservationFilterChainDecorator.java:227)
	at org.springframework.security.web.ObservationFilterChainDecorator$VirtualFilterChain.doFilter(ObservationFilterChainDecorator.java:137)
	at org.springframework.security.web.savedrequest.RequestCacheAwareFilter.doFilter(RequestCacheAwareFilter.java:63)
	at org.springframework.security.web.ObservationFilterChainDecorator$ObservationFilter.wrapFilter(ObservationFilterChainDecorator.java:240)
	at org.springframework.security.web.ObservationFilterChainDecorator$ObservationFilter.doFilter(ObservationFilterChainDecorator.java:227)
	at org.springframework.security.web.ObservationFilterChainDecorator$VirtualFilterChain.doFilter(ObservationFilterChainDecorator.java:137)
	at org.springframework.security.web.authentication.ui.DefaultLogoutPageGeneratingFilter.doFilterInternal(DefaultLogoutPageGeneratingFilter.java:59)
	at org.springframework.web.filter.OncePerRequestFilter.doFilter(OncePerRequestFilter.java:116)
	at org.springframework.security.web.ObservationFilterChainDecorator$ObservationFilter.wrapFilter(ObservationFilterChainDecorator.java:240)
	at org.springframework.security.web.ObservationFilterChainDecorator$ObservationFilter.doFilter(ObservationFilterChainDecorator.java:227)
	at org.springframework.security.web.ObservationFilterChainDecorator$VirtualFilterChain.doFilter(ObservationFilterChainDecorator.java:137)
	at org.springframework.security.web.authentication.ui.DefaultLoginPageGeneratingFilter.doFilter(DefaultLoginPageGeneratingFilter.java:216)
	at org.springframework.security.web.authentication.ui.DefaultLoginPageGeneratingFilter.doFilter(DefaultLoginPageGeneratingFilter.java:202)
	at org.springframework.security.web.ObservationFilterChainDecorator$ObservationFilter.wrapFilter(ObservationFilterChainDecorator.java:240)
	at org.springframework.security.web.ObservationFilterChainDecorator$ObservationFilter.doFilter(ObservationFilterChainDecorator.java:227)
	at org.springframework.security.web.ObservationFilterChainDecorator$VirtualFilterChain.doFilter(ObservationFilterChainDecorator.java:137)
	at org.springframework.security.web.authentication.ui.DefaultResourcesFilter.doFilter(DefaultResourcesFilter.java:72)
	at org.springframework.security.web.ObservationFilterChainDecorator$ObservationFilter.wrapFilter(ObservationFilterChainDecorator.java:240)
	at org.springframework.security.web.ObservationFilterChainDecorator$ObservationFilter.doFilter(ObservationFilterChainDecorator.java:227)
	at org.springframework.security.web.ObservationFilterChainDecorator$VirtualFilterChain.doFilter(ObservationFilterChainDecorator.java:137)
	at az.company.qwisedemoapp.filter.JwtFilter.doFilterInternal(JwtFilter.java:57)
	at org.springframework.web.filter.OncePerRequestFilter.doFilter(OncePerRequestFilter.java:116)
	at org.springframework.security.web.ObservationFilterChainDecorator$ObservationFilter.wrapFilter(ObservationFilterChainDecorator.java:240)
	at org.springframework.security.web.ObservationFilterChainDecorator$ObservationFilter.doFilter(ObservationFilterChainDecorator.java:227)
	at org.springframework.security.web.ObservationFilterChainDecorator$VirtualFilterChain.doFilter(ObservationFilterChainDecorator.java:137)
	at org.springframework.security.web.authentication.AbstractAuthenticationProcessingFilter.doFilter(AbstractAuthenticationProcessingFilter.java:235)
	at org.springframework.security.web.authentication.AbstractAuthenticationProcessingFilter.doFilter(AbstractAuthenticationProcessingFilter.java:229)
	at org.springframework.security.web.ObservationFilterChainDecorator$ObservationFilter.wrapFilter(ObservationFilterChainDecorator.java:240)
	at org.springframework.security.web.ObservationFilterChainDecorator$ObservationFilter.doFilter(ObservationFilterChainDecorator.java:227)
	at org.springframework.security.web.ObservationFilterChainDecorator$VirtualFilterChain.doFilter(ObservationFilterChainDecorator.java:137)
	at org.springframework.security.oauth2.client.web.OAuth2AuthorizationRequestRedirectFilter.doFilterInternal(OAuth2AuthorizationRequestRedirectFilter.java:198)
	at org.springframework.web.filter.OncePerRequestFilter.doFilter(OncePerRequestFilter.java:116)
	at org.springframework.security.web.ObservationFilterChainDecorator$ObservationFilter.wrapFilter(ObservationFilterChainDecorator.java:240)
	at org.springframework.security.web.ObservationFilterChainDecorator$ObservationFilter.doFilter(ObservationFilterChainDecorator.java:227)
	at org.springframework.security.web.ObservationFilterChainDecorator$VirtualFilterChain.doFilter(ObservationFilterChainDecorator.java:137)
	at org.springframework.security.web.authentication.logout.LogoutFilter.doFilter(LogoutFilter.java:107)
	at org.springframework.security.web.authentication.logout.LogoutFilter.doFilter(LogoutFilter.java:93)
	at org.springframework.security.web.ObservationFilterChainDecorator$ObservationFilter.wrapFilter(ObservationFilterChainDecorator.java:240)
	at org.springframework.security.web.ObservationFilterChainDecorator$ObservationFilter.doFilter(ObservationFilterChainDecorator.java:227)
	at org.springframework.security.web.ObservationFilterChainDecorator$VirtualFilterChain.doFilter(ObservationFilterChainDecorator.java:137)
	at org.springframework.security.web.header.HeaderWriterFilter.doHeadersAfter(HeaderWriterFilter.java:90)
	at org.springframework.security.web.header.HeaderWriterFilter.doFilterInternal(HeaderWriterFilter.java:75)
	at org.springframework.web.filter.OncePerRequestFilter.doFilter(OncePerRequestFilter.java:116)
	at org.springframework.security.web.ObservationFilterChainDecorator$ObservationFilter.wrapFilter(ObservationFilterChainDecorator.java:240)
	at org.springframework.security.web.ObservationFilterChainDecorator$ObservationFilter.doFilter(ObservationFilterChainDecorator.java:227)
	at org.springframework.security.web.ObservationFilterChainDecorator$VirtualFilterChain.doFilter(ObservationFilterChainDecorator.java:137)
	at org.springframework.security.web.context.SecurityContextHolderFilter.doFilter(SecurityContextHolderFilter.java:82)
	at org.springframework.security.web.context.SecurityContextHolderFilter.doFilter(SecurityContextHolderFilter.java:69)
	at org.springframework.security.web.ObservationFilterChainDecorator$ObservationFilter.wrapFilter(ObservationFilterChainDecorator.java:240)
	at org.springframework.security.web.ObservationFilterChainDecorator$ObservationFilter.doFilter(ObservationFilterChainDecorator.java:227)
	at org.springframework.security.web.ObservationFilterChainDecorator$VirtualFilterChain.doFilter(ObservationFilterChainDecorator.java:137)
	at org.springframework.security.web.context.request.async.WebAsyncManagerIntegrationFilter.doFilterInternal(WebAsyncManagerIntegrationFilter.java:62)
	at org.springframework.web.filter.OncePerRequestFilter.doFilter(OncePerRequestFilter.java:116)
	at org.springframework.security.web.ObservationFilterChainDecorator$ObservationFilter.wrapFilter(ObservationFilterChainDecorator.java:240)
	at org.springframework.security.web.ObservationFilterChainDecorator$ObservationFilter.doFilter(ObservationFilterChainDecorator.java:227)
	at org.springframework.security.web.ObservationFilterChainDecorator$VirtualFilterChain.doFilter(ObservationFilterChainDecorator.java:137)
	at org.springframework.security.web.session.DisableEncodeUrlFilter.doFilterInternal(DisableEncodeUrlFilter.java:42)
	at org.springframework.web.filter.OncePerRequestFilter.doFilter(OncePerRequestFilter.java:116)
	at org.springframework.security.web.ObservationFilterChainDecorator$ObservationFilter.wrapFilter(ObservationFilterChainDecorator.java:240)
	at org.springframework.security.web.ObservationFilterChainDecorator$AroundFilterObservation$SimpleAroundFilterObservation.lambda$wrap$0(ObservationFilterChainDecorator.java:323)
	at org.springframework.security.web.ObservationFilterChainDecorator$ObservationFilter.doFilter(ObservationFilterChainDecorator.java:224)
	at org.springframework.security.web.ObservationFilterChainDecorator$VirtualFilterChain.doFilter(ObservationFilterChainDecorator.java:137)
	at org.springframework.security.web.FilterChainProxy.doFilterInternal(FilterChainProxy.java:233)
	at org.springframework.security.web.FilterChainProxy.doFilter(FilterChainProxy.java:191)
	at org.springframework.web.filter.CompositeFilter$VirtualFilterChain.doFilter(CompositeFilter.java:113)
	at org.springframework.web.filter.ServletRequestPathFilter.doFilter(ServletRequestPathFilter.java:52)
	at org.springframework.web.filter.CompositeFilter$VirtualFilterChain.doFilter(CompositeFilter.java:113)
	at org.springframework.web.filter.CompositeFilter.doFilter(CompositeFilter.java:74)
	at org.springframework.security.config.annotation.web.configuration.WebSecurityConfiguration$CompositeFilterChainProxy.doFilter(WebSecurityConfiguration.java:319)
	at org.springframework.web.filter.CompositeFilter$VirtualFilterChain.doFilter(CompositeFilter.java:113)
	at org.springframework.web.servlet.handler.HandlerMappingIntrospector.lambda$createCacheFilter$4(HandlerMappingIntrospector.java:267)
	at org.springframework.web.filter.CompositeFilter$VirtualFilterChain.doFilter(CompositeFilter.java:113)
	at org.springframework.web.filter.CompositeFilter.doFilter(CompositeFilter.java:74)
	at org.springframework.security.config.annotation.web.configuration.WebMvcSecurityConfiguration$CompositeFilterChainProxy.doFilter(WebMvcSecurityConfiguration.java:240)
	at org.springframework.web.filter.DelegatingFilterProxy.invokeDelegate(DelegatingFilterProxy.java:362)
	at org.springframework.web.filter.DelegatingFilterProxy.doFilter(DelegatingFilterProxy.java:278)
	at org.apache.catalina.core.ApplicationFilterChain.internalDoFilter(ApplicationFilterChain.java:164)
	at org.apache.catalina.core.ApplicationFilterChain.doFilter(ApplicationFilterChain.java:140)
	at org.springframework.web.filter.RequestContextFilter.doFilterInternal(RequestContextFilter.java:100)
	at org.springframework.web.filter.OncePerRequestFilter.doFilter(OncePerRequestFilter.java:116)
	at org.apache.catalina.core.ApplicationFilterChain.internalDoFilter(ApplicationFilterChain.java:164)
	at org.apache.catalina.core.ApplicationFilterChain.doFilter(ApplicationFilterChain.java:140)
	at org.springframework.web.filter.FormContentFilter.doFilterInternal(FormContentFilter.java:93)
	at org.springframework.web.filter.OncePerRequestFilter.doFilter(OncePerRequestFilter.java:116)
	at org.apache.catalina.core.ApplicationFilterChain.internalDoFilter(ApplicationFilterChain.java:164)
	at org.apache.catalina.core.ApplicationFilterChain.doFilter(ApplicationFilterChain.java:140)
	at org.springframework.web.filter.ServerHttpObservationFilter.doFilterInternal(ServerHttpObservationFilter.java:110)
	at org.springframework.web.filter.OncePerRequestFilter.doFilter(OncePerRequestFilter.java:116)
	at org.apache.catalina.core.ApplicationFilterChain.internalDoFilter(ApplicationFilterChain.java:164)
	at org.apache.catalina.core.ApplicationFilterChain.doFilter(ApplicationFilterChain.java:140)
	at org.springframework.web.filter.CharacterEncodingFilter.doFilterInternal(CharacterEncodingFilter.java:201)
	at org.springframework.web.filter.OncePerRequestFilter.doFilter(OncePerRequestFilter.java:116)
	at org.apache.catalina.core.ApplicationFilterChain.internalDoFilter(ApplicationFilterChain.java:164)
	at org.apache.catalina.core.ApplicationFilterChain.doFilter(ApplicationFilterChain.java:140)
	at org.apache.catalina.core.StandardWrapperValve.invoke(StandardWrapperValve.java:167)
	at org.apache.catalina.core.StandardContextValve.invoke(StandardContextValve.java:90)
	at org.apache.catalina.authenticator.AuthenticatorBase.invoke(AuthenticatorBase.java:483)
	at org.apache.catalina.core.StandardHostValve.invoke(StandardHostValve.java:116)
	at org.apache.catalina.valves.ErrorReportValve.invoke(ErrorReportValve.java:93)
	at org.apache.catalina.core.StandardEngineValve.invoke(StandardEngineValve.java:74)
	at org.apache.catalina.connector.CoyoteAdapter.service(CoyoteAdapter.java:344)
	at org.apache.coyote.http11.Http11Processor.service(Http11Processor.java:398)
	at org.apache.coyote.AbstractProcessorLight.process(AbstractProcessorLight.java:63)
	at org.apache.coyote.AbstractProtocol$ConnectionHandler.process(AbstractProtocol.java:903)
	at org.apache.tomcat.util.net.NioEndpoint$SocketProcessor.doRun(NioEndpoint.java:1769)
	at org.apache.tomcat.util.net.SocketProcessorBase.run(SocketProcessorBase.java:52)
	at org.apache.tomcat.util.threads.ThreadPoolExecutor.runWorker(ThreadPoolExecutor.java:1189)
	at org.apache.tomcat.util.threads.ThreadPoolExecutor$Worker.run(ThreadPoolExecutor.java:658)
	at org.apache.tomcat.util.threads.TaskThread$WrappingRunnable.run(TaskThread.java:63)
	at java.base/java.lang.Thread.run(Thread.java:1583)
2025-09-11 10:51:17 [background-preinit] INFO  o.h.validator.internal.util.Version - HV000001: Hibernate Validator 8.0.2.Final
2025-09-11 10:51:18 [main] INFO  a.c.q.QwiseDemoAppApplication - Starting QwiseDemoAppApplication v1.0.0 using Java 21 with PID 1 (/app/app.jar started by root in /app)
2025-09-11 10:51:18 [main] DEBUG a.c.q.QwiseDemoAppApplication - Running with Spring Boot v3.5.4, Spring v6.2.9
2025-09-11 10:51:18 [main] INFO  a.c.q.QwiseDemoAppApplication - The following 1 profile is active: "dev"
2025-09-11 10:51:20 [main] INFO  o.s.d.r.c.RepositoryConfigurationDelegate - Bootstrapping Spring Data JPA repositories in DEFAULT mode.
2025-09-11 10:51:20 [main] INFO  o.s.d.r.c.RepositoryConfigurationDelegate - Finished Spring Data repository scanning in 175 ms. Found 6 JPA repository interfaces.
2025-09-11 10:51:22 [main] INFO  o.s.b.w.e.tomcat.TomcatWebServer - Tomcat initialized with port 7775 (http)
2025-09-11 10:51:22 [main] INFO  o.a.coyote.http11.Http11NioProtocol - Initializing ProtocolHandler ["http-nio-7775"]
2025-09-11 10:51:22 [main] INFO  o.a.catalina.core.StandardService - Starting service [Tomcat]
2025-09-11 10:51:22 [main] INFO  o.a.catalina.core.StandardEngine - Starting Servlet engine: [Apache Tomcat/10.1.43]
2025-09-11 10:51:22 [main] INFO  o.a.c.c.C.[Tomcat].[localhost].[/] - Initializing Spring embedded WebApplicationContext
2025-09-11 10:51:22 [main] INFO  o.s.b.w.s.c.ServletWebServerApplicationContext - Root WebApplicationContext: initialization completed in 4408 ms
2025-09-11 10:51:23 [main] INFO  o.h.jpa.internal.util.LogHelper - HHH000204: Processing PersistenceUnitInfo [name: default]
2025-09-11 10:51:23 [main] INFO  org.hibernate.Version - HHH000412: Hibernate ORM core version 6.6.22.Final
2025-09-11 10:51:23 [main] INFO  o.h.c.i.RegionFactoryInitiator - HHH000026: Second-level cache disabled
2025-09-11 10:51:23 [main] INFO  o.s.o.j.p.SpringPersistenceUnitInfo - No LoadTimeWeaver setup: ignoring JPA class transformer
2025-09-11 10:51:23 [main] INFO  com.zaxxer.hikari.HikariDataSource - HikariPool-1 - Starting...
2025-09-11 10:51:24 [main] INFO  com.zaxxer.hikari.pool.HikariPool - HikariPool-1 - Added connection org.postgresql.jdbc.PgConnection@8e3449e
2025-09-11 10:51:24 [main] INFO  com.zaxxer.hikari.HikariDataSource - HikariPool-1 - Start completed.
2025-09-11 10:51:24 [main] WARN  org.hibernate.orm.deprecation - HHH90000025: PostgreSQLDialect does not need to be specified explicitly using 'hibernate.dialect' (remove the property setting and it will be selected by default)
2025-09-11 10:51:24 [main] INFO  o.hibernate.orm.connections.pooling - HHH10001005: Database info:
	Database JDBC URL [Connecting through datasource 'HikariDataSource (HikariPool-1)']
	Database driver: undefined/unknown
	Database version: 17.5
	Autocommit mode: undefined/unknown
	Isolation level: undefined/unknown
	Minimum pool size: undefined/unknown
	Maximum pool size: undefined/unknown
2025-09-11 10:51:26 [main] INFO  o.h.e.t.j.p.i.JtaPlatformInitiator - HHH000489: No JTA platform available (set 'hibernate.transaction.jta.platform' to enable JTA platform integration)
2025-09-11 10:51:27 [main] INFO  o.s.o.j.LocalContainerEntityManagerFactoryBean - Initialized JPA EntityManagerFactory for persistence unit 'default'
2025-09-11 10:51:27 [main] DEBUG a.c.qwisedemoapp.filter.JwtFilter - Filter 'jwtFilter' configured for use
2025-09-11 10:51:27 [main] INFO  o.s.d.j.r.query.QueryEnhancerFactory - Hibernate is in classpath; If applicable, HQL parser will be used.
2025-09-11 10:51:29 [main] INFO  o.s.s.c.a.a.c.InitializeAuthenticationProviderBeanManagerConfigurer$InitializeAuthenticationProviderManagerConfigurer - Global AuthenticationManager configured with AuthenticationProvider bean with name customAuthenticationProvider
2025-09-11 10:51:29 [main] WARN  o.s.s.c.a.a.c.InitializeUserDetailsBeanManagerConfigurer$InitializeUserDetailsManagerConfigurer - Global AuthenticationManager configured with an AuthenticationProvider bean. UserDetailsService beans will not be used by Spring Security for automatically configuring username/password login. Consider removing the AuthenticationProvider bean. Alternatively, consider using the UserDetailsService in a manually instantiated DaoAuthenticationProvider. If the current configuration is intentional, to turn off this warning, increase the logging level of 'org.springframework.security.config.annotation.authentication.configuration.InitializeUserDetailsBeanManagerConfigurer' to ERROR
2025-09-11 10:51:29 [main] WARN  o.s.b.a.o.j.JpaBaseConfiguration$JpaWebConfiguration - spring.jpa.open-in-view is enabled by default. Therefore, database queries may be performed during view rendering. Explicitly configure spring.jpa.open-in-view to disable this warning
2025-09-11 10:51:30 [main] INFO  o.s.b.a.e.web.EndpointLinksResolver - Exposing 14 endpoints beneath base path '/actuator'
2025-09-11 10:51:31 [main] INFO  o.a.coyote.http11.Http11NioProtocol - Starting ProtocolHandler ["http-nio-7775"]
2025-09-11 10:51:31 [main] INFO  o.s.b.w.e.tomcat.TomcatWebServer - Tomcat started on port 7775 (http) with context path '/'
2025-09-11 10:51:31 [main] INFO  a.c.q.QwiseDemoAppApplication - Started QwiseDemoAppApplication in 14.059 seconds (process running for 14.869)
2025-09-11 10:53:35 [http-nio-7775-exec-1] INFO  o.a.c.c.C.[Tomcat].[localhost].[/] - Initializing Spring DispatcherServlet 'dispatcherServlet'
2025-09-11 10:53:35 [http-nio-7775-exec-1] INFO  o.s.web.servlet.DispatcherServlet - Initializing Servlet 'dispatcherServlet'
2025-09-11 10:53:35 [http-nio-7775-exec-1] INFO  o.s.web.servlet.DispatcherServlet - Completed initialization in 5 ms
2025-09-11 10:53:35 [http-nio-7775-exec-1] INFO  a.c.qwisedemoapp.filter.JwtFilter - Auth header: Bearer eyJhbGciOiJSUzI1NiJ9.eyJyb2xlcyI6WyJST0xFX0FETUlOIl0sImVtYWlsIjoiYXNpbXBlbmFob3Y4QGdtYWlsLmNvbSIsInN1YiI6ImFzaW1wZW5haG92OEBnbWFpbC5jb20iLCJpYXQiOjE3NTc1ODU0MTgsImV4cCI6MTc1NzU4OTAxOH0.ePDqqdEKUbVNd2nbXGmzjTFkbi5YEDZoKrNUS5FJE2U4hwQoMjoGgDD2j0fSuHn2XGxBQOnjOQm4R1zqa8C_fUvbrrrK_uP1ZwGaDqwpQGm1ZmQe-P4rxisw2KWyPy_rquT2fPuXEzKHYKnxIt6zOGR994QmS02wWWZz0viK26bPY0QDoGjmga30OS-0pg2GhTIB9Ts04xSPgQxmwWqXgA5SjqW6iEJC3i1iJEr6Rc8uyKzhj9_wHC2KqGvGySRW7ihKoFzXZq0xm2lU9NrcXJucRmwVH9TqXDbYlizI3zJrXkZyLkHH3lpbPTvIg3WNQdPYFDjx8lx-D5K_c3ukmQ
2025-09-11 10:53:35 [http-nio-7775-exec-1] INFO  a.c.qwisedemoapp.filter.JwtFilter - Extracted username from JWT: asimpenahov8@gmail.com
2025-09-11 10:53:35 [http-nio-7775-exec-1] INFO  a.c.qwisedemoapp.filter.JwtFilter - Current authentication: UsernamePasswordAuthenticationToken [Principal=az.company.qwisedemoapp.domain.entity.UserPrincipal@660920be, Credentials=[PROTECTED], Authenticated=true, Details=WebAuthenticationDetails [RemoteIpAddress=172.19.0.1, SessionId=null], Granted Authorities=[ROLE_ADMIN]]
2025-09-11 10:53:38 [http-nio-7775-exec-1] WARN  o.s.b.a.mail.MailHealthIndicator - Mail health check failed
jakarta.mail.AuthenticationFailedException: 535-5.7.8 Username and Password not accepted. For more information, go to
535 5.7.8  https://support.google.com/mail/?p=BadCredentials ffacd0b85a97d-3e760790154sm2062705f8f.27 - gsmtp

	at org.eclipse.angus.mail.smtp.SMTPTransport$Authenticator.authenticate(SMTPTransport.java:954)
	at org.eclipse.angus.mail.smtp.SMTPTransport.authenticate(SMTPTransport.java:865)
	at org.eclipse.angus.mail.smtp.SMTPTransport.protocolConnect(SMTPTransport.java:769)
	at jakarta.mail.Service.connect(Service.java:345)
	at org.springframework.mail.javamail.JavaMailSenderImpl.connectTransport(JavaMailSenderImpl.java:480)
	at org.springframework.mail.javamail.JavaMailSenderImpl.testConnection(JavaMailSenderImpl.java:360)
	at org.springframework.boot.actuate.mail.MailHealthIndicator.doHealthCheck(MailHealthIndicator.java:52)
	at org.springframework.boot.actuate.health.AbstractHealthIndicator.health(AbstractHealthIndicator.java:82)
	at org.springframework.boot.actuate.health.HealthIndicator.getHealth(HealthIndicator.java:37)
	at org.springframework.boot.actuate.health.HealthEndpointWebExtension.getHealth(HealthEndpointWebExtension.java:94)
	at org.springframework.boot.actuate.health.HealthEndpointWebExtension.getHealth(HealthEndpointWebExtension.java:47)
	at org.springframework.boot.actuate.health.HealthEndpointSupport.getLoggedHealth(HealthEndpointSupport.java:172)
	at org.springframework.boot.actuate.health.HealthEndpointSupport.getContribution(HealthEndpointSupport.java:145)
	at org.springframework.boot.actuate.health.HealthEndpointSupport.getAggregateContribution(HealthEndpointSupport.java:156)
	at org.springframework.boot.actuate.health.HealthEndpointSupport.getContribution(HealthEndpointSupport.java:141)
	at org.springframework.boot.actuate.health.HealthEndpointSupport.getHealth(HealthEndpointSupport.java:110)
	at org.springframework.boot.actuate.health.HealthEndpointSupport.getHealth(HealthEndpointSupport.java:81)
	at org.springframework.boot.actuate.health.HealthEndpointWebExtension.health(HealthEndpointWebExtension.java:80)
	at org.springframework.boot.actuate.health.HealthEndpointWebExtension.health(HealthEndpointWebExtension.java:69)
	at java.base/jdk.internal.reflect.DirectMethodHandleAccessor.invoke(DirectMethodHandleAccessor.java:103)
	at java.base/java.lang.reflect.Method.invoke(Method.java:580)
	at org.springframework.util.ReflectionUtils.invokeMethod(ReflectionUtils.java:281)
	at org.springframework.boot.actuate.endpoint.invoke.reflect.ReflectiveOperationInvoker.invoke(ReflectiveOperationInvoker.java:74)
	at org.springframework.boot.actuate.endpoint.annotation.AbstractDiscoveredOperation.invoke(AbstractDiscoveredOperation.java:60)
	at org.springframework.boot.actuate.endpoint.web.servlet.AbstractWebMvcEndpointHandlerMapping$ServletWebOperationAdapter.handle(AbstractWebMvcEndpointHandlerMapping.java:327)
	at org.springframework.boot.actuate.endpoint.web.servlet.AbstractWebMvcEndpointHandlerMapping$OperationHandler.handle(AbstractWebMvcEndpointHandlerMapping.java:434)
	at java.base/jdk.internal.reflect.DirectMethodHandleAccessor.invoke(DirectMethodHandleAccessor.java:103)
	at java.base/java.lang.reflect.Method.invoke(Method.java:580)
	at org.springframework.web.method.support.InvocableHandlerMethod.doInvoke(InvocableHandlerMethod.java:258)
	at org.springframework.web.method.support.InvocableHandlerMethod.invokeForRequest(InvocableHandlerMethod.java:191)
	at org.springframework.web.servlet.mvc.method.annotation.ServletInvocableHandlerMethod.invokeAndHandle(ServletInvocableHandlerMethod.java:118)
	at org.springframework.web.servlet.mvc.method.annotation.RequestMappingHandlerAdapter.invokeHandlerMethod(RequestMappingHandlerAdapter.java:991)
	at org.springframework.web.servlet.mvc.method.annotation.RequestMappingHandlerAdapter.handleInternal(RequestMappingHandlerAdapter.java:896)
	at org.springframework.web.servlet.mvc.method.AbstractHandlerMethodAdapter.handle(AbstractHandlerMethodAdapter.java:87)
	at org.springframework.web.servlet.DispatcherServlet.doDispatch(DispatcherServlet.java:1089)
	at org.springframework.web.servlet.DispatcherServlet.doService(DispatcherServlet.java:979)
	at org.springframework.web.servlet.FrameworkServlet.processRequest(FrameworkServlet.java:1014)
	at org.springframework.web.servlet.FrameworkServlet.doGet(FrameworkServlet.java:903)
	at jakarta.servlet.http.HttpServlet.service(HttpServlet.java:564)
	at org.springframework.web.servlet.FrameworkServlet.service(FrameworkServlet.java:885)
	at jakarta.servlet.http.HttpServlet.service(HttpServlet.java:658)
	at org.apache.catalina.core.ApplicationFilterChain.internalDoFilter(ApplicationFilterChain.java:195)
	at org.apache.catalina.core.ApplicationFilterChain.doFilter(ApplicationFilterChain.java:140)
	at org.apache.tomcat.websocket.server.WsFilter.doFilter(WsFilter.java:51)
	at org.apache.catalina.core.ApplicationFilterChain.internalDoFilter(ApplicationFilterChain.java:164)
	at org.apache.catalina.core.ApplicationFilterChain.doFilter(ApplicationFilterChain.java:140)
	at org.springframework.web.filter.OncePerRequestFilter.doFilter(OncePerRequestFilter.java:110)
	at org.apache.catalina.core.ApplicationFilterChain.internalDoFilter(ApplicationFilterChain.java:164)
	at org.apache.catalina.core.ApplicationFilterChain.doFilter(ApplicationFilterChain.java:140)
	at org.springframework.web.filter.CompositeFilter$VirtualFilterChain.doFilter(CompositeFilter.java:108)
	at org.springframework.web.filter.CompositeFilter$VirtualFilterChain.doFilter(CompositeFilter.java:108)
	at org.springframework.security.web.FilterChainProxy.lambda$doFilterInternal$3(FilterChainProxy.java:231)
	at org.springframework.security.web.ObservationFilterChainDecorator$FilterObservation$SimpleFilterObservation.lambda$wrap$1(ObservationFilterChainDecorator.java:479)
	at org.springframework.security.web.ObservationFilterChainDecorator$AroundFilterObservation$SimpleAroundFilterObservation.lambda$wrap$1(ObservationFilterChainDecorator.java:340)
	at org.springframework.security.web.ObservationFilterChainDecorator.lambda$wrapSecured$0(ObservationFilterChainDecorator.java:82)
	at org.springframework.security.web.ObservationFilterChainDecorator$VirtualFilterChain.doFilter(ObservationFilterChainDecorator.java:128)
	at org.springframework.security.web.access.intercept.AuthorizationFilter.doFilter(AuthorizationFilter.java:101)
	at org.springframework.security.web.ObservationFilterChainDecorator$ObservationFilter.wrapFilter(ObservationFilterChainDecorator.java:240)
	at org.springframework.security.web.ObservationFilterChainDecorator$ObservationFilter.doFilter(ObservationFilterChainDecorator.java:227)
	at org.springframework.security.web.ObservationFilterChainDecorator$VirtualFilterChain.doFilter(ObservationFilterChainDecorator.java:137)
	at org.springframework.security.web.access.ExceptionTranslationFilter.doFilter(ExceptionTranslationFilter.java:125)
	at org.springframework.security.web.access.ExceptionTranslationFilter.doFilter(ExceptionTranslationFilter.java:119)
	at org.springframework.security.web.ObservationFilterChainDecorator$ObservationFilter.wrapFilter(ObservationFilterChainDecorator.java:240)
	at org.springframework.security.web.ObservationFilterChainDecorator$ObservationFilter.doFilter(ObservationFilterChainDecorator.java:227)
	at org.springframework.security.web.ObservationFilterChainDecorator$VirtualFilterChain.doFilter(ObservationFilterChainDecorator.java:137)
	at org.springframework.security.web.session.SessionManagementFilter.doFilter(SessionManagementFilter.java:131)
	at org.springframework.security.web.session.SessionManagementFilter.doFilter(SessionManagementFilter.java:85)
	at org.springframework.security.web.ObservationFilterChainDecorator$ObservationFilter.wrapFilter(ObservationFilterChainDecorator.java:240)
	at org.springframework.security.web.ObservationFilterChainDecorator$ObservationFilter.doFilter(ObservationFilterChainDecorator.java:227)
	at org.springframework.security.web.ObservationFilterChainDecorator$VirtualFilterChain.doFilter(ObservationFilterChainDecorator.java:137)
	at org.springframework.security.web.authentication.AnonymousAuthenticationFilter.doFilter(AnonymousAuthenticationFilter.java:100)
	at org.springframework.security.web.ObservationFilterChainDecorator$ObservationFilter.wrapFilter(ObservationFilterChainDecorator.java:240)
	at org.springframework.security.web.ObservationFilterChainDecorator$ObservationFilter.doFilter(ObservationFilterChainDecorator.java:227)
	at org.springframework.security.web.ObservationFilterChainDecorator$VirtualFilterChain.doFilter(ObservationFilterChainDecorator.java:137)
	at org.springframework.security.web.servletapi.SecurityContextHolderAwareRequestFilter.doFilter(SecurityContextHolderAwareRequestFilter.java:179)
	at org.springframework.security.web.ObservationFilterChainDecorator$ObservationFilter.wrapFilter(ObservationFilterChainDecorator.java:240)
	at org.springframework.security.web.ObservationFilterChainDecorator$ObservationFilter.doFilter(ObservationFilterChainDecorator.java:227)
	at org.springframework.security.web.ObservationFilterChainDecorator$VirtualFilterChain.doFilter(ObservationFilterChainDecorator.java:137)
	at org.springframework.security.web.savedrequest.RequestCacheAwareFilter.doFilter(RequestCacheAwareFilter.java:63)
	at org.springframework.security.web.ObservationFilterChainDecorator$ObservationFilter.wrapFilter(ObservationFilterChainDecorator.java:240)
	at org.springframework.security.web.ObservationFilterChainDecorator$ObservationFilter.doFilter(ObservationFilterChainDecorator.java:227)
	at org.springframework.security.web.ObservationFilterChainDecorator$VirtualFilterChain.doFilter(ObservationFilterChainDecorator.java:137)
	at org.springframework.security.web.authentication.ui.DefaultLogoutPageGeneratingFilter.doFilterInternal(DefaultLogoutPageGeneratingFilter.java:59)
	at org.springframework.web.filter.OncePerRequestFilter.doFilter(OncePerRequestFilter.java:116)
	at org.springframework.security.web.ObservationFilterChainDecorator$ObservationFilter.wrapFilter(ObservationFilterChainDecorator.java:240)
	at org.springframework.security.web.ObservationFilterChainDecorator$ObservationFilter.doFilter(ObservationFilterChainDecorator.java:227)
	at org.springframework.security.web.ObservationFilterChainDecorator$VirtualFilterChain.doFilter(ObservationFilterChainDecorator.java:137)
	at org.springframework.security.web.authentication.ui.DefaultLoginPageGeneratingFilter.doFilter(DefaultLoginPageGeneratingFilter.java:216)
	at org.springframework.security.web.authentication.ui.DefaultLoginPageGeneratingFilter.doFilter(DefaultLoginPageGeneratingFilter.java:202)
	at org.springframework.security.web.ObservationFilterChainDecorator$ObservationFilter.wrapFilter(ObservationFilterChainDecorator.java:240)
	at org.springframework.security.web.ObservationFilterChainDecorator$ObservationFilter.doFilter(ObservationFilterChainDecorator.java:227)
	at org.springframework.security.web.ObservationFilterChainDecorator$VirtualFilterChain.doFilter(ObservationFilterChainDecorator.java:137)
	at org.springframework.security.web.authentication.ui.DefaultResourcesFilter.doFilter(DefaultResourcesFilter.java:72)
	at org.springframework.security.web.ObservationFilterChainDecorator$ObservationFilter.wrapFilter(ObservationFilterChainDecorator.java:240)
	at org.springframework.security.web.ObservationFilterChainDecorator$ObservationFilter.doFilter(ObservationFilterChainDecorator.java:227)
	at org.springframework.security.web.ObservationFilterChainDecorator$VirtualFilterChain.doFilter(ObservationFilterChainDecorator.java:137)
	at az.company.qwisedemoapp.filter.JwtFilter.doFilterInternal(JwtFilter.java:57)
	at org.springframework.web.filter.OncePerRequestFilter.doFilter(OncePerRequestFilter.java:116)
	at org.springframework.security.web.ObservationFilterChainDecorator$ObservationFilter.wrapFilter(ObservationFilterChainDecorator.java:240)
	at org.springframework.security.web.ObservationFilterChainDecorator$ObservationFilter.doFilter(ObservationFilterChainDecorator.java:227)
	at org.springframework.security.web.ObservationFilterChainDecorator$VirtualFilterChain.doFilter(ObservationFilterChainDecorator.java:137)
	at org.springframework.security.web.authentication.AbstractAuthenticationProcessingFilter.doFilter(AbstractAuthenticationProcessingFilter.java:235)
	at org.springframework.security.web.authentication.AbstractAuthenticationProcessingFilter.doFilter(AbstractAuthenticationProcessingFilter.java:229)
	at org.springframework.security.web.ObservationFilterChainDecorator$ObservationFilter.wrapFilter(ObservationFilterChainDecorator.java:240)
	at org.springframework.security.web.ObservationFilterChainDecorator$ObservationFilter.doFilter(ObservationFilterChainDecorator.java:227)
	at org.springframework.security.web.ObservationFilterChainDecorator$VirtualFilterChain.doFilter(ObservationFilterChainDecorator.java:137)
	at org.springframework.security.oauth2.client.web.OAuth2AuthorizationRequestRedirectFilter.doFilterInternal(OAuth2AuthorizationRequestRedirectFilter.java:198)
	at org.springframework.web.filter.OncePerRequestFilter.doFilter(OncePerRequestFilter.java:116)
	at org.springframework.security.web.ObservationFilterChainDecorator$ObservationFilter.wrapFilter(ObservationFilterChainDecorator.java:240)
	at org.springframework.security.web.ObservationFilterChainDecorator$ObservationFilter.doFilter(ObservationFilterChainDecorator.java:227)
	at org.springframework.security.web.ObservationFilterChainDecorator$VirtualFilterChain.doFilter(ObservationFilterChainDecorator.java:137)
	at org.springframework.security.web.authentication.logout.LogoutFilter.doFilter(LogoutFilter.java:107)
	at org.springframework.security.web.authentication.logout.LogoutFilter.doFilter(LogoutFilter.java:93)
	at org.springframework.security.web.ObservationFilterChainDecorator$ObservationFilter.wrapFilter(ObservationFilterChainDecorator.java:240)
	at org.springframework.security.web.ObservationFilterChainDecorator$ObservationFilter.doFilter(ObservationFilterChainDecorator.java:227)
	at org.springframework.security.web.ObservationFilterChainDecorator$VirtualFilterChain.doFilter(ObservationFilterChainDecorator.java:137)
	at org.springframework.security.web.header.HeaderWriterFilter.doHeadersAfter(HeaderWriterFilter.java:90)
	at org.springframework.security.web.header.HeaderWriterFilter.doFilterInternal(HeaderWriterFilter.java:75)
	at org.springframework.web.filter.OncePerRequestFilter.doFilter(OncePerRequestFilter.java:116)
	at org.springframework.security.web.ObservationFilterChainDecorator$ObservationFilter.wrapFilter(ObservationFilterChainDecorator.java:240)
	at org.springframework.security.web.ObservationFilterChainDecorator$ObservationFilter.doFilter(ObservationFilterChainDecorator.java:227)
	at org.springframework.security.web.ObservationFilterChainDecorator$VirtualFilterChain.doFilter(ObservationFilterChainDecorator.java:137)
	at org.springframework.security.web.context.SecurityContextHolderFilter.doFilter(SecurityContextHolderFilter.java:82)
	at org.springframework.security.web.context.SecurityContextHolderFilter.doFilter(SecurityContextHolderFilter.java:69)
	at org.springframework.security.web.ObservationFilterChainDecorator$ObservationFilter.wrapFilter(ObservationFilterChainDecorator.java:240)
	at org.springframework.security.web.ObservationFilterChainDecorator$ObservationFilter.doFilter(ObservationFilterChainDecorator.java:227)
	at org.springframework.security.web.ObservationFilterChainDecorator$VirtualFilterChain.doFilter(ObservationFilterChainDecorator.java:137)
	at org.springframework.security.web.context.request.async.WebAsyncManagerIntegrationFilter.doFilterInternal(WebAsyncManagerIntegrationFilter.java:62)
	at org.springframework.web.filter.OncePerRequestFilter.doFilter(OncePerRequestFilter.java:116)
	at org.springframework.security.web.ObservationFilterChainDecorator$ObservationFilter.wrapFilter(ObservationFilterChainDecorator.java:240)
	at org.springframework.security.web.ObservationFilterChainDecorator$ObservationFilter.doFilter(ObservationFilterChainDecorator.java:227)
	at org.springframework.security.web.ObservationFilterChainDecorator$VirtualFilterChain.doFilter(ObservationFilterChainDecorator.java:137)
	at org.springframework.security.web.session.DisableEncodeUrlFilter.doFilterInternal(DisableEncodeUrlFilter.java:42)
	at org.springframework.web.filter.OncePerRequestFilter.doFilter(OncePerRequestFilter.java:116)
	at org.springframework.security.web.ObservationFilterChainDecorator$ObservationFilter.wrapFilter(ObservationFilterChainDecorator.java:240)
	at org.springframework.security.web.ObservationFilterChainDecorator$AroundFilterObservation$SimpleAroundFilterObservation.lambda$wrap$0(ObservationFilterChainDecorator.java:323)
	at org.springframework.security.web.ObservationFilterChainDecorator$ObservationFilter.doFilter(ObservationFilterChainDecorator.java:224)
	at org.springframework.security.web.ObservationFilterChainDecorator$VirtualFilterChain.doFilter(ObservationFilterChainDecorator.java:137)
	at org.springframework.security.web.FilterChainProxy.doFilterInternal(FilterChainProxy.java:233)
	at org.springframework.security.web.FilterChainProxy.doFilter(FilterChainProxy.java:191)
	at org.springframework.web.filter.CompositeFilter$VirtualFilterChain.doFilter(CompositeFilter.java:113)
	at org.springframework.web.filter.ServletRequestPathFilter.doFilter(ServletRequestPathFilter.java:52)
	at org.springframework.web.filter.CompositeFilter$VirtualFilterChain.doFilter(CompositeFilter.java:113)
	at org.springframework.web.filter.CompositeFilter.doFilter(CompositeFilter.java:74)
	at org.springframework.security.config.annotation.web.configuration.WebSecurityConfiguration$CompositeFilterChainProxy.doFilter(WebSecurityConfiguration.java:319)
	at org.springframework.web.filter.CompositeFilter$VirtualFilterChain.doFilter(CompositeFilter.java:113)
	at org.springframework.web.servlet.handler.HandlerMappingIntrospector.lambda$createCacheFilter$4(HandlerMappingIntrospector.java:267)
	at org.springframework.web.filter.CompositeFilter$VirtualFilterChain.doFilter(CompositeFilter.java:113)
	at org.springframework.web.filter.CompositeFilter.doFilter(CompositeFilter.java:74)
	at org.springframework.security.config.annotation.web.configuration.WebMvcSecurityConfiguration$CompositeFilterChainProxy.doFilter(WebMvcSecurityConfiguration.java:240)
	at org.springframework.web.filter.DelegatingFilterProxy.invokeDelegate(DelegatingFilterProxy.java:362)
	at org.springframework.web.filter.DelegatingFilterProxy.doFilter(DelegatingFilterProxy.java:278)
	at org.apache.catalina.core.ApplicationFilterChain.internalDoFilter(ApplicationFilterChain.java:164)
	at org.apache.catalina.core.ApplicationFilterChain.doFilter(ApplicationFilterChain.java:140)
	at org.springframework.web.filter.RequestContextFilter.doFilterInternal(RequestContextFilter.java:100)
	at org.springframework.web.filter.OncePerRequestFilter.doFilter(OncePerRequestFilter.java:116)
	at org.apache.catalina.core.ApplicationFilterChain.internalDoFilter(ApplicationFilterChain.java:164)
	at org.apache.catalina.core.ApplicationFilterChain.doFilter(ApplicationFilterChain.java:140)
	at org.springframework.web.filter.FormContentFilter.doFilterInternal(FormContentFilter.java:93)
	at org.springframework.web.filter.OncePerRequestFilter.doFilter(OncePerRequestFilter.java:116)
	at org.apache.catalina.core.ApplicationFilterChain.internalDoFilter(ApplicationFilterChain.java:164)
	at org.apache.catalina.core.ApplicationFilterChain.doFilter(ApplicationFilterChain.java:140)
	at org.springframework.web.filter.ServerHttpObservationFilter.doFilterInternal(ServerHttpObservationFilter.java:110)
	at org.springframework.web.filter.OncePerRequestFilter.doFilter(OncePerRequestFilter.java:116)
	at org.apache.catalina.core.ApplicationFilterChain.internalDoFilter(ApplicationFilterChain.java:164)
	at org.apache.catalina.core.ApplicationFilterChain.doFilter(ApplicationFilterChain.java:140)
	at org.springframework.web.filter.CharacterEncodingFilter.doFilterInternal(CharacterEncodingFilter.java:201)
	at org.springframework.web.filter.OncePerRequestFilter.doFilter(OncePerRequestFilter.java:116)
	at org.apache.catalina.core.ApplicationFilterChain.internalDoFilter(ApplicationFilterChain.java:164)
	at org.apache.catalina.core.ApplicationFilterChain.doFilter(ApplicationFilterChain.java:140)
	at org.apache.catalina.core.StandardWrapperValve.invoke(StandardWrapperValve.java:167)
	at org.apache.catalina.core.StandardContextValve.invoke(StandardContextValve.java:90)
	at org.apache.catalina.authenticator.AuthenticatorBase.invoke(AuthenticatorBase.java:483)
	at org.apache.catalina.core.StandardHostValve.invoke(StandardHostValve.java:116)
	at org.apache.catalina.valves.ErrorReportValve.invoke(ErrorReportValve.java:93)
	at org.apache.catalina.core.StandardEngineValve.invoke(StandardEngineValve.java:74)
	at org.apache.catalina.connector.CoyoteAdapter.service(CoyoteAdapter.java:344)
	at org.apache.coyote.http11.Http11Processor.service(Http11Processor.java:398)
	at org.apache.coyote.AbstractProcessorLight.process(AbstractProcessorLight.java:63)
	at org.apache.coyote.AbstractProtocol$ConnectionHandler.process(AbstractProtocol.java:903)
	at org.apache.tomcat.util.net.NioEndpoint$SocketProcessor.doRun(NioEndpoint.java:1769)
	at org.apache.tomcat.util.net.SocketProcessorBase.run(SocketProcessorBase.java:52)
	at org.apache.tomcat.util.threads.ThreadPoolExecutor.runWorker(ThreadPoolExecutor.java:1189)
	at org.apache.tomcat.util.threads.ThreadPoolExecutor$Worker.run(ThreadPoolExecutor.java:658)
	at org.apache.tomcat.util.threads.TaskThread$WrappingRunnable.run(TaskThread.java:63)
	at java.base/java.lang.Thread.run(Thread.java:1583)
2025-09-11 10:53:47 [http-nio-7775-exec-4] INFO  a.c.qwisedemoapp.filter.JwtFilter - Auth header: Bearer eyJhbGciOiJSUzI1NiJ9.eyJyb2xlcyI6WyJST0xFX0FETUlOIl0sImVtYWlsIjoiYXNpbXBlbmFob3Y4QGdtYWlsLmNvbSIsInN1YiI6ImFzaW1wZW5haG92OEBnbWFpbC5jb20iLCJpYXQiOjE3NTc1ODU0MTgsImV4cCI6MTc1NzU4OTAxOH0.ePDqqdEKUbVNd2nbXGmzjTFkbi5YEDZoKrNUS5FJE2U4hwQoMjoGgDD2j0fSuHn2XGxBQOnjOQm4R1zqa8C_fUvbrrrK_uP1ZwGaDqwpQGm1ZmQe-P4rxisw2KWyPy_rquT2fPuXEzKHYKnxIt6zOGR994QmS02wWWZz0viK26bPY0QDoGjmga30OS-0pg2GhTIB9Ts04xSPgQxmwWqXgA5SjqW6iEJC3i1iJEr6Rc8uyKzhj9_wHC2KqGvGySRW7ihKoFzXZq0xm2lU9NrcXJucRmwVH9TqXDbYlizI3zJrXkZyLkHH3lpbPTvIg3WNQdPYFDjx8lx-D5K_c3ukmQ
2025-09-11 10:53:47 [http-nio-7775-exec-4] INFO  a.c.qwisedemoapp.filter.JwtFilter - Extracted username from JWT: asimpenahov8@gmail.com
2025-09-11 10:53:47 [http-nio-7775-exec-4] INFO  a.c.qwisedemoapp.filter.JwtFilter - Current authentication: UsernamePasswordAuthenticationToken [Principal=az.company.qwisedemoapp.domain.entity.UserPrincipal@71ca6c47, Credentials=[PROTECTED], Authenticated=true, Details=WebAuthenticationDetails [RemoteIpAddress=172.19.0.1, SessionId=null], Granted Authorities=[ROLE_ADMIN]]
2025-09-11 10:53:59 [http-nio-7775-exec-5] INFO  a.c.qwisedemoapp.filter.JwtFilter - Auth header: Bearer eyJhbGciOiJSUzI1NiJ9.eyJyb2xlcyI6WyJST0xFX0FETUlOIl0sImVtYWlsIjoiYXNpbXBlbmFob3Y4QGdtYWlsLmNvbSIsInN1YiI6ImFzaW1wZW5haG92OEBnbWFpbC5jb20iLCJpYXQiOjE3NTc1ODU0MTgsImV4cCI6MTc1NzU4OTAxOH0.ePDqqdEKUbVNd2nbXGmzjTFkbi5YEDZoKrNUS5FJE2U4hwQoMjoGgDD2j0fSuHn2XGxBQOnjOQm4R1zqa8C_fUvbrrrK_uP1ZwGaDqwpQGm1ZmQe-P4rxisw2KWyPy_rquT2fPuXEzKHYKnxIt6zOGR994QmS02wWWZz0viK26bPY0QDoGjmga30OS-0pg2GhTIB9Ts04xSPgQxmwWqXgA5SjqW6iEJC3i1iJEr6Rc8uyKzhj9_wHC2KqGvGySRW7ihKoFzXZq0xm2lU9NrcXJucRmwVH9TqXDbYlizI3zJrXkZyLkHH3lpbPTvIg3WNQdPYFDjx8lx-D5K_c3ukmQ
2025-09-11 10:53:59 [http-nio-7775-exec-5] INFO  a.c.qwisedemoapp.filter.JwtFilter - Extracted username from JWT: asimpenahov8@gmail.com
2025-09-11 10:53:59 [http-nio-7775-exec-5] INFO  a.c.qwisedemoapp.filter.JwtFilter - Current authentication: UsernamePasswordAuthenticationToken [Principal=az.company.qwisedemoapp.domain.entity.UserPrincipal@5cfdf28f, Credentials=[PROTECTED], Authenticated=true, Details=WebAuthenticationDetails [RemoteIpAddress=172.19.0.1, SessionId=null], Granted Authorities=[ROLE_ADMIN]]
2025-09-11 10:54:47 [http-nio-7775-exec-7] INFO  a.c.qwisedemoapp.filter.JwtFilter - Auth header: Bearer eyJhbGciOiJSUzI1NiJ9.eyJyb2xlcyI6WyJST0xFX0FETUlOIl0sImVtYWlsIjoiYXNpbXBlbmFob3Y4QGdtYWlsLmNvbSIsInN1YiI6ImFzaW1wZW5haG92OEBnbWFpbC5jb20iLCJpYXQiOjE3NTc1ODU0MTgsImV4cCI6MTc1NzU4OTAxOH0.ePDqqdEKUbVNd2nbXGmzjTFkbi5YEDZoKrNUS5FJE2U4hwQoMjoGgDD2j0fSuHn2XGxBQOnjOQm4R1zqa8C_fUvbrrrK_uP1ZwGaDqwpQGm1ZmQe-P4rxisw2KWyPy_rquT2fPuXEzKHYKnxIt6zOGR994QmS02wWWZz0viK26bPY0QDoGjmga30OS-0pg2GhTIB9Ts04xSPgQxmwWqXgA5SjqW6iEJC3i1iJEr6Rc8uyKzhj9_wHC2KqGvGySRW7ihKoFzXZq0xm2lU9NrcXJucRmwVH9TqXDbYlizI3zJrXkZyLkHH3lpbPTvIg3WNQdPYFDjx8lx-D5K_c3ukmQ
2025-09-11 10:54:47 [http-nio-7775-exec-7] INFO  a.c.qwisedemoapp.filter.JwtFilter - Extracted username from JWT: asimpenahov8@gmail.com
2025-09-11 10:54:47 [http-nio-7775-exec-7] INFO  a.c.qwisedemoapp.filter.JwtFilter - Current authentication: UsernamePasswordAuthenticationToken [Principal=az.company.qwisedemoapp.domain.entity.UserPrincipal@54048bbe, Credentials=[PROTECTED], Authenticated=true, Details=WebAuthenticationDetails [RemoteIpAddress=172.19.0.1, SessionId=null], Granted Authorities=[ROLE_ADMIN]]
2025-09-11 10:54:49 [http-nio-7775-exec-7] WARN  o.s.b.a.mail.MailHealthIndicator - Mail health check failed
jakarta.mail.AuthenticationFailedException: 535-5.7.8 Username and Password not accepted. For more information, go to
535 5.7.8  https://support.google.com/mail/?p=BadCredentials ffacd0b85a97d-3e7607e1232sm2013993f8f.56 - gsmtp

	at org.eclipse.angus.mail.smtp.SMTPTransport$Authenticator.authenticate(SMTPTransport.java:954)
	at org.eclipse.angus.mail.smtp.SMTPTransport.authenticate(SMTPTransport.java:865)
	at org.eclipse.angus.mail.smtp.SMTPTransport.protocolConnect(SMTPTransport.java:769)
	at jakarta.mail.Service.connect(Service.java:345)
	at org.springframework.mail.javamail.JavaMailSenderImpl.connectTransport(JavaMailSenderImpl.java:480)
	at org.springframework.mail.javamail.JavaMailSenderImpl.testConnection(JavaMailSenderImpl.java:360)
	at org.springframework.boot.actuate.mail.MailHealthIndicator.doHealthCheck(MailHealthIndicator.java:52)
	at org.springframework.boot.actuate.health.AbstractHealthIndicator.health(AbstractHealthIndicator.java:82)
	at org.springframework.boot.actuate.health.HealthIndicator.getHealth(HealthIndicator.java:37)
	at org.springframework.boot.actuate.health.HealthEndpointWebExtension.getHealth(HealthEndpointWebExtension.java:94)
	at org.springframework.boot.actuate.health.HealthEndpointWebExtension.getHealth(HealthEndpointWebExtension.java:47)
	at org.springframework.boot.actuate.health.HealthEndpointSupport.getLoggedHealth(HealthEndpointSupport.java:172)
	at org.springframework.boot.actuate.health.HealthEndpointSupport.getContribution(HealthEndpointSupport.java:145)
	at org.springframework.boot.actuate.health.HealthEndpointSupport.getAggregateContribution(HealthEndpointSupport.java:156)
	at org.springframework.boot.actuate.health.HealthEndpointSupport.getContribution(HealthEndpointSupport.java:141)
	at org.springframework.boot.actuate.health.HealthEndpointSupport.getHealth(HealthEndpointSupport.java:110)
	at org.springframework.boot.actuate.health.HealthEndpointSupport.getHealth(HealthEndpointSupport.java:81)
	at org.springframework.boot.actuate.health.HealthEndpointWebExtension.health(HealthEndpointWebExtension.java:80)
	at org.springframework.boot.actuate.health.HealthEndpointWebExtension.health(HealthEndpointWebExtension.java:69)
	at java.base/jdk.internal.reflect.DirectMethodHandleAccessor.invoke(DirectMethodHandleAccessor.java:103)
	at java.base/java.lang.reflect.Method.invoke(Method.java:580)
	at org.springframework.util.ReflectionUtils.invokeMethod(ReflectionUtils.java:281)
	at org.springframework.boot.actuate.endpoint.invoke.reflect.ReflectiveOperationInvoker.invoke(ReflectiveOperationInvoker.java:74)
	at org.springframework.boot.actuate.endpoint.annotation.AbstractDiscoveredOperation.invoke(AbstractDiscoveredOperation.java:60)
	at org.springframework.boot.actuate.endpoint.web.servlet.AbstractWebMvcEndpointHandlerMapping$ServletWebOperationAdapter.handle(AbstractWebMvcEndpointHandlerMapping.java:327)
	at org.springframework.boot.actuate.endpoint.web.servlet.AbstractWebMvcEndpointHandlerMapping$OperationHandler.handle(AbstractWebMvcEndpointHandlerMapping.java:434)
	at java.base/jdk.internal.reflect.DirectMethodHandleAccessor.invoke(DirectMethodHandleAccessor.java:103)
	at java.base/java.lang.reflect.Method.invoke(Method.java:580)
	at org.springframework.web.method.support.InvocableHandlerMethod.doInvoke(InvocableHandlerMethod.java:258)
	at org.springframework.web.method.support.InvocableHandlerMethod.invokeForRequest(InvocableHandlerMethod.java:191)
	at org.springframework.web.servlet.mvc.method.annotation.ServletInvocableHandlerMethod.invokeAndHandle(ServletInvocableHandlerMethod.java:118)
	at org.springframework.web.servlet.mvc.method.annotation.RequestMappingHandlerAdapter.invokeHandlerMethod(RequestMappingHandlerAdapter.java:991)
	at org.springframework.web.servlet.mvc.method.annotation.RequestMappingHandlerAdapter.handleInternal(RequestMappingHandlerAdapter.java:896)
	at org.springframework.web.servlet.mvc.method.AbstractHandlerMethodAdapter.handle(AbstractHandlerMethodAdapter.java:87)
	at org.springframework.web.servlet.DispatcherServlet.doDispatch(DispatcherServlet.java:1089)
	at org.springframework.web.servlet.DispatcherServlet.doService(DispatcherServlet.java:979)
	at org.springframework.web.servlet.FrameworkServlet.processRequest(FrameworkServlet.java:1014)
	at org.springframework.web.servlet.FrameworkServlet.doGet(FrameworkServlet.java:903)
	at jakarta.servlet.http.HttpServlet.service(HttpServlet.java:564)
	at org.springframework.web.servlet.FrameworkServlet.service(FrameworkServlet.java:885)
	at jakarta.servlet.http.HttpServlet.service(HttpServlet.java:658)
	at org.apache.catalina.core.ApplicationFilterChain.internalDoFilter(ApplicationFilterChain.java:195)
	at org.apache.catalina.core.ApplicationFilterChain.doFilter(ApplicationFilterChain.java:140)
	at org.apache.tomcat.websocket.server.WsFilter.doFilter(WsFilter.java:51)
	at org.apache.catalina.core.ApplicationFilterChain.internalDoFilter(ApplicationFilterChain.java:164)
	at org.apache.catalina.core.ApplicationFilterChain.doFilter(ApplicationFilterChain.java:140)
	at org.springframework.web.filter.OncePerRequestFilter.doFilter(OncePerRequestFilter.java:110)
	at org.apache.catalina.core.ApplicationFilterChain.internalDoFilter(ApplicationFilterChain.java:164)
	at org.apache.catalina.core.ApplicationFilterChain.doFilter(ApplicationFilterChain.java:140)
	at org.springframework.web.filter.CompositeFilter$VirtualFilterChain.doFilter(CompositeFilter.java:108)
	at org.springframework.web.filter.CompositeFilter$VirtualFilterChain.doFilter(CompositeFilter.java:108)
	at org.springframework.security.web.FilterChainProxy.lambda$doFilterInternal$3(FilterChainProxy.java:231)
	at org.springframework.security.web.ObservationFilterChainDecorator$FilterObservation$SimpleFilterObservation.lambda$wrap$1(ObservationFilterChainDecorator.java:479)
	at org.springframework.security.web.ObservationFilterChainDecorator$AroundFilterObservation$SimpleAroundFilterObservation.lambda$wrap$1(ObservationFilterChainDecorator.java:340)
	at org.springframework.security.web.ObservationFilterChainDecorator.lambda$wrapSecured$0(ObservationFilterChainDecorator.java:82)
	at org.springframework.security.web.ObservationFilterChainDecorator$VirtualFilterChain.doFilter(ObservationFilterChainDecorator.java:128)
	at org.springframework.security.web.access.intercept.AuthorizationFilter.doFilter(AuthorizationFilter.java:101)
	at org.springframework.security.web.ObservationFilterChainDecorator$ObservationFilter.wrapFilter(ObservationFilterChainDecorator.java:240)
	at org.springframework.security.web.ObservationFilterChainDecorator$ObservationFilter.doFilter(ObservationFilterChainDecorator.java:227)
	at org.springframework.security.web.ObservationFilterChainDecorator$VirtualFilterChain.doFilter(ObservationFilterChainDecorator.java:137)
	at org.springframework.security.web.access.ExceptionTranslationFilter.doFilter(ExceptionTranslationFilter.java:125)
	at org.springframework.security.web.access.ExceptionTranslationFilter.doFilter(ExceptionTranslationFilter.java:119)
	at org.springframework.security.web.ObservationFilterChainDecorator$ObservationFilter.wrapFilter(ObservationFilterChainDecorator.java:240)
	at org.springframework.security.web.ObservationFilterChainDecorator$ObservationFilter.doFilter(ObservationFilterChainDecorator.java:227)
	at org.springframework.security.web.ObservationFilterChainDecorator$VirtualFilterChain.doFilter(ObservationFilterChainDecorator.java:137)
	at org.springframework.security.web.session.SessionManagementFilter.doFilter(SessionManagementFilter.java:131)
	at org.springframework.security.web.session.SessionManagementFilter.doFilter(SessionManagementFilter.java:85)
	at org.springframework.security.web.ObservationFilterChainDecorator$ObservationFilter.wrapFilter(ObservationFilterChainDecorator.java:240)
	at org.springframework.security.web.ObservationFilterChainDecorator$ObservationFilter.doFilter(ObservationFilterChainDecorator.java:227)
	at org.springframework.security.web.ObservationFilterChainDecorator$VirtualFilterChain.doFilter(ObservationFilterChainDecorator.java:137)
	at org.springframework.security.web.authentication.AnonymousAuthenticationFilter.doFilter(AnonymousAuthenticationFilter.java:100)
	at org.springframework.security.web.ObservationFilterChainDecorator$ObservationFilter.wrapFilter(ObservationFilterChainDecorator.java:240)
	at org.springframework.security.web.ObservationFilterChainDecorator$ObservationFilter.doFilter(ObservationFilterChainDecorator.java:227)
	at org.springframework.security.web.ObservationFilterChainDecorator$VirtualFilterChain.doFilter(ObservationFilterChainDecorator.java:137)
	at org.springframework.security.web.servletapi.SecurityContextHolderAwareRequestFilter.doFilter(SecurityContextHolderAwareRequestFilter.java:179)
	at org.springframework.security.web.ObservationFilterChainDecorator$ObservationFilter.wrapFilter(ObservationFilterChainDecorator.java:240)
	at org.springframework.security.web.ObservationFilterChainDecorator$ObservationFilter.doFilter(ObservationFilterChainDecorator.java:227)
	at org.springframework.security.web.ObservationFilterChainDecorator$VirtualFilterChain.doFilter(ObservationFilterChainDecorator.java:137)
	at org.springframework.security.web.savedrequest.RequestCacheAwareFilter.doFilter(RequestCacheAwareFilter.java:63)
	at org.springframework.security.web.ObservationFilterChainDecorator$ObservationFilter.wrapFilter(ObservationFilterChainDecorator.java:240)
	at org.springframework.security.web.ObservationFilterChainDecorator$ObservationFilter.doFilter(ObservationFilterChainDecorator.java:227)
	at org.springframework.security.web.ObservationFilterChainDecorator$VirtualFilterChain.doFilter(ObservationFilterChainDecorator.java:137)
	at org.springframework.security.web.authentication.ui.DefaultLogoutPageGeneratingFilter.doFilterInternal(DefaultLogoutPageGeneratingFilter.java:59)
	at org.springframework.web.filter.OncePerRequestFilter.doFilter(OncePerRequestFilter.java:116)
	at org.springframework.security.web.ObservationFilterChainDecorator$ObservationFilter.wrapFilter(ObservationFilterChainDecorator.java:240)
	at org.springframework.security.web.ObservationFilterChainDecorator$ObservationFilter.doFilter(ObservationFilterChainDecorator.java:227)
	at org.springframework.security.web.ObservationFilterChainDecorator$VirtualFilterChain.doFilter(ObservationFilterChainDecorator.java:137)
	at org.springframework.security.web.authentication.ui.DefaultLoginPageGeneratingFilter.doFilter(DefaultLoginPageGeneratingFilter.java:216)
	at org.springframework.security.web.authentication.ui.DefaultLoginPageGeneratingFilter.doFilter(DefaultLoginPageGeneratingFilter.java:202)
	at org.springframework.security.web.ObservationFilterChainDecorator$ObservationFilter.wrapFilter(ObservationFilterChainDecorator.java:240)
	at org.springframework.security.web.ObservationFilterChainDecorator$ObservationFilter.doFilter(ObservationFilterChainDecorator.java:227)
	at org.springframework.security.web.ObservationFilterChainDecorator$VirtualFilterChain.doFilter(ObservationFilterChainDecorator.java:137)
	at org.springframework.security.web.authentication.ui.DefaultResourcesFilter.doFilter(DefaultResourcesFilter.java:72)
	at org.springframework.security.web.ObservationFilterChainDecorator$ObservationFilter.wrapFilter(ObservationFilterChainDecorator.java:240)
	at org.springframework.security.web.ObservationFilterChainDecorator$ObservationFilter.doFilter(ObservationFilterChainDecorator.java:227)
	at org.springframework.security.web.ObservationFilterChainDecorator$VirtualFilterChain.doFilter(ObservationFilterChainDecorator.java:137)
	at az.company.qwisedemoapp.filter.JwtFilter.doFilterInternal(JwtFilter.java:57)
	at org.springframework.web.filter.OncePerRequestFilter.doFilter(OncePerRequestFilter.java:116)
	at org.springframework.security.web.ObservationFilterChainDecorator$ObservationFilter.wrapFilter(ObservationFilterChainDecorator.java:240)
	at org.springframework.security.web.ObservationFilterChainDecorator$ObservationFilter.doFilter(ObservationFilterChainDecorator.java:227)
	at org.springframework.security.web.ObservationFilterChainDecorator$VirtualFilterChain.doFilter(ObservationFilterChainDecorator.java:137)
	at org.springframework.security.web.authentication.AbstractAuthenticationProcessingFilter.doFilter(AbstractAuthenticationProcessingFilter.java:235)
	at org.springframework.security.web.authentication.AbstractAuthenticationProcessingFilter.doFilter(AbstractAuthenticationProcessingFilter.java:229)
	at org.springframework.security.web.ObservationFilterChainDecorator$ObservationFilter.wrapFilter(ObservationFilterChainDecorator.java:240)
	at org.springframework.security.web.ObservationFilterChainDecorator$ObservationFilter.doFilter(ObservationFilterChainDecorator.java:227)
	at org.springframework.security.web.ObservationFilterChainDecorator$VirtualFilterChain.doFilter(ObservationFilterChainDecorator.java:137)
	at org.springframework.security.oauth2.client.web.OAuth2AuthorizationRequestRedirectFilter.doFilterInternal(OAuth2AuthorizationRequestRedirectFilter.java:198)
	at org.springframework.web.filter.OncePerRequestFilter.doFilter(OncePerRequestFilter.java:116)
	at org.springframework.security.web.ObservationFilterChainDecorator$ObservationFilter.wrapFilter(ObservationFilterChainDecorator.java:240)
	at org.springframework.security.web.ObservationFilterChainDecorator$ObservationFilter.doFilter(ObservationFilterChainDecorator.java:227)
	at org.springframework.security.web.ObservationFilterChainDecorator$VirtualFilterChain.doFilter(ObservationFilterChainDecorator.java:137)
	at org.springframework.security.web.authentication.logout.LogoutFilter.doFilter(LogoutFilter.java:107)
	at org.springframework.security.web.authentication.logout.LogoutFilter.doFilter(LogoutFilter.java:93)
	at org.springframework.security.web.ObservationFilterChainDecorator$ObservationFilter.wrapFilter(ObservationFilterChainDecorator.java:240)
	at org.springframework.security.web.ObservationFilterChainDecorator$ObservationFilter.doFilter(ObservationFilterChainDecorator.java:227)
	at org.springframework.security.web.ObservationFilterChainDecorator$VirtualFilterChain.doFilter(ObservationFilterChainDecorator.java:137)
	at org.springframework.security.web.header.HeaderWriterFilter.doHeadersAfter(HeaderWriterFilter.java:90)
	at org.springframework.security.web.header.HeaderWriterFilter.doFilterInternal(HeaderWriterFilter.java:75)
	at org.springframework.web.filter.OncePerRequestFilter.doFilter(OncePerRequestFilter.java:116)
	at org.springframework.security.web.ObservationFilterChainDecorator$ObservationFilter.wrapFilter(ObservationFilterChainDecorator.java:240)
	at org.springframework.security.web.ObservationFilterChainDecorator$ObservationFilter.doFilter(ObservationFilterChainDecorator.java:227)
	at org.springframework.security.web.ObservationFilterChainDecorator$VirtualFilterChain.doFilter(ObservationFilterChainDecorator.java:137)
	at org.springframework.security.web.context.SecurityContextHolderFilter.doFilter(SecurityContextHolderFilter.java:82)
	at org.springframework.security.web.context.SecurityContextHolderFilter.doFilter(SecurityContextHolderFilter.java:69)
	at org.springframework.security.web.ObservationFilterChainDecorator$ObservationFilter.wrapFilter(ObservationFilterChainDecorator.java:240)
	at org.springframework.security.web.ObservationFilterChainDecorator$ObservationFilter.doFilter(ObservationFilterChainDecorator.java:227)
	at org.springframework.security.web.ObservationFilterChainDecorator$VirtualFilterChain.doFilter(ObservationFilterChainDecorator.java:137)
	at org.springframework.security.web.context.request.async.WebAsyncManagerIntegrationFilter.doFilterInternal(WebAsyncManagerIntegrationFilter.java:62)
	at org.springframework.web.filter.OncePerRequestFilter.doFilter(OncePerRequestFilter.java:116)
	at org.springframework.security.web.ObservationFilterChainDecorator$ObservationFilter.wrapFilter(ObservationFilterChainDecorator.java:240)
	at org.springframework.security.web.ObservationFilterChainDecorator$ObservationFilter.doFilter(ObservationFilterChainDecorator.java:227)
	at org.springframework.security.web.ObservationFilterChainDecorator$VirtualFilterChain.doFilter(ObservationFilterChainDecorator.java:137)
	at org.springframework.security.web.session.DisableEncodeUrlFilter.doFilterInternal(DisableEncodeUrlFilter.java:42)
	at org.springframework.web.filter.OncePerRequestFilter.doFilter(OncePerRequestFilter.java:116)
	at org.springframework.security.web.ObservationFilterChainDecorator$ObservationFilter.wrapFilter(ObservationFilterChainDecorator.java:240)
	at org.springframework.security.web.ObservationFilterChainDecorator$AroundFilterObservation$SimpleAroundFilterObservation.lambda$wrap$0(ObservationFilterChainDecorator.java:323)
	at org.springframework.security.web.ObservationFilterChainDecorator$ObservationFilter.doFilter(ObservationFilterChainDecorator.java:224)
	at org.springframework.security.web.ObservationFilterChainDecorator$VirtualFilterChain.doFilter(ObservationFilterChainDecorator.java:137)
	at org.springframework.security.web.FilterChainProxy.doFilterInternal(FilterChainProxy.java:233)
	at org.springframework.security.web.FilterChainProxy.doFilter(FilterChainProxy.java:191)
	at org.springframework.web.filter.CompositeFilter$VirtualFilterChain.doFilter(CompositeFilter.java:113)
	at org.springframework.web.filter.ServletRequestPathFilter.doFilter(ServletRequestPathFilter.java:52)
	at org.springframework.web.filter.CompositeFilter$VirtualFilterChain.doFilter(CompositeFilter.java:113)
	at org.springframework.web.filter.CompositeFilter.doFilter(CompositeFilter.java:74)
	at org.springframework.security.config.annotation.web.configuration.WebSecurityConfiguration$CompositeFilterChainProxy.doFilter(WebSecurityConfiguration.java:319)
	at org.springframework.web.filter.CompositeFilter$VirtualFilterChain.doFilter(CompositeFilter.java:113)
	at org.springframework.web.servlet.handler.HandlerMappingIntrospector.lambda$createCacheFilter$4(HandlerMappingIntrospector.java:267)
	at org.springframework.web.filter.CompositeFilter$VirtualFilterChain.doFilter(CompositeFilter.java:113)
	at org.springframework.web.filter.CompositeFilter.doFilter(CompositeFilter.java:74)
	at org.springframework.security.config.annotation.web.configuration.WebMvcSecurityConfiguration$CompositeFilterChainProxy.doFilter(WebMvcSecurityConfiguration.java:240)
	at org.springframework.web.filter.DelegatingFilterProxy.invokeDelegate(DelegatingFilterProxy.java:362)
	at org.springframework.web.filter.DelegatingFilterProxy.doFilter(DelegatingFilterProxy.java:278)
	at org.apache.catalina.core.ApplicationFilterChain.internalDoFilter(ApplicationFilterChain.java:164)
	at org.apache.catalina.core.ApplicationFilterChain.doFilter(ApplicationFilterChain.java:140)
	at org.springframework.web.filter.RequestContextFilter.doFilterInternal(RequestContextFilter.java:100)
	at org.springframework.web.filter.OncePerRequestFilter.doFilter(OncePerRequestFilter.java:116)
	at org.apache.catalina.core.ApplicationFilterChain.internalDoFilter(ApplicationFilterChain.java:164)
	at org.apache.catalina.core.ApplicationFilterChain.doFilter(ApplicationFilterChain.java:140)
	at org.springframework.web.filter.FormContentFilter.doFilterInternal(FormContentFilter.java:93)
	at org.springframework.web.filter.OncePerRequestFilter.doFilter(OncePerRequestFilter.java:116)
	at org.apache.catalina.core.ApplicationFilterChain.internalDoFilter(ApplicationFilterChain.java:164)
	at org.apache.catalina.core.ApplicationFilterChain.doFilter(ApplicationFilterChain.java:140)
	at org.springframework.web.filter.ServerHttpObservationFilter.doFilterInternal(ServerHttpObservationFilter.java:110)
	at org.springframework.web.filter.OncePerRequestFilter.doFilter(OncePerRequestFilter.java:116)
	at org.apache.catalina.core.ApplicationFilterChain.internalDoFilter(ApplicationFilterChain.java:164)
	at org.apache.catalina.core.ApplicationFilterChain.doFilter(ApplicationFilterChain.java:140)
	at org.springframework.web.filter.CharacterEncodingFilter.doFilterInternal(CharacterEncodingFilter.java:201)
	at org.springframework.web.filter.OncePerRequestFilter.doFilter(OncePerRequestFilter.java:116)
	at org.apache.catalina.core.ApplicationFilterChain.internalDoFilter(ApplicationFilterChain.java:164)
	at org.apache.catalina.core.ApplicationFilterChain.doFilter(ApplicationFilterChain.java:140)
	at org.apache.catalina.core.StandardWrapperValve.invoke(StandardWrapperValve.java:167)
	at org.apache.catalina.core.StandardContextValve.invoke(StandardContextValve.java:90)
	at org.apache.catalina.authenticator.AuthenticatorBase.invoke(AuthenticatorBase.java:483)
	at org.apache.catalina.core.StandardHostValve.invoke(StandardHostValve.java:116)
	at org.apache.catalina.valves.ErrorReportValve.invoke(ErrorReportValve.java:93)
	at org.apache.catalina.core.StandardEngineValve.invoke(StandardEngineValve.java:74)
	at org.apache.catalina.connector.CoyoteAdapter.service(CoyoteAdapter.java:344)
	at org.apache.coyote.http11.Http11Processor.service(Http11Processor.java:398)
	at org.apache.coyote.AbstractProcessorLight.process(AbstractProcessorLight.java:63)
	at org.apache.coyote.AbstractProtocol$ConnectionHandler.process(AbstractProtocol.java:903)
	at org.apache.tomcat.util.net.NioEndpoint$SocketProcessor.doRun(NioEndpoint.java:1769)
	at org.apache.tomcat.util.net.SocketProcessorBase.run(SocketProcessorBase.java:52)
	at org.apache.tomcat.util.threads.ThreadPoolExecutor.runWorker(ThreadPoolExecutor.java:1189)
	at org.apache.tomcat.util.threads.ThreadPoolExecutor$Worker.run(ThreadPoolExecutor.java:658)
	at org.apache.tomcat.util.threads.TaskThread$WrappingRunnable.run(TaskThread.java:63)
	at java.base/java.lang.Thread.run(Thread.java:1583)
2025-09-11 11:13:59 [background-preinit] INFO  o.h.validator.internal.util.Version - HV000001: Hibernate Validator 8.0.2.Final
2025-09-11 11:13:59 [main] INFO  a.c.q.QwiseDemoAppApplication - Starting QwiseDemoAppApplication v1.0.0 using Java 21 with PID 1 (/app/app.jar started by root in /app)
2025-09-11 11:13:59 [main] DEBUG a.c.q.QwiseDemoAppApplication - Running with Spring Boot v3.5.4, Spring v6.2.9
2025-09-11 11:13:59 [main] INFO  a.c.q.QwiseDemoAppApplication - The following 1 profile is active: "dev"
2025-09-11 11:14:01 [main] INFO  o.s.d.r.c.RepositoryConfigurationDelegate - Bootstrapping Spring Data JPA repositories in DEFAULT mode.
2025-09-11 11:14:01 [main] INFO  o.s.d.r.c.RepositoryConfigurationDelegate - Finished Spring Data repository scanning in 105 ms. Found 6 JPA repository interfaces.
2025-09-11 11:14:03 [main] INFO  o.s.b.w.e.tomcat.TomcatWebServer - Tomcat initialized with port 7775 (http)
2025-09-11 11:14:03 [main] INFO  o.a.coyote.http11.Http11NioProtocol - Initializing ProtocolHandler ["http-nio-7775"]
2025-09-11 11:14:03 [main] INFO  o.a.catalina.core.StandardService - Starting service [Tomcat]
2025-09-11 11:14:03 [main] INFO  o.a.catalina.core.StandardEngine - Starting Servlet engine: [Apache Tomcat/10.1.43]
2025-09-11 11:14:03 [main] INFO  o.a.c.c.C.[Tomcat].[localhost].[/] - Initializing Spring embedded WebApplicationContext
2025-09-11 11:14:03 [main] INFO  o.s.b.w.s.c.ServletWebServerApplicationContext - Root WebApplicationContext: initialization completed in 3711 ms
2025-09-11 11:14:03 [main] INFO  o.h.jpa.internal.util.LogHelper - HHH000204: Processing PersistenceUnitInfo [name: default]
2025-09-11 11:14:03 [main] INFO  org.hibernate.Version - HHH000412: Hibernate ORM core version 6.6.22.Final
2025-09-11 11:14:03 [main] INFO  o.h.c.i.RegionFactoryInitiator - HHH000026: Second-level cache disabled
2025-09-11 11:14:04 [main] INFO  o.s.o.j.p.SpringPersistenceUnitInfo - No LoadTimeWeaver setup: ignoring JPA class transformer
2025-09-11 11:14:04 [main] INFO  com.zaxxer.hikari.HikariDataSource - HikariPool-1 - Starting...
2025-09-11 11:14:05 [main] INFO  com.zaxxer.hikari.pool.HikariPool - HikariPool-1 - Added connection org.postgresql.jdbc.PgConnection@c7269ad
2025-09-11 11:14:05 [main] INFO  com.zaxxer.hikari.HikariDataSource - HikariPool-1 - Start completed.
2025-09-11 11:14:05 [main] WARN  org.hibernate.orm.deprecation - HHH90000025: PostgreSQLDialect does not need to be specified explicitly using 'hibernate.dialect' (remove the property setting and it will be selected by default)
2025-09-11 11:14:05 [main] INFO  o.hibernate.orm.connections.pooling - HHH10001005: Database info:
	Database JDBC URL [Connecting through datasource 'HikariDataSource (HikariPool-1)']
	Database driver: undefined/unknown
	Database version: 17.5
	Autocommit mode: undefined/unknown
	Isolation level: undefined/unknown
	Minimum pool size: undefined/unknown
	Maximum pool size: undefined/unknown
2025-09-11 11:14:07 [main] INFO  o.h.e.t.j.p.i.JtaPlatformInitiator - HHH000489: No JTA platform available (set 'hibernate.transaction.jta.platform' to enable JTA platform integration)
2025-09-11 11:14:07 [main] INFO  o.s.o.j.LocalContainerEntityManagerFactoryBean - Initialized JPA EntityManagerFactory for persistence unit 'default'
2025-09-11 11:14:08 [main] DEBUG a.c.qwisedemoapp.filter.JwtFilter - Filter 'jwtFilter' configured for use
2025-09-11 11:14:08 [main] INFO  o.s.d.j.r.query.QueryEnhancerFactory - Hibernate is in classpath; If applicable, HQL parser will be used.
2025-09-11 11:14:10 [main] INFO  o.s.s.c.a.a.c.InitializeAuthenticationProviderBeanManagerConfigurer$InitializeAuthenticationProviderManagerConfigurer - Global AuthenticationManager configured with AuthenticationProvider bean with name customAuthenticationProvider
2025-09-11 11:14:10 [main] WARN  o.s.s.c.a.a.c.InitializeUserDetailsBeanManagerConfigurer$InitializeUserDetailsManagerConfigurer - Global AuthenticationManager configured with an AuthenticationProvider bean. UserDetailsService beans will not be used by Spring Security for automatically configuring username/password login. Consider removing the AuthenticationProvider bean. Alternatively, consider using the UserDetailsService in a manually instantiated DaoAuthenticationProvider. If the current configuration is intentional, to turn off this warning, increase the logging level of 'org.springframework.security.config.annotation.authentication.configuration.InitializeUserDetailsBeanManagerConfigurer' to ERROR
2025-09-11 11:14:11 [main] WARN  o.s.b.a.o.j.JpaBaseConfiguration$JpaWebConfiguration - spring.jpa.open-in-view is enabled by default. Therefore, database queries may be performed during view rendering. Explicitly configure spring.jpa.open-in-view to disable this warning
2025-09-11 11:14:12 [main] INFO  o.s.b.a.e.web.EndpointLinksResolver - Exposing 14 endpoints beneath base path '/actuator'
2025-09-11 11:14:13 [main] INFO  o.a.coyote.http11.Http11NioProtocol - Starting ProtocolHandler ["http-nio-7775"]
2025-09-11 11:14:13 [main] INFO  o.s.b.w.e.tomcat.TomcatWebServer - Tomcat started on port 7775 (http) with context path '/'
2025-09-11 11:14:13 [main] INFO  a.c.q.QwiseDemoAppApplication - Started QwiseDemoAppApplication in 14.726 seconds (process running for 15.604)
2025-09-11 11:14:24 [http-nio-7775-exec-2] INFO  o.a.c.c.C.[Tomcat].[localhost].[/] - Initializing Spring DispatcherServlet 'dispatcherServlet'
2025-09-11 11:14:24 [http-nio-7775-exec-2] INFO  o.s.web.servlet.DispatcherServlet - Initializing Servlet 'dispatcherServlet'
2025-09-11 11:14:24 [http-nio-7775-exec-2] INFO  o.s.web.servlet.DispatcherServlet - Completed initialization in 2 ms
2025-09-11 11:14:24 [http-nio-7775-exec-2] ERROR o.a.c.c.C.[.[.[.[dispatcherServlet] - Servlet.service() for servlet [dispatcherServlet] in context with path [] threw exception
io.jsonwebtoken.ExpiredJwtException: JWT expired 246640 milliseconds ago at 2025-09-11T11:10:18.000Z. Current time: 2025-09-11T11:14:24.640Z. Allowed clock skew: 0 milliseconds.
	at io.jsonwebtoken.impl.DefaultJwtParser.parse(DefaultJwtParser.java:682)
	at io.jsonwebtoken.impl.DefaultJwtParser.parse(DefaultJwtParser.java:362)
	at io.jsonwebtoken.impl.DefaultJwtParser.parse(DefaultJwtParser.java:94)
	at io.jsonwebtoken.impl.io.AbstractParser.parse(AbstractParser.java:36)
	at io.jsonwebtoken.impl.io.AbstractParser.parse(AbstractParser.java:29)
	at io.jsonwebtoken.impl.DefaultJwtParser.parseSignedClaims(DefaultJwtParser.java:821)
	at az.company.qwisedemoapp.service.auth.JwtService.extractAllClaims(JwtService.java:73)
	at az.company.qwisedemoapp.service.auth.JwtService.extractClaim(JwtService.java:65)
	at az.company.qwisedemoapp.service.auth.JwtService.extractUserName(JwtService.java:61)
	at az.company.qwisedemoapp.filter.JwtFilter.doFilterInternal(JwtFilter.java:36)
	at org.springframework.web.filter.OncePerRequestFilter.doFilter(OncePerRequestFilter.java:116)
	at org.springframework.security.web.ObservationFilterChainDecorator$ObservationFilter.wrapFilter(ObservationFilterChainDecorator.java:240)
	at org.springframework.security.web.ObservationFilterChainDecorator$ObservationFilter.doFilter(ObservationFilterChainDecorator.java:227)
	at org.springframework.security.web.ObservationFilterChainDecorator$VirtualFilterChain.doFilter(ObservationFilterChainDecorator.java:137)
	at org.springframework.security.web.authentication.AbstractAuthenticationProcessingFilter.doFilter(AbstractAuthenticationProcessingFilter.java:235)
	at org.springframework.security.web.authentication.AbstractAuthenticationProcessingFilter.doFilter(AbstractAuthenticationProcessingFilter.java:229)
	at org.springframework.security.web.ObservationFilterChainDecorator$ObservationFilter.wrapFilter(ObservationFilterChainDecorator.java:240)
	at org.springframework.security.web.ObservationFilterChainDecorator$ObservationFilter.doFilter(ObservationFilterChainDecorator.java:227)
	at org.springframework.security.web.ObservationFilterChainDecorator$VirtualFilterChain.doFilter(ObservationFilterChainDecorator.java:137)
	at org.springframework.security.oauth2.client.web.OAuth2AuthorizationRequestRedirectFilter.doFilterInternal(OAuth2AuthorizationRequestRedirectFilter.java:198)
	at org.springframework.web.filter.OncePerRequestFilter.doFilter(OncePerRequestFilter.java:116)
	at org.springframework.security.web.ObservationFilterChainDecorator$ObservationFilter.wrapFilter(ObservationFilterChainDecorator.java:240)
	at org.springframework.security.web.ObservationFilterChainDecorator$ObservationFilter.doFilter(ObservationFilterChainDecorator.java:227)
	at org.springframework.security.web.ObservationFilterChainDecorator$VirtualFilterChain.doFilter(ObservationFilterChainDecorator.java:137)
	at org.springframework.security.web.authentication.logout.LogoutFilter.doFilter(LogoutFilter.java:107)
	at org.springframework.security.web.authentication.logout.LogoutFilter.doFilter(LogoutFilter.java:93)
	at org.springframework.security.web.ObservationFilterChainDecorator$ObservationFilter.wrapFilter(ObservationFilterChainDecorator.java:240)
	at org.springframework.security.web.ObservationFilterChainDecorator$ObservationFilter.doFilter(ObservationFilterChainDecorator.java:227)
	at org.springframework.security.web.ObservationFilterChainDecorator$VirtualFilterChain.doFilter(ObservationFilterChainDecorator.java:137)
	at org.springframework.security.web.header.HeaderWriterFilter.doHeadersAfter(HeaderWriterFilter.java:90)
	at org.springframework.security.web.header.HeaderWriterFilter.doFilterInternal(HeaderWriterFilter.java:75)
	at org.springframework.web.filter.OncePerRequestFilter.doFilter(OncePerRequestFilter.java:116)
	at org.springframework.security.web.ObservationFilterChainDecorator$ObservationFilter.wrapFilter(ObservationFilterChainDecorator.java:240)
	at org.springframework.security.web.ObservationFilterChainDecorator$ObservationFilter.doFilter(ObservationFilterChainDecorator.java:227)
	at org.springframework.security.web.ObservationFilterChainDecorator$VirtualFilterChain.doFilter(ObservationFilterChainDecorator.java:137)
	at org.springframework.security.web.context.SecurityContextHolderFilter.doFilter(SecurityContextHolderFilter.java:82)
	at org.springframework.security.web.context.SecurityContextHolderFilter.doFilter(SecurityContextHolderFilter.java:69)
	at org.springframework.security.web.ObservationFilterChainDecorator$ObservationFilter.wrapFilter(ObservationFilterChainDecorator.java:240)
	at org.springframework.security.web.ObservationFilterChainDecorator$ObservationFilter.doFilter(ObservationFilterChainDecorator.java:227)
	at org.springframework.security.web.ObservationFilterChainDecorator$VirtualFilterChain.doFilter(ObservationFilterChainDecorator.java:137)
	at org.springframework.security.web.context.request.async.WebAsyncManagerIntegrationFilter.doFilterInternal(WebAsyncManagerIntegrationFilter.java:62)
	at org.springframework.web.filter.OncePerRequestFilter.doFilter(OncePerRequestFilter.java:116)
	at org.springframework.security.web.ObservationFilterChainDecorator$ObservationFilter.wrapFilter(ObservationFilterChainDecorator.java:240)
	at org.springframework.security.web.ObservationFilterChainDecorator$ObservationFilter.doFilter(ObservationFilterChainDecorator.java:227)
	at org.springframework.security.web.ObservationFilterChainDecorator$VirtualFilterChain.doFilter(ObservationFilterChainDecorator.java:137)
	at org.springframework.security.web.session.DisableEncodeUrlFilter.doFilterInternal(DisableEncodeUrlFilter.java:42)
	at org.springframework.web.filter.OncePerRequestFilter.doFilter(OncePerRequestFilter.java:116)
	at org.springframework.security.web.ObservationFilterChainDecorator$ObservationFilter.wrapFilter(ObservationFilterChainDecorator.java:240)
	at org.springframework.security.web.ObservationFilterChainDecorator$AroundFilterObservation$SimpleAroundFilterObservation.lambda$wrap$0(ObservationFilterChainDecorator.java:323)
	at org.springframework.security.web.ObservationFilterChainDecorator$ObservationFilter.doFilter(ObservationFilterChainDecorator.java:224)
	at org.springframework.security.web.ObservationFilterChainDecorator$VirtualFilterChain.doFilter(ObservationFilterChainDecorator.java:137)
	at org.springframework.security.web.FilterChainProxy.doFilterInternal(FilterChainProxy.java:233)
	at org.springframework.security.web.FilterChainProxy.doFilter(FilterChainProxy.java:191)
	at org.springframework.web.filter.CompositeFilter$VirtualFilterChain.doFilter(CompositeFilter.java:113)
	at org.springframework.web.filter.ServletRequestPathFilter.doFilter(ServletRequestPathFilter.java:52)
	at org.springframework.web.filter.CompositeFilter$VirtualFilterChain.doFilter(CompositeFilter.java:113)
	at org.springframework.web.filter.CompositeFilter.doFilter(CompositeFilter.java:74)
	at org.springframework.security.config.annotation.web.configuration.WebSecurityConfiguration$CompositeFilterChainProxy.doFilter(WebSecurityConfiguration.java:319)
	at org.springframework.web.filter.CompositeFilter$VirtualFilterChain.doFilter(CompositeFilter.java:113)
	at org.springframework.web.servlet.handler.HandlerMappingIntrospector.lambda$createCacheFilter$4(HandlerMappingIntrospector.java:267)
	at org.springframework.web.filter.CompositeFilter$VirtualFilterChain.doFilter(CompositeFilter.java:113)
	at org.springframework.web.filter.CompositeFilter.doFilter(CompositeFilter.java:74)
	at org.springframework.security.config.annotation.web.configuration.WebMvcSecurityConfiguration$CompositeFilterChainProxy.doFilter(WebMvcSecurityConfiguration.java:240)
	at org.springframework.web.filter.DelegatingFilterProxy.invokeDelegate(DelegatingFilterProxy.java:362)
	at org.springframework.web.filter.DelegatingFilterProxy.doFilter(DelegatingFilterProxy.java:278)
	at org.apache.catalina.core.ApplicationFilterChain.internalDoFilter(ApplicationFilterChain.java:164)
	at org.apache.catalina.core.ApplicationFilterChain.doFilter(ApplicationFilterChain.java:140)
	at org.springframework.web.filter.RequestContextFilter.doFilterInternal(RequestContextFilter.java:100)
	at org.springframework.web.filter.OncePerRequestFilter.doFilter(OncePerRequestFilter.java:116)
	at org.apache.catalina.core.ApplicationFilterChain.internalDoFilter(ApplicationFilterChain.java:164)
	at org.apache.catalina.core.ApplicationFilterChain.doFilter(ApplicationFilterChain.java:140)
	at org.springframework.web.filter.FormContentFilter.doFilterInternal(FormContentFilter.java:93)
	at org.springframework.web.filter.OncePerRequestFilter.doFilter(OncePerRequestFilter.java:116)
	at org.apache.catalina.core.ApplicationFilterChain.internalDoFilter(ApplicationFilterChain.java:164)
	at org.apache.catalina.core.ApplicationFilterChain.doFilter(ApplicationFilterChain.java:140)
	at org.springframework.web.filter.ServerHttpObservationFilter.doFilterInternal(ServerHttpObservationFilter.java:110)
	at org.springframework.web.filter.OncePerRequestFilter.doFilter(OncePerRequestFilter.java:116)
	at org.apache.catalina.core.ApplicationFilterChain.internalDoFilter(ApplicationFilterChain.java:164)
	at org.apache.catalina.core.ApplicationFilterChain.doFilter(ApplicationFilterChain.java:140)
	at org.springframework.web.filter.CharacterEncodingFilter.doFilterInternal(CharacterEncodingFilter.java:201)
	at org.springframework.web.filter.OncePerRequestFilter.doFilter(OncePerRequestFilter.java:116)
	at org.apache.catalina.core.ApplicationFilterChain.internalDoFilter(ApplicationFilterChain.java:164)
	at org.apache.catalina.core.ApplicationFilterChain.doFilter(ApplicationFilterChain.java:140)
	at org.apache.catalina.core.StandardWrapperValve.invoke(StandardWrapperValve.java:167)
	at org.apache.catalina.core.StandardContextValve.invoke(StandardContextValve.java:90)
	at org.apache.catalina.authenticator.AuthenticatorBase.invoke(AuthenticatorBase.java:483)
	at org.apache.catalina.core.StandardHostValve.invoke(StandardHostValve.java:116)
	at org.apache.catalina.valves.ErrorReportValve.invoke(ErrorReportValve.java:93)
	at org.apache.catalina.core.StandardEngineValve.invoke(StandardEngineValve.java:74)
	at org.apache.catalina.connector.CoyoteAdapter.service(CoyoteAdapter.java:344)
	at org.apache.coyote.http11.Http11Processor.service(Http11Processor.java:398)
	at org.apache.coyote.AbstractProcessorLight.process(AbstractProcessorLight.java:63)
	at org.apache.coyote.AbstractProtocol$ConnectionHandler.process(AbstractProtocol.java:903)
	at org.apache.tomcat.util.net.NioEndpoint$SocketProcessor.doRun(NioEndpoint.java:1769)
	at org.apache.tomcat.util.net.SocketProcessorBase.run(SocketProcessorBase.java:52)
	at org.apache.tomcat.util.threads.ThreadPoolExecutor.runWorker(ThreadPoolExecutor.java:1189)
	at org.apache.tomcat.util.threads.ThreadPoolExecutor$Worker.run(ThreadPoolExecutor.java:658)
	at org.apache.tomcat.util.threads.TaskThread$WrappingRunnable.run(TaskThread.java:63)
	at java.base/java.lang.Thread.run(Thread.java:1583)
2025-09-11 11:15:06 [http-nio-7775-exec-4] INFO  a.c.qwisedemoapp.filter.JwtFilter - Authorization header not found
2025-09-11 11:15:06 [http-nio-7775-exec-4] INFO  a.c.qwisedemoapp.filter.JwtFilter - Invalid token
2025-09-11 11:15:06 [http-nio-7775-exec-4] INFO  a.c.qwisedemoapp.filter.JwtFilter - Auth header: null
2025-09-11 11:15:06 [http-nio-7775-exec-4] INFO  a.c.qwisedemoapp.filter.JwtFilter - Extracted username from JWT: null
2025-09-11 11:15:06 [http-nio-7775-exec-4] INFO  a.c.qwisedemoapp.filter.JwtFilter - Current authentication: null
2025-09-11 11:15:06 [http-nio-7775-exec-4] INFO  a.c.q.controller.AuthController - 172.19.0.1
2025-09-11 11:15:06 [http-nio-7775-exec-4] INFO  a.c.q.service.auth.AuthService - Login user with email asimpenahov8@gmail.com
2025-09-11 11:15:07 [http-nio-7775-exec-4] INFO  a.c.q.service.auth.AuthService - Login user with email asimpenahov8@gmail.com successfully
2025-09-11 11:15:21 [http-nio-7775-exec-5] INFO  a.c.qwisedemoapp.filter.JwtFilter - Auth header: Bearer eyJhbGciOiJSUzI1NiJ9.eyJyb2xlcyI6WyJST0xFX0FETUlOIl0sImVtYWlsIjoiYXNpbXBlbmFob3Y4QGdtYWlsLmNvbSIsInN1YiI6ImFzaW1wZW5haG92OEBnbWFpbC5jb20iLCJpYXQiOjE3NTc1ODkzMDcsImV4cCI6MTc1NzU5MjkwN30.C7Kxl_v6aX7T3VjP3K-AC1P1R0Kk0d2_JCEDNmt9ieT0lDB286rmPkGp5b0xOxihKV-CngWwPSRyY47B56LPvLgtEVXYPPodaDl1-Ajh4XZg5NRQOwBDohsc5Ty_K4CnOats2sJ2coz5TwSPY8jQPZRzCXdz-ulYUwJjVspkdQ27lp2lvPv7HhU7pmelqiMEVGjz_TedK-gEmcLvB7miYnPShUBtZXXfrSTgP5BXtakXtJXpWm_8hjMoZQB_FgeEA0CJJETSkTPQN1oWAtNRa8H6wM8pXBsy5Yu5oNbwcKUCdNrhUfuBlfLeuhD5jFKPq3QefeZFwXdYdB64DZAx2Q
2025-09-11 11:15:21 [http-nio-7775-exec-5] INFO  a.c.qwisedemoapp.filter.JwtFilter - Extracted username from JWT: asimpenahov8@gmail.com
2025-09-11 11:15:21 [http-nio-7775-exec-5] INFO  a.c.qwisedemoapp.filter.JwtFilter - Current authentication: UsernamePasswordAuthenticationToken [Principal=az.company.qwisedemoapp.domain.entity.UserPrincipal@1132ce15, Credentials=[PROTECTED], Authenticated=true, Details=WebAuthenticationDetails [RemoteIpAddress=172.19.0.1, SessionId=10FC522F8E2F392949F1ECED6847694F], Granted Authorities=[ROLE_ADMIN]]
2025-09-11 11:15:22 [http-nio-7775-exec-5] WARN  o.s.b.a.mail.MailHealthIndicator - Mail health check failed
jakarta.mail.AuthenticationFailedException: 535-5.7.8 Username and Password not accepted. For more information, go to
535 5.7.8  https://support.google.com/mail/?p=BadCredentials 5b1f17b1804b1-45e017b2f4esm24433035e9.17 - gsmtp

	at org.eclipse.angus.mail.smtp.SMTPTransport$Authenticator.authenticate(SMTPTransport.java:954)
	at org.eclipse.angus.mail.smtp.SMTPTransport.authenticate(SMTPTransport.java:865)
	at org.eclipse.angus.mail.smtp.SMTPTransport.protocolConnect(SMTPTransport.java:769)
	at jakarta.mail.Service.connect(Service.java:345)
	at org.springframework.mail.javamail.JavaMailSenderImpl.connectTransport(JavaMailSenderImpl.java:480)
	at org.springframework.mail.javamail.JavaMailSenderImpl.testConnection(JavaMailSenderImpl.java:360)
	at org.springframework.boot.actuate.mail.MailHealthIndicator.doHealthCheck(MailHealthIndicator.java:52)
	at org.springframework.boot.actuate.health.AbstractHealthIndicator.health(AbstractHealthIndicator.java:82)
	at org.springframework.boot.actuate.health.HealthIndicator.getHealth(HealthIndicator.java:37)
	at org.springframework.boot.actuate.health.HealthEndpointWebExtension.getHealth(HealthEndpointWebExtension.java:94)
	at org.springframework.boot.actuate.health.HealthEndpointWebExtension.getHealth(HealthEndpointWebExtension.java:47)
	at org.springframework.boot.actuate.health.HealthEndpointSupport.getLoggedHealth(HealthEndpointSupport.java:172)
	at org.springframework.boot.actuate.health.HealthEndpointSupport.getContribution(HealthEndpointSupport.java:145)
	at org.springframework.boot.actuate.health.HealthEndpointSupport.getAggregateContribution(HealthEndpointSupport.java:156)
	at org.springframework.boot.actuate.health.HealthEndpointSupport.getContribution(HealthEndpointSupport.java:141)
	at org.springframework.boot.actuate.health.HealthEndpointSupport.getHealth(HealthEndpointSupport.java:110)
	at org.springframework.boot.actuate.health.HealthEndpointSupport.getHealth(HealthEndpointSupport.java:81)
	at org.springframework.boot.actuate.health.HealthEndpointWebExtension.health(HealthEndpointWebExtension.java:80)
	at org.springframework.boot.actuate.health.HealthEndpointWebExtension.health(HealthEndpointWebExtension.java:69)
	at java.base/jdk.internal.reflect.DirectMethodHandleAccessor.invoke(DirectMethodHandleAccessor.java:103)
	at java.base/java.lang.reflect.Method.invoke(Method.java:580)
	at org.springframework.util.ReflectionUtils.invokeMethod(ReflectionUtils.java:281)
	at org.springframework.boot.actuate.endpoint.invoke.reflect.ReflectiveOperationInvoker.invoke(ReflectiveOperationInvoker.java:74)
	at org.springframework.boot.actuate.endpoint.annotation.AbstractDiscoveredOperation.invoke(AbstractDiscoveredOperation.java:60)
	at org.springframework.boot.actuate.endpoint.web.servlet.AbstractWebMvcEndpointHandlerMapping$ServletWebOperationAdapter.handle(AbstractWebMvcEndpointHandlerMapping.java:327)
	at org.springframework.boot.actuate.endpoint.web.servlet.AbstractWebMvcEndpointHandlerMapping$OperationHandler.handle(AbstractWebMvcEndpointHandlerMapping.java:434)
	at java.base/jdk.internal.reflect.DirectMethodHandleAccessor.invoke(DirectMethodHandleAccessor.java:103)
	at java.base/java.lang.reflect.Method.invoke(Method.java:580)
	at org.springframework.web.method.support.InvocableHandlerMethod.doInvoke(InvocableHandlerMethod.java:258)
	at org.springframework.web.method.support.InvocableHandlerMethod.invokeForRequest(InvocableHandlerMethod.java:191)
	at org.springframework.web.servlet.mvc.method.annotation.ServletInvocableHandlerMethod.invokeAndHandle(ServletInvocableHandlerMethod.java:118)
	at org.springframework.web.servlet.mvc.method.annotation.RequestMappingHandlerAdapter.invokeHandlerMethod(RequestMappingHandlerAdapter.java:991)
	at org.springframework.web.servlet.mvc.method.annotation.RequestMappingHandlerAdapter.handleInternal(RequestMappingHandlerAdapter.java:896)
	at org.springframework.web.servlet.mvc.method.AbstractHandlerMethodAdapter.handle(AbstractHandlerMethodAdapter.java:87)
	at org.springframework.web.servlet.DispatcherServlet.doDispatch(DispatcherServlet.java:1089)
	at org.springframework.web.servlet.DispatcherServlet.doService(DispatcherServlet.java:979)
	at org.springframework.web.servlet.FrameworkServlet.processRequest(FrameworkServlet.java:1014)
	at org.springframework.web.servlet.FrameworkServlet.doGet(FrameworkServlet.java:903)
	at jakarta.servlet.http.HttpServlet.service(HttpServlet.java:564)
	at org.springframework.web.servlet.FrameworkServlet.service(FrameworkServlet.java:885)
	at jakarta.servlet.http.HttpServlet.service(HttpServlet.java:658)
	at org.apache.catalina.core.ApplicationFilterChain.internalDoFilter(ApplicationFilterChain.java:195)
	at org.apache.catalina.core.ApplicationFilterChain.doFilter(ApplicationFilterChain.java:140)
	at org.apache.tomcat.websocket.server.WsFilter.doFilter(WsFilter.java:51)
	at org.apache.catalina.core.ApplicationFilterChain.internalDoFilter(ApplicationFilterChain.java:164)
	at org.apache.catalina.core.ApplicationFilterChain.doFilter(ApplicationFilterChain.java:140)
	at org.springframework.web.filter.OncePerRequestFilter.doFilter(OncePerRequestFilter.java:110)
	at org.apache.catalina.core.ApplicationFilterChain.internalDoFilter(ApplicationFilterChain.java:164)
	at org.apache.catalina.core.ApplicationFilterChain.doFilter(ApplicationFilterChain.java:140)
	at org.springframework.web.filter.CompositeFilter$VirtualFilterChain.doFilter(CompositeFilter.java:108)
	at org.springframework.web.filter.CompositeFilter$VirtualFilterChain.doFilter(CompositeFilter.java:108)
	at org.springframework.security.web.FilterChainProxy.lambda$doFilterInternal$3(FilterChainProxy.java:231)
	at org.springframework.security.web.ObservationFilterChainDecorator$FilterObservation$SimpleFilterObservation.lambda$wrap$1(ObservationFilterChainDecorator.java:479)
	at org.springframework.security.web.ObservationFilterChainDecorator$AroundFilterObservation$SimpleAroundFilterObservation.lambda$wrap$1(ObservationFilterChainDecorator.java:340)
	at org.springframework.security.web.ObservationFilterChainDecorator.lambda$wrapSecured$0(ObservationFilterChainDecorator.java:82)
	at org.springframework.security.web.ObservationFilterChainDecorator$VirtualFilterChain.doFilter(ObservationFilterChainDecorator.java:128)
	at org.springframework.security.web.access.intercept.AuthorizationFilter.doFilter(AuthorizationFilter.java:101)
	at org.springframework.security.web.ObservationFilterChainDecorator$ObservationFilter.wrapFilter(ObservationFilterChainDecorator.java:240)
	at org.springframework.security.web.ObservationFilterChainDecorator$ObservationFilter.doFilter(ObservationFilterChainDecorator.java:227)
	at org.springframework.security.web.ObservationFilterChainDecorator$VirtualFilterChain.doFilter(ObservationFilterChainDecorator.java:137)
	at org.springframework.security.web.access.ExceptionTranslationFilter.doFilter(ExceptionTranslationFilter.java:125)
	at org.springframework.security.web.access.ExceptionTranslationFilter.doFilter(ExceptionTranslationFilter.java:119)
	at org.springframework.security.web.ObservationFilterChainDecorator$ObservationFilter.wrapFilter(ObservationFilterChainDecorator.java:240)
	at org.springframework.security.web.ObservationFilterChainDecorator$ObservationFilter.doFilter(ObservationFilterChainDecorator.java:227)
	at org.springframework.security.web.ObservationFilterChainDecorator$VirtualFilterChain.doFilter(ObservationFilterChainDecorator.java:137)
	at org.springframework.security.web.session.SessionManagementFilter.doFilter(SessionManagementFilter.java:131)
	at org.springframework.security.web.session.SessionManagementFilter.doFilter(SessionManagementFilter.java:85)
	at org.springframework.security.web.ObservationFilterChainDecorator$ObservationFilter.wrapFilter(ObservationFilterChainDecorator.java:240)
	at org.springframework.security.web.ObservationFilterChainDecorator$ObservationFilter.doFilter(ObservationFilterChainDecorator.java:227)
	at org.springframework.security.web.ObservationFilterChainDecorator$VirtualFilterChain.doFilter(ObservationFilterChainDecorator.java:137)
	at org.springframework.security.web.authentication.AnonymousAuthenticationFilter.doFilter(AnonymousAuthenticationFilter.java:100)
	at org.springframework.security.web.ObservationFilterChainDecorator$ObservationFilter.wrapFilter(ObservationFilterChainDecorator.java:240)
	at org.springframework.security.web.ObservationFilterChainDecorator$ObservationFilter.doFilter(ObservationFilterChainDecorator.java:227)
	at org.springframework.security.web.ObservationFilterChainDecorator$VirtualFilterChain.doFilter(ObservationFilterChainDecorator.java:137)
	at org.springframework.security.web.servletapi.SecurityContextHolderAwareRequestFilter.doFilter(SecurityContextHolderAwareRequestFilter.java:179)
	at org.springframework.security.web.ObservationFilterChainDecorator$ObservationFilter.wrapFilter(ObservationFilterChainDecorator.java:240)
	at org.springframework.security.web.ObservationFilterChainDecorator$ObservationFilter.doFilter(ObservationFilterChainDecorator.java:227)
	at org.springframework.security.web.ObservationFilterChainDecorator$VirtualFilterChain.doFilter(ObservationFilterChainDecorator.java:137)
	at org.springframework.security.web.savedrequest.RequestCacheAwareFilter.doFilter(RequestCacheAwareFilter.java:63)
	at org.springframework.security.web.ObservationFilterChainDecorator$ObservationFilter.wrapFilter(ObservationFilterChainDecorator.java:240)
	at org.springframework.security.web.ObservationFilterChainDecorator$ObservationFilter.doFilter(ObservationFilterChainDecorator.java:227)
	at org.springframework.security.web.ObservationFilterChainDecorator$VirtualFilterChain.doFilter(ObservationFilterChainDecorator.java:137)
	at org.springframework.security.web.authentication.ui.DefaultLogoutPageGeneratingFilter.doFilterInternal(DefaultLogoutPageGeneratingFilter.java:59)
	at org.springframework.web.filter.OncePerRequestFilter.doFilter(OncePerRequestFilter.java:116)
	at org.springframework.security.web.ObservationFilterChainDecorator$ObservationFilter.wrapFilter(ObservationFilterChainDecorator.java:240)
	at org.springframework.security.web.ObservationFilterChainDecorator$ObservationFilter.doFilter(ObservationFilterChainDecorator.java:227)
	at org.springframework.security.web.ObservationFilterChainDecorator$VirtualFilterChain.doFilter(ObservationFilterChainDecorator.java:137)
	at org.springframework.security.web.authentication.ui.DefaultLoginPageGeneratingFilter.doFilter(DefaultLoginPageGeneratingFilter.java:216)
	at org.springframework.security.web.authentication.ui.DefaultLoginPageGeneratingFilter.doFilter(DefaultLoginPageGeneratingFilter.java:202)
	at org.springframework.security.web.ObservationFilterChainDecorator$ObservationFilter.wrapFilter(ObservationFilterChainDecorator.java:240)
	at org.springframework.security.web.ObservationFilterChainDecorator$ObservationFilter.doFilter(ObservationFilterChainDecorator.java:227)
	at org.springframework.security.web.ObservationFilterChainDecorator$VirtualFilterChain.doFilter(ObservationFilterChainDecorator.java:137)
	at org.springframework.security.web.authentication.ui.DefaultResourcesFilter.doFilter(DefaultResourcesFilter.java:72)
	at org.springframework.security.web.ObservationFilterChainDecorator$ObservationFilter.wrapFilter(ObservationFilterChainDecorator.java:240)
	at org.springframework.security.web.ObservationFilterChainDecorator$ObservationFilter.doFilter(ObservationFilterChainDecorator.java:227)
	at org.springframework.security.web.ObservationFilterChainDecorator$VirtualFilterChain.doFilter(ObservationFilterChainDecorator.java:137)
	at az.company.qwisedemoapp.filter.JwtFilter.doFilterInternal(JwtFilter.java:57)
	at org.springframework.web.filter.OncePerRequestFilter.doFilter(OncePerRequestFilter.java:116)
	at org.springframework.security.web.ObservationFilterChainDecorator$ObservationFilter.wrapFilter(ObservationFilterChainDecorator.java:240)
	at org.springframework.security.web.ObservationFilterChainDecorator$ObservationFilter.doFilter(ObservationFilterChainDecorator.java:227)
	at org.springframework.security.web.ObservationFilterChainDecorator$VirtualFilterChain.doFilter(ObservationFilterChainDecorator.java:137)
	at org.springframework.security.web.authentication.AbstractAuthenticationProcessingFilter.doFilter(AbstractAuthenticationProcessingFilter.java:235)
	at org.springframework.security.web.authentication.AbstractAuthenticationProcessingFilter.doFilter(AbstractAuthenticationProcessingFilter.java:229)
	at org.springframework.security.web.ObservationFilterChainDecorator$ObservationFilter.wrapFilter(ObservationFilterChainDecorator.java:240)
	at org.springframework.security.web.ObservationFilterChainDecorator$ObservationFilter.doFilter(ObservationFilterChainDecorator.java:227)
	at org.springframework.security.web.ObservationFilterChainDecorator$VirtualFilterChain.doFilter(ObservationFilterChainDecorator.java:137)
	at org.springframework.security.oauth2.client.web.OAuth2AuthorizationRequestRedirectFilter.doFilterInternal(OAuth2AuthorizationRequestRedirectFilter.java:198)
	at org.springframework.web.filter.OncePerRequestFilter.doFilter(OncePerRequestFilter.java:116)
	at org.springframework.security.web.ObservationFilterChainDecorator$ObservationFilter.wrapFilter(ObservationFilterChainDecorator.java:240)
	at org.springframework.security.web.ObservationFilterChainDecorator$ObservationFilter.doFilter(ObservationFilterChainDecorator.java:227)
	at org.springframework.security.web.ObservationFilterChainDecorator$VirtualFilterChain.doFilter(ObservationFilterChainDecorator.java:137)
	at org.springframework.security.web.authentication.logout.LogoutFilter.doFilter(LogoutFilter.java:107)
	at org.springframework.security.web.authentication.logout.LogoutFilter.doFilter(LogoutFilter.java:93)
	at org.springframework.security.web.ObservationFilterChainDecorator$ObservationFilter.wrapFilter(ObservationFilterChainDecorator.java:240)
	at org.springframework.security.web.ObservationFilterChainDecorator$ObservationFilter.doFilter(ObservationFilterChainDecorator.java:227)
	at org.springframework.security.web.ObservationFilterChainDecorator$VirtualFilterChain.doFilter(ObservationFilterChainDecorator.java:137)
	at org.springframework.security.web.header.HeaderWriterFilter.doHeadersAfter(HeaderWriterFilter.java:90)
	at org.springframework.security.web.header.HeaderWriterFilter.doFilterInternal(HeaderWriterFilter.java:75)
	at org.springframework.web.filter.OncePerRequestFilter.doFilter(OncePerRequestFilter.java:116)
	at org.springframework.security.web.ObservationFilterChainDecorator$ObservationFilter.wrapFilter(ObservationFilterChainDecorator.java:240)
	at org.springframework.security.web.ObservationFilterChainDecorator$ObservationFilter.doFilter(ObservationFilterChainDecorator.java:227)
	at org.springframework.security.web.ObservationFilterChainDecorator$VirtualFilterChain.doFilter(ObservationFilterChainDecorator.java:137)
	at org.springframework.security.web.context.SecurityContextHolderFilter.doFilter(SecurityContextHolderFilter.java:82)
	at org.springframework.security.web.context.SecurityContextHolderFilter.doFilter(SecurityContextHolderFilter.java:69)
	at org.springframework.security.web.ObservationFilterChainDecorator$ObservationFilter.wrapFilter(ObservationFilterChainDecorator.java:240)
	at org.springframework.security.web.ObservationFilterChainDecorator$ObservationFilter.doFilter(ObservationFilterChainDecorator.java:227)
	at org.springframework.security.web.ObservationFilterChainDecorator$VirtualFilterChain.doFilter(ObservationFilterChainDecorator.java:137)
	at org.springframework.security.web.context.request.async.WebAsyncManagerIntegrationFilter.doFilterInternal(WebAsyncManagerIntegrationFilter.java:62)
	at org.springframework.web.filter.OncePerRequestFilter.doFilter(OncePerRequestFilter.java:116)
	at org.springframework.security.web.ObservationFilterChainDecorator$ObservationFilter.wrapFilter(ObservationFilterChainDecorator.java:240)
	at org.springframework.security.web.ObservationFilterChainDecorator$ObservationFilter.doFilter(ObservationFilterChainDecorator.java:227)
	at org.springframework.security.web.ObservationFilterChainDecorator$VirtualFilterChain.doFilter(ObservationFilterChainDecorator.java:137)
	at org.springframework.security.web.session.DisableEncodeUrlFilter.doFilterInternal(DisableEncodeUrlFilter.java:42)
	at org.springframework.web.filter.OncePerRequestFilter.doFilter(OncePerRequestFilter.java:116)
	at org.springframework.security.web.ObservationFilterChainDecorator$ObservationFilter.wrapFilter(ObservationFilterChainDecorator.java:240)
	at org.springframework.security.web.ObservationFilterChainDecorator$AroundFilterObservation$SimpleAroundFilterObservation.lambda$wrap$0(ObservationFilterChainDecorator.java:323)
	at org.springframework.security.web.ObservationFilterChainDecorator$ObservationFilter.doFilter(ObservationFilterChainDecorator.java:224)
	at org.springframework.security.web.ObservationFilterChainDecorator$VirtualFilterChain.doFilter(ObservationFilterChainDecorator.java:137)
	at org.springframework.security.web.FilterChainProxy.doFilterInternal(FilterChainProxy.java:233)
	at org.springframework.security.web.FilterChainProxy.doFilter(FilterChainProxy.java:191)
	at org.springframework.web.filter.CompositeFilter$VirtualFilterChain.doFilter(CompositeFilter.java:113)
	at org.springframework.web.filter.ServletRequestPathFilter.doFilter(ServletRequestPathFilter.java:52)
	at org.springframework.web.filter.CompositeFilter$VirtualFilterChain.doFilter(CompositeFilter.java:113)
	at org.springframework.web.filter.CompositeFilter.doFilter(CompositeFilter.java:74)
	at org.springframework.security.config.annotation.web.configuration.WebSecurityConfiguration$CompositeFilterChainProxy.doFilter(WebSecurityConfiguration.java:319)
	at org.springframework.web.filter.CompositeFilter$VirtualFilterChain.doFilter(CompositeFilter.java:113)
	at org.springframework.web.servlet.handler.HandlerMappingIntrospector.lambda$createCacheFilter$4(HandlerMappingIntrospector.java:267)
	at org.springframework.web.filter.CompositeFilter$VirtualFilterChain.doFilter(CompositeFilter.java:113)
	at org.springframework.web.filter.CompositeFilter.doFilter(CompositeFilter.java:74)
	at org.springframework.security.config.annotation.web.configuration.WebMvcSecurityConfiguration$CompositeFilterChainProxy.doFilter(WebMvcSecurityConfiguration.java:240)
	at org.springframework.web.filter.DelegatingFilterProxy.invokeDelegate(DelegatingFilterProxy.java:362)
	at org.springframework.web.filter.DelegatingFilterProxy.doFilter(DelegatingFilterProxy.java:278)
	at org.apache.catalina.core.ApplicationFilterChain.internalDoFilter(ApplicationFilterChain.java:164)
	at org.apache.catalina.core.ApplicationFilterChain.doFilter(ApplicationFilterChain.java:140)
	at org.springframework.web.filter.RequestContextFilter.doFilterInternal(RequestContextFilter.java:100)
	at org.springframework.web.filter.OncePerRequestFilter.doFilter(OncePerRequestFilter.java:116)
	at org.apache.catalina.core.ApplicationFilterChain.internalDoFilter(ApplicationFilterChain.java:164)
	at org.apache.catalina.core.ApplicationFilterChain.doFilter(ApplicationFilterChain.java:140)
	at org.springframework.web.filter.FormContentFilter.doFilterInternal(FormContentFilter.java:93)
	at org.springframework.web.filter.OncePerRequestFilter.doFilter(OncePerRequestFilter.java:116)
	at org.apache.catalina.core.ApplicationFilterChain.internalDoFilter(ApplicationFilterChain.java:164)
	at org.apache.catalina.core.ApplicationFilterChain.doFilter(ApplicationFilterChain.java:140)
	at org.springframework.web.filter.ServerHttpObservationFilter.doFilterInternal(ServerHttpObservationFilter.java:110)
	at org.springframework.web.filter.OncePerRequestFilter.doFilter(OncePerRequestFilter.java:116)
	at org.apache.catalina.core.ApplicationFilterChain.internalDoFilter(ApplicationFilterChain.java:164)
	at org.apache.catalina.core.ApplicationFilterChain.doFilter(ApplicationFilterChain.java:140)
	at org.springframework.web.filter.CharacterEncodingFilter.doFilterInternal(CharacterEncodingFilter.java:201)
	at org.springframework.web.filter.OncePerRequestFilter.doFilter(OncePerRequestFilter.java:116)
	at org.apache.catalina.core.ApplicationFilterChain.internalDoFilter(ApplicationFilterChain.java:164)
	at org.apache.catalina.core.ApplicationFilterChain.doFilter(ApplicationFilterChain.java:140)
	at org.apache.catalina.core.StandardWrapperValve.invoke(StandardWrapperValve.java:167)
	at org.apache.catalina.core.StandardContextValve.invoke(StandardContextValve.java:90)
	at org.apache.catalina.authenticator.AuthenticatorBase.invoke(AuthenticatorBase.java:483)
	at org.apache.catalina.core.StandardHostValve.invoke(StandardHostValve.java:116)
	at org.apache.catalina.valves.ErrorReportValve.invoke(ErrorReportValve.java:93)
	at org.apache.catalina.core.StandardEngineValve.invoke(StandardEngineValve.java:74)
	at org.apache.catalina.connector.CoyoteAdapter.service(CoyoteAdapter.java:344)
	at org.apache.coyote.http11.Http11Processor.service(Http11Processor.java:398)
	at org.apache.coyote.AbstractProcessorLight.process(AbstractProcessorLight.java:63)
	at org.apache.coyote.AbstractProtocol$ConnectionHandler.process(AbstractProtocol.java:903)
	at org.apache.tomcat.util.net.NioEndpoint$SocketProcessor.doRun(NioEndpoint.java:1769)
	at org.apache.tomcat.util.net.SocketProcessorBase.run(SocketProcessorBase.java:52)
	at org.apache.tomcat.util.threads.ThreadPoolExecutor.runWorker(ThreadPoolExecutor.java:1189)
	at org.apache.tomcat.util.threads.ThreadPoolExecutor$Worker.run(ThreadPoolExecutor.java:658)
	at org.apache.tomcat.util.threads.TaskThread$WrappingRunnable.run(TaskThread.java:63)
	at java.base/java.lang.Thread.run(Thread.java:1583)
2025-09-11 11:17:19 [background-preinit] INFO  o.h.validator.internal.util.Version - HV000001: Hibernate Validator 8.0.2.Final
2025-09-11 11:17:19 [main] INFO  a.c.q.QwiseDemoAppApplication - Starting QwiseDemoAppApplication v1.0.0 using Java 21 with PID 1 (/app/app.jar started by root in /app)
2025-09-11 11:17:19 [main] DEBUG a.c.q.QwiseDemoAppApplication - Running with Spring Boot v3.5.4, Spring v6.2.9
2025-09-11 11:17:19 [main] INFO  a.c.q.QwiseDemoAppApplication - The following 1 profile is active: "dev"
2025-09-11 11:17:22 [main] INFO  o.s.d.r.c.RepositoryConfigurationDelegate - Bootstrapping Spring Data JPA repositories in DEFAULT mode.
2025-09-11 11:17:22 [main] INFO  o.s.d.r.c.RepositoryConfigurationDelegate - Finished Spring Data repository scanning in 145 ms. Found 6 JPA repository interfaces.
2025-09-11 11:17:23 [main] INFO  o.s.b.w.e.tomcat.TomcatWebServer - Tomcat initialized with port 7775 (http)
2025-09-11 11:17:23 [main] INFO  o.a.coyote.http11.Http11NioProtocol - Initializing ProtocolHandler ["http-nio-7775"]
2025-09-11 11:17:23 [main] INFO  o.a.catalina.core.StandardService - Starting service [Tomcat]
2025-09-11 11:17:23 [main] INFO  o.a.catalina.core.StandardEngine - Starting Servlet engine: [Apache Tomcat/10.1.43]
2025-09-11 11:17:23 [main] INFO  o.a.c.c.C.[Tomcat].[localhost].[/] - Initializing Spring embedded WebApplicationContext
2025-09-11 11:17:23 [main] INFO  o.s.b.w.s.c.ServletWebServerApplicationContext - Root WebApplicationContext: initialization completed in 4278 ms
2025-09-11 11:17:24 [main] INFO  o.h.jpa.internal.util.LogHelper - HHH000204: Processing PersistenceUnitInfo [name: default]
2025-09-11 11:17:24 [main] INFO  org.hibernate.Version - HHH000412: Hibernate ORM core version 6.6.22.Final
2025-09-11 11:17:24 [main] INFO  o.h.c.i.RegionFactoryInitiator - HHH000026: Second-level cache disabled
2025-09-11 11:17:25 [main] INFO  o.s.o.j.p.SpringPersistenceUnitInfo - No LoadTimeWeaver setup: ignoring JPA class transformer
2025-09-11 11:17:25 [main] INFO  com.zaxxer.hikari.HikariDataSource - HikariPool-1 - Starting...
2025-09-11 11:17:25 [main] INFO  com.zaxxer.hikari.pool.HikariPool - HikariPool-1 - Added connection org.postgresql.jdbc.PgConnection@3a17acd4
2025-09-11 11:17:25 [main] INFO  com.zaxxer.hikari.HikariDataSource - HikariPool-1 - Start completed.
2025-09-11 11:17:25 [main] WARN  org.hibernate.orm.deprecation - HHH90000025: PostgreSQLDialect does not need to be specified explicitly using 'hibernate.dialect' (remove the property setting and it will be selected by default)
2025-09-11 11:17:25 [main] INFO  o.hibernate.orm.connections.pooling - HHH10001005: Database info:
	Database JDBC URL [Connecting through datasource 'HikariDataSource (HikariPool-1)']
	Database driver: undefined/unknown
	Database version: 17.5
	Autocommit mode: undefined/unknown
	Isolation level: undefined/unknown
	Minimum pool size: undefined/unknown
	Maximum pool size: undefined/unknown
2025-09-11 11:17:28 [main] INFO  o.h.e.t.j.p.i.JtaPlatformInitiator - HHH000489: No JTA platform available (set 'hibernate.transaction.jta.platform' to enable JTA platform integration)
2025-09-11 11:17:28 [main] INFO  o.s.o.j.LocalContainerEntityManagerFactoryBean - Initialized JPA EntityManagerFactory for persistence unit 'default'
2025-09-11 11:17:29 [main] DEBUG a.c.qwisedemoapp.filter.JwtFilter - Filter 'jwtFilter' configured for use
2025-09-11 11:17:29 [main] INFO  o.s.d.j.r.query.QueryEnhancerFactory - Hibernate is in classpath; If applicable, HQL parser will be used.
2025-09-11 11:17:30 [main] INFO  o.s.s.c.a.a.c.InitializeAuthenticationProviderBeanManagerConfigurer$InitializeAuthenticationProviderManagerConfigurer - Global AuthenticationManager configured with AuthenticationProvider bean with name customAuthenticationProvider
2025-09-11 11:17:30 [main] WARN  o.s.s.c.a.a.c.InitializeUserDetailsBeanManagerConfigurer$InitializeUserDetailsManagerConfigurer - Global AuthenticationManager configured with an AuthenticationProvider bean. UserDetailsService beans will not be used by Spring Security for automatically configuring username/password login. Consider removing the AuthenticationProvider bean. Alternatively, consider using the UserDetailsService in a manually instantiated DaoAuthenticationProvider. If the current configuration is intentional, to turn off this warning, increase the logging level of 'org.springframework.security.config.annotation.authentication.configuration.InitializeUserDetailsBeanManagerConfigurer' to ERROR
2025-09-11 11:17:31 [main] WARN  o.s.b.a.o.j.JpaBaseConfiguration$JpaWebConfiguration - spring.jpa.open-in-view is enabled by default. Therefore, database queries may be performed during view rendering. Explicitly configure spring.jpa.open-in-view to disable this warning
2025-09-11 11:17:32 [main] INFO  o.s.b.a.e.web.EndpointLinksResolver - Exposing 14 endpoints beneath base path '/actuator'
2025-09-11 11:17:33 [main] INFO  o.a.coyote.http11.Http11NioProtocol - Starting ProtocolHandler ["http-nio-7775"]
2025-09-11 11:17:34 [main] INFO  o.s.b.w.e.tomcat.TomcatWebServer - Tomcat started on port 7775 (http) with context path '/'
2025-09-11 11:17:34 [main] INFO  a.c.q.QwiseDemoAppApplication - Started QwiseDemoAppApplication in 15.665 seconds (process running for 16.511)
2025-09-11 11:17:35 [http-nio-7775-exec-2] INFO  o.a.c.c.C.[Tomcat].[localhost].[/] - Initializing Spring DispatcherServlet 'dispatcherServlet'
2025-09-11 11:17:35 [http-nio-7775-exec-2] INFO  o.s.web.servlet.DispatcherServlet - Initializing Servlet 'dispatcherServlet'
2025-09-11 11:17:35 [http-nio-7775-exec-2] INFO  o.s.web.servlet.DispatcherServlet - Completed initialization in 2 ms
2025-09-11 11:17:35 [http-nio-7775-exec-2] INFO  a.c.qwisedemoapp.filter.JwtFilter - Auth header: Bearer eyJhbGciOiJSUzI1NiJ9.eyJyb2xlcyI6WyJST0xFX0FETUlOIl0sImVtYWlsIjoiYXNpbXBlbmFob3Y4QGdtYWlsLmNvbSIsInN1YiI6ImFzaW1wZW5haG92OEBnbWFpbC5jb20iLCJpYXQiOjE3NTc1ODkzMDcsImV4cCI6MTc1NzU5MjkwN30.C7Kxl_v6aX7T3VjP3K-AC1P1R0Kk0d2_JCEDNmt9ieT0lDB286rmPkGp5b0xOxihKV-CngWwPSRyY47B56LPvLgtEVXYPPodaDl1-Ajh4XZg5NRQOwBDohsc5Ty_K4CnOats2sJ2coz5TwSPY8jQPZRzCXdz-ulYUwJjVspkdQ27lp2lvPv7HhU7pmelqiMEVGjz_TedK-gEmcLvB7miYnPShUBtZXXfrSTgP5BXtakXtJXpWm_8hjMoZQB_FgeEA0CJJETSkTPQN1oWAtNRa8H6wM8pXBsy5Yu5oNbwcKUCdNrhUfuBlfLeuhD5jFKPq3QefeZFwXdYdB64DZAx2Q
2025-09-11 11:17:35 [http-nio-7775-exec-2] INFO  a.c.qwisedemoapp.filter.JwtFilter - Extracted username from JWT: asimpenahov8@gmail.com
2025-09-11 11:17:35 [http-nio-7775-exec-2] INFO  a.c.qwisedemoapp.filter.JwtFilter - Current authentication: UsernamePasswordAuthenticationToken [Principal=az.company.qwisedemoapp.domain.entity.UserPrincipal@696b994f, Credentials=[PROTECTED], Authenticated=true, Details=WebAuthenticationDetails [RemoteIpAddress=172.19.0.1, SessionId=null], Granted Authorities=[ROLE_ADMIN]]
2025-09-11 11:17:37 [http-nio-7775-exec-2] WARN  o.s.b.a.mail.MailHealthIndicator - Mail health check failed
jakarta.mail.AuthenticationFailedException: 535-5.7.8 Username and Password not accepted. For more information, go to
535 5.7.8  https://support.google.com/mail/?p=BadCredentials ffacd0b85a97d-3e7607e2d43sm2059568f8f.59 - gsmtp

	at org.eclipse.angus.mail.smtp.SMTPTransport$Authenticator.authenticate(SMTPTransport.java:954)
	at org.eclipse.angus.mail.smtp.SMTPTransport.authenticate(SMTPTransport.java:865)
	at org.eclipse.angus.mail.smtp.SMTPTransport.protocolConnect(SMTPTransport.java:769)
	at jakarta.mail.Service.connect(Service.java:345)
	at org.springframework.mail.javamail.JavaMailSenderImpl.connectTransport(JavaMailSenderImpl.java:480)
	at org.springframework.mail.javamail.JavaMailSenderImpl.testConnection(JavaMailSenderImpl.java:360)
	at org.springframework.boot.actuate.mail.MailHealthIndicator.doHealthCheck(MailHealthIndicator.java:52)
	at org.springframework.boot.actuate.health.AbstractHealthIndicator.health(AbstractHealthIndicator.java:82)
	at org.springframework.boot.actuate.health.HealthIndicator.getHealth(HealthIndicator.java:37)
	at org.springframework.boot.actuate.health.HealthEndpointWebExtension.getHealth(HealthEndpointWebExtension.java:94)
	at org.springframework.boot.actuate.health.HealthEndpointWebExtension.getHealth(HealthEndpointWebExtension.java:47)
	at org.springframework.boot.actuate.health.HealthEndpointSupport.getLoggedHealth(HealthEndpointSupport.java:172)
	at org.springframework.boot.actuate.health.HealthEndpointSupport.getContribution(HealthEndpointSupport.java:145)
	at org.springframework.boot.actuate.health.HealthEndpointSupport.getAggregateContribution(HealthEndpointSupport.java:156)
	at org.springframework.boot.actuate.health.HealthEndpointSupport.getContribution(HealthEndpointSupport.java:141)
	at org.springframework.boot.actuate.health.HealthEndpointSupport.getHealth(HealthEndpointSupport.java:110)
	at org.springframework.boot.actuate.health.HealthEndpointSupport.getHealth(HealthEndpointSupport.java:81)
	at org.springframework.boot.actuate.health.HealthEndpointWebExtension.health(HealthEndpointWebExtension.java:80)
	at org.springframework.boot.actuate.health.HealthEndpointWebExtension.health(HealthEndpointWebExtension.java:69)
	at java.base/jdk.internal.reflect.DirectMethodHandleAccessor.invoke(DirectMethodHandleAccessor.java:103)
	at java.base/java.lang.reflect.Method.invoke(Method.java:580)
	at org.springframework.util.ReflectionUtils.invokeMethod(ReflectionUtils.java:281)
	at org.springframework.boot.actuate.endpoint.invoke.reflect.ReflectiveOperationInvoker.invoke(ReflectiveOperationInvoker.java:74)
	at org.springframework.boot.actuate.endpoint.annotation.AbstractDiscoveredOperation.invoke(AbstractDiscoveredOperation.java:60)
	at org.springframework.boot.actuate.endpoint.web.servlet.AbstractWebMvcEndpointHandlerMapping$ServletWebOperationAdapter.handle(AbstractWebMvcEndpointHandlerMapping.java:327)
	at org.springframework.boot.actuate.endpoint.web.servlet.AbstractWebMvcEndpointHandlerMapping$OperationHandler.handle(AbstractWebMvcEndpointHandlerMapping.java:434)
	at java.base/jdk.internal.reflect.DirectMethodHandleAccessor.invoke(DirectMethodHandleAccessor.java:103)
	at java.base/java.lang.reflect.Method.invoke(Method.java:580)
	at org.springframework.web.method.support.InvocableHandlerMethod.doInvoke(InvocableHandlerMethod.java:258)
	at org.springframework.web.method.support.InvocableHandlerMethod.invokeForRequest(InvocableHandlerMethod.java:191)
	at org.springframework.web.servlet.mvc.method.annotation.ServletInvocableHandlerMethod.invokeAndHandle(ServletInvocableHandlerMethod.java:118)
	at org.springframework.web.servlet.mvc.method.annotation.RequestMappingHandlerAdapter.invokeHandlerMethod(RequestMappingHandlerAdapter.java:991)
	at org.springframework.web.servlet.mvc.method.annotation.RequestMappingHandlerAdapter.handleInternal(RequestMappingHandlerAdapter.java:896)
	at org.springframework.web.servlet.mvc.method.AbstractHandlerMethodAdapter.handle(AbstractHandlerMethodAdapter.java:87)
	at org.springframework.web.servlet.DispatcherServlet.doDispatch(DispatcherServlet.java:1089)
	at org.springframework.web.servlet.DispatcherServlet.doService(DispatcherServlet.java:979)
	at org.springframework.web.servlet.FrameworkServlet.processRequest(FrameworkServlet.java:1014)
	at org.springframework.web.servlet.FrameworkServlet.doGet(FrameworkServlet.java:903)
	at jakarta.servlet.http.HttpServlet.service(HttpServlet.java:564)
	at org.springframework.web.servlet.FrameworkServlet.service(FrameworkServlet.java:885)
	at jakarta.servlet.http.HttpServlet.service(HttpServlet.java:658)
	at org.apache.catalina.core.ApplicationFilterChain.internalDoFilter(ApplicationFilterChain.java:195)
	at org.apache.catalina.core.ApplicationFilterChain.doFilter(ApplicationFilterChain.java:140)
	at org.apache.tomcat.websocket.server.WsFilter.doFilter(WsFilter.java:51)
	at org.apache.catalina.core.ApplicationFilterChain.internalDoFilter(ApplicationFilterChain.java:164)
	at org.apache.catalina.core.ApplicationFilterChain.doFilter(ApplicationFilterChain.java:140)
	at org.springframework.web.filter.OncePerRequestFilter.doFilter(OncePerRequestFilter.java:110)
	at org.apache.catalina.core.ApplicationFilterChain.internalDoFilter(ApplicationFilterChain.java:164)
	at org.apache.catalina.core.ApplicationFilterChain.doFilter(ApplicationFilterChain.java:140)
	at org.springframework.web.filter.CompositeFilter$VirtualFilterChain.doFilter(CompositeFilter.java:108)
	at org.springframework.web.filter.CompositeFilter$VirtualFilterChain.doFilter(CompositeFilter.java:108)
	at org.springframework.security.web.FilterChainProxy.lambda$doFilterInternal$3(FilterChainProxy.java:231)
	at org.springframework.security.web.ObservationFilterChainDecorator$FilterObservation$SimpleFilterObservation.lambda$wrap$1(ObservationFilterChainDecorator.java:479)
	at org.springframework.security.web.ObservationFilterChainDecorator$AroundFilterObservation$SimpleAroundFilterObservation.lambda$wrap$1(ObservationFilterChainDecorator.java:340)
	at org.springframework.security.web.ObservationFilterChainDecorator.lambda$wrapSecured$0(ObservationFilterChainDecorator.java:82)
	at org.springframework.security.web.ObservationFilterChainDecorator$VirtualFilterChain.doFilter(ObservationFilterChainDecorator.java:128)
	at org.springframework.security.web.access.intercept.AuthorizationFilter.doFilter(AuthorizationFilter.java:101)
	at org.springframework.security.web.ObservationFilterChainDecorator$ObservationFilter.wrapFilter(ObservationFilterChainDecorator.java:240)
	at org.springframework.security.web.ObservationFilterChainDecorator$ObservationFilter.doFilter(ObservationFilterChainDecorator.java:227)
	at org.springframework.security.web.ObservationFilterChainDecorator$VirtualFilterChain.doFilter(ObservationFilterChainDecorator.java:137)
	at org.springframework.security.web.access.ExceptionTranslationFilter.doFilter(ExceptionTranslationFilter.java:125)
	at org.springframework.security.web.access.ExceptionTranslationFilter.doFilter(ExceptionTranslationFilter.java:119)
	at org.springframework.security.web.ObservationFilterChainDecorator$ObservationFilter.wrapFilter(ObservationFilterChainDecorator.java:240)
	at org.springframework.security.web.ObservationFilterChainDecorator$ObservationFilter.doFilter(ObservationFilterChainDecorator.java:227)
	at org.springframework.security.web.ObservationFilterChainDecorator$VirtualFilterChain.doFilter(ObservationFilterChainDecorator.java:137)
	at org.springframework.security.web.session.SessionManagementFilter.doFilter(SessionManagementFilter.java:131)
	at org.springframework.security.web.session.SessionManagementFilter.doFilter(SessionManagementFilter.java:85)
	at org.springframework.security.web.ObservationFilterChainDecorator$ObservationFilter.wrapFilter(ObservationFilterChainDecorator.java:240)
	at org.springframework.security.web.ObservationFilterChainDecorator$ObservationFilter.doFilter(ObservationFilterChainDecorator.java:227)
	at org.springframework.security.web.ObservationFilterChainDecorator$VirtualFilterChain.doFilter(ObservationFilterChainDecorator.java:137)
	at org.springframework.security.web.authentication.AnonymousAuthenticationFilter.doFilter(AnonymousAuthenticationFilter.java:100)
	at org.springframework.security.web.ObservationFilterChainDecorator$ObservationFilter.wrapFilter(ObservationFilterChainDecorator.java:240)
	at org.springframework.security.web.ObservationFilterChainDecorator$ObservationFilter.doFilter(ObservationFilterChainDecorator.java:227)
	at org.springframework.security.web.ObservationFilterChainDecorator$VirtualFilterChain.doFilter(ObservationFilterChainDecorator.java:137)
	at org.springframework.security.web.servletapi.SecurityContextHolderAwareRequestFilter.doFilter(SecurityContextHolderAwareRequestFilter.java:179)
	at org.springframework.security.web.ObservationFilterChainDecorator$ObservationFilter.wrapFilter(ObservationFilterChainDecorator.java:240)
	at org.springframework.security.web.ObservationFilterChainDecorator$ObservationFilter.doFilter(ObservationFilterChainDecorator.java:227)
	at org.springframework.security.web.ObservationFilterChainDecorator$VirtualFilterChain.doFilter(ObservationFilterChainDecorator.java:137)
	at org.springframework.security.web.savedrequest.RequestCacheAwareFilter.doFilter(RequestCacheAwareFilter.java:63)
	at org.springframework.security.web.ObservationFilterChainDecorator$ObservationFilter.wrapFilter(ObservationFilterChainDecorator.java:240)
	at org.springframework.security.web.ObservationFilterChainDecorator$ObservationFilter.doFilter(ObservationFilterChainDecorator.java:227)
	at org.springframework.security.web.ObservationFilterChainDecorator$VirtualFilterChain.doFilter(ObservationFilterChainDecorator.java:137)
	at org.springframework.security.web.authentication.ui.DefaultLogoutPageGeneratingFilter.doFilterInternal(DefaultLogoutPageGeneratingFilter.java:59)
	at org.springframework.web.filter.OncePerRequestFilter.doFilter(OncePerRequestFilter.java:116)
	at org.springframework.security.web.ObservationFilterChainDecorator$ObservationFilter.wrapFilter(ObservationFilterChainDecorator.java:240)
	at org.springframework.security.web.ObservationFilterChainDecorator$ObservationFilter.doFilter(ObservationFilterChainDecorator.java:227)
	at org.springframework.security.web.ObservationFilterChainDecorator$VirtualFilterChain.doFilter(ObservationFilterChainDecorator.java:137)
	at org.springframework.security.web.authentication.ui.DefaultLoginPageGeneratingFilter.doFilter(DefaultLoginPageGeneratingFilter.java:216)
	at org.springframework.security.web.authentication.ui.DefaultLoginPageGeneratingFilter.doFilter(DefaultLoginPageGeneratingFilter.java:202)
	at org.springframework.security.web.ObservationFilterChainDecorator$ObservationFilter.wrapFilter(ObservationFilterChainDecorator.java:240)
	at org.springframework.security.web.ObservationFilterChainDecorator$ObservationFilter.doFilter(ObservationFilterChainDecorator.java:227)
	at org.springframework.security.web.ObservationFilterChainDecorator$VirtualFilterChain.doFilter(ObservationFilterChainDecorator.java:137)
	at org.springframework.security.web.authentication.ui.DefaultResourcesFilter.doFilter(DefaultResourcesFilter.java:72)
	at org.springframework.security.web.ObservationFilterChainDecorator$ObservationFilter.wrapFilter(ObservationFilterChainDecorator.java:240)
	at org.springframework.security.web.ObservationFilterChainDecorator$ObservationFilter.doFilter(ObservationFilterChainDecorator.java:227)
	at org.springframework.security.web.ObservationFilterChainDecorator$VirtualFilterChain.doFilter(ObservationFilterChainDecorator.java:137)
	at az.company.qwisedemoapp.filter.JwtFilter.doFilterInternal(JwtFilter.java:57)
	at org.springframework.web.filter.OncePerRequestFilter.doFilter(OncePerRequestFilter.java:116)
	at org.springframework.security.web.ObservationFilterChainDecorator$ObservationFilter.wrapFilter(ObservationFilterChainDecorator.java:240)
	at org.springframework.security.web.ObservationFilterChainDecorator$ObservationFilter.doFilter(ObservationFilterChainDecorator.java:227)
	at org.springframework.security.web.ObservationFilterChainDecorator$VirtualFilterChain.doFilter(ObservationFilterChainDecorator.java:137)
	at org.springframework.security.web.authentication.AbstractAuthenticationProcessingFilter.doFilter(AbstractAuthenticationProcessingFilter.java:235)
	at org.springframework.security.web.authentication.AbstractAuthenticationProcessingFilter.doFilter(AbstractAuthenticationProcessingFilter.java:229)
	at org.springframework.security.web.ObservationFilterChainDecorator$ObservationFilter.wrapFilter(ObservationFilterChainDecorator.java:240)
	at org.springframework.security.web.ObservationFilterChainDecorator$ObservationFilter.doFilter(ObservationFilterChainDecorator.java:227)
	at org.springframework.security.web.ObservationFilterChainDecorator$VirtualFilterChain.doFilter(ObservationFilterChainDecorator.java:137)
	at org.springframework.security.oauth2.client.web.OAuth2AuthorizationRequestRedirectFilter.doFilterInternal(OAuth2AuthorizationRequestRedirectFilter.java:198)
	at org.springframework.web.filter.OncePerRequestFilter.doFilter(OncePerRequestFilter.java:116)
	at org.springframework.security.web.ObservationFilterChainDecorator$ObservationFilter.wrapFilter(ObservationFilterChainDecorator.java:240)
	at org.springframework.security.web.ObservationFilterChainDecorator$ObservationFilter.doFilter(ObservationFilterChainDecorator.java:227)
	at org.springframework.security.web.ObservationFilterChainDecorator$VirtualFilterChain.doFilter(ObservationFilterChainDecorator.java:137)
	at org.springframework.security.web.authentication.logout.LogoutFilter.doFilter(LogoutFilter.java:107)
	at org.springframework.security.web.authentication.logout.LogoutFilter.doFilter(LogoutFilter.java:93)
	at org.springframework.security.web.ObservationFilterChainDecorator$ObservationFilter.wrapFilter(ObservationFilterChainDecorator.java:240)
	at org.springframework.security.web.ObservationFilterChainDecorator$ObservationFilter.doFilter(ObservationFilterChainDecorator.java:227)
	at org.springframework.security.web.ObservationFilterChainDecorator$VirtualFilterChain.doFilter(ObservationFilterChainDecorator.java:137)
	at org.springframework.security.web.header.HeaderWriterFilter.doHeadersAfter(HeaderWriterFilter.java:90)
	at org.springframework.security.web.header.HeaderWriterFilter.doFilterInternal(HeaderWriterFilter.java:75)
	at org.springframework.web.filter.OncePerRequestFilter.doFilter(OncePerRequestFilter.java:116)
	at org.springframework.security.web.ObservationFilterChainDecorator$ObservationFilter.wrapFilter(ObservationFilterChainDecorator.java:240)
	at org.springframework.security.web.ObservationFilterChainDecorator$ObservationFilter.doFilter(ObservationFilterChainDecorator.java:227)
	at org.springframework.security.web.ObservationFilterChainDecorator$VirtualFilterChain.doFilter(ObservationFilterChainDecorator.java:137)
	at org.springframework.security.web.context.SecurityContextHolderFilter.doFilter(SecurityContextHolderFilter.java:82)
	at org.springframework.security.web.context.SecurityContextHolderFilter.doFilter(SecurityContextHolderFilter.java:69)
	at org.springframework.security.web.ObservationFilterChainDecorator$ObservationFilter.wrapFilter(ObservationFilterChainDecorator.java:240)
	at org.springframework.security.web.ObservationFilterChainDecorator$ObservationFilter.doFilter(ObservationFilterChainDecorator.java:227)
	at org.springframework.security.web.ObservationFilterChainDecorator$VirtualFilterChain.doFilter(ObservationFilterChainDecorator.java:137)
	at org.springframework.security.web.context.request.async.WebAsyncManagerIntegrationFilter.doFilterInternal(WebAsyncManagerIntegrationFilter.java:62)
	at org.springframework.web.filter.OncePerRequestFilter.doFilter(OncePerRequestFilter.java:116)
	at org.springframework.security.web.ObservationFilterChainDecorator$ObservationFilter.wrapFilter(ObservationFilterChainDecorator.java:240)
	at org.springframework.security.web.ObservationFilterChainDecorator$ObservationFilter.doFilter(ObservationFilterChainDecorator.java:227)
	at org.springframework.security.web.ObservationFilterChainDecorator$VirtualFilterChain.doFilter(ObservationFilterChainDecorator.java:137)
	at org.springframework.security.web.session.DisableEncodeUrlFilter.doFilterInternal(DisableEncodeUrlFilter.java:42)
	at org.springframework.web.filter.OncePerRequestFilter.doFilter(OncePerRequestFilter.java:116)
	at org.springframework.security.web.ObservationFilterChainDecorator$ObservationFilter.wrapFilter(ObservationFilterChainDecorator.java:240)
	at org.springframework.security.web.ObservationFilterChainDecorator$AroundFilterObservation$SimpleAroundFilterObservation.lambda$wrap$0(ObservationFilterChainDecorator.java:323)
	at org.springframework.security.web.ObservationFilterChainDecorator$ObservationFilter.doFilter(ObservationFilterChainDecorator.java:224)
	at org.springframework.security.web.ObservationFilterChainDecorator$VirtualFilterChain.doFilter(ObservationFilterChainDecorator.java:137)
	at org.springframework.security.web.FilterChainProxy.doFilterInternal(FilterChainProxy.java:233)
	at org.springframework.security.web.FilterChainProxy.doFilter(FilterChainProxy.java:191)
	at org.springframework.web.filter.CompositeFilter$VirtualFilterChain.doFilter(CompositeFilter.java:113)
	at org.springframework.web.filter.ServletRequestPathFilter.doFilter(ServletRequestPathFilter.java:52)
	at org.springframework.web.filter.CompositeFilter$VirtualFilterChain.doFilter(CompositeFilter.java:113)
	at org.springframework.web.filter.CompositeFilter.doFilter(CompositeFilter.java:74)
	at org.springframework.security.config.annotation.web.configuration.WebSecurityConfiguration$CompositeFilterChainProxy.doFilter(WebSecurityConfiguration.java:319)
	at org.springframework.web.filter.CompositeFilter$VirtualFilterChain.doFilter(CompositeFilter.java:113)
	at org.springframework.web.servlet.handler.HandlerMappingIntrospector.lambda$createCacheFilter$4(HandlerMappingIntrospector.java:267)
	at org.springframework.web.filter.CompositeFilter$VirtualFilterChain.doFilter(CompositeFilter.java:113)
	at org.springframework.web.filter.CompositeFilter.doFilter(CompositeFilter.java:74)
	at org.springframework.security.config.annotation.web.configuration.WebMvcSecurityConfiguration$CompositeFilterChainProxy.doFilter(WebMvcSecurityConfiguration.java:240)
	at org.springframework.web.filter.DelegatingFilterProxy.invokeDelegate(DelegatingFilterProxy.java:362)
	at org.springframework.web.filter.DelegatingFilterProxy.doFilter(DelegatingFilterProxy.java:278)
	at org.apache.catalina.core.ApplicationFilterChain.internalDoFilter(ApplicationFilterChain.java:164)
	at org.apache.catalina.core.ApplicationFilterChain.doFilter(ApplicationFilterChain.java:140)
	at org.springframework.web.filter.RequestContextFilter.doFilterInternal(RequestContextFilter.java:100)
	at org.springframework.web.filter.OncePerRequestFilter.doFilter(OncePerRequestFilter.java:116)
	at org.apache.catalina.core.ApplicationFilterChain.internalDoFilter(ApplicationFilterChain.java:164)
	at org.apache.catalina.core.ApplicationFilterChain.doFilter(ApplicationFilterChain.java:140)
	at org.springframework.web.filter.FormContentFilter.doFilterInternal(FormContentFilter.java:93)
	at org.springframework.web.filter.OncePerRequestFilter.doFilter(OncePerRequestFilter.java:116)
	at org.apache.catalina.core.ApplicationFilterChain.internalDoFilter(ApplicationFilterChain.java:164)
	at org.apache.catalina.core.ApplicationFilterChain.doFilter(ApplicationFilterChain.java:140)
	at org.springframework.web.filter.ServerHttpObservationFilter.doFilterInternal(ServerHttpObservationFilter.java:110)
	at org.springframework.web.filter.OncePerRequestFilter.doFilter(OncePerRequestFilter.java:116)
	at org.apache.catalina.core.ApplicationFilterChain.internalDoFilter(ApplicationFilterChain.java:164)
	at org.apache.catalina.core.ApplicationFilterChain.doFilter(ApplicationFilterChain.java:140)
	at org.springframework.web.filter.CharacterEncodingFilter.doFilterInternal(CharacterEncodingFilter.java:201)
	at org.springframework.web.filter.OncePerRequestFilter.doFilter(OncePerRequestFilter.java:116)
	at org.apache.catalina.core.ApplicationFilterChain.internalDoFilter(ApplicationFilterChain.java:164)
	at org.apache.catalina.core.ApplicationFilterChain.doFilter(ApplicationFilterChain.java:140)
	at org.apache.catalina.core.StandardWrapperValve.invoke(StandardWrapperValve.java:167)
	at org.apache.catalina.core.StandardContextValve.invoke(StandardContextValve.java:90)
	at org.apache.catalina.authenticator.AuthenticatorBase.invoke(AuthenticatorBase.java:483)
	at org.apache.catalina.core.StandardHostValve.invoke(StandardHostValve.java:116)
	at org.apache.catalina.valves.ErrorReportValve.invoke(ErrorReportValve.java:93)
	at org.apache.catalina.core.StandardEngineValve.invoke(StandardEngineValve.java:74)
	at org.apache.catalina.connector.CoyoteAdapter.service(CoyoteAdapter.java:344)
	at org.apache.coyote.http11.Http11Processor.service(Http11Processor.java:398)
	at org.apache.coyote.AbstractProcessorLight.process(AbstractProcessorLight.java:63)
	at org.apache.coyote.AbstractProtocol$ConnectionHandler.process(AbstractProtocol.java:903)
	at org.apache.tomcat.util.net.NioEndpoint$SocketProcessor.doRun(NioEndpoint.java:1769)
	at org.apache.tomcat.util.net.SocketProcessorBase.run(SocketProcessorBase.java:52)
	at org.apache.tomcat.util.threads.ThreadPoolExecutor.runWorker(ThreadPoolExecutor.java:1189)
	at org.apache.tomcat.util.threads.ThreadPoolExecutor$Worker.run(ThreadPoolExecutor.java:658)
	at org.apache.tomcat.util.threads.TaskThread$WrappingRunnable.run(TaskThread.java:63)
	at java.base/java.lang.Thread.run(Thread.java:1583)
2025-09-11 20:32:28 [background-preinit] INFO  o.h.validator.internal.util.Version - HV000001: Hibernate Validator 8.0.2.Final
2025-09-11 20:32:28 [main] INFO  a.c.q.QwiseDemoAppApplication - Starting QwiseDemoAppApplication v1.0.0 using Java 21 with PID 1 (/app/app.jar started by root in /app)
2025-09-11 20:32:28 [main] INFO  a.c.q.QwiseDemoAppApplication - The following 1 profile is active: "prod"
2025-09-11 20:32:31 [main] INFO  o.s.d.r.c.RepositoryConfigurationDelegate - Bootstrapping Spring Data JPA repositories in DEFAULT mode.
2025-09-11 20:32:31 [main] INFO  o.s.d.r.c.RepositoryConfigurationDelegate - Finished Spring Data repository scanning in 97 ms. Found 6 JPA repository interfaces.
2025-09-11 20:32:32 [main] INFO  o.s.b.w.e.tomcat.TomcatWebServer - Tomcat initialized with port 7775 (http)
2025-09-11 20:32:32 [main] INFO  o.a.coyote.http11.Http11NioProtocol - Initializing ProtocolHandler ["http-nio-7775"]
2025-09-11 20:32:32 [main] INFO  o.a.catalina.core.StandardService - Starting service [Tomcat]
2025-09-11 20:32:32 [main] INFO  o.a.catalina.core.StandardEngine - Starting Servlet engine: [Apache Tomcat/10.1.43]
2025-09-11 20:32:32 [main] INFO  o.a.c.c.C.[Tomcat].[localhost].[/] - Initializing Spring embedded WebApplicationContext
2025-09-11 20:32:32 [main] INFO  o.s.b.w.s.c.ServletWebServerApplicationContext - Root WebApplicationContext: initialization completed in 3455 ms
2025-09-11 20:32:33 [main] INFO  o.h.jpa.internal.util.LogHelper - HHH000204: Processing PersistenceUnitInfo [name: default]
2025-09-11 20:32:33 [main] INFO  org.hibernate.Version - HHH000412: Hibernate ORM core version 6.6.22.Final
2025-09-11 20:32:33 [main] INFO  o.h.c.i.RegionFactoryInitiator - HHH000026: Second-level cache disabled
2025-09-11 20:32:33 [main] INFO  o.s.o.j.p.SpringPersistenceUnitInfo - No LoadTimeWeaver setup: ignoring JPA class transformer
2025-09-11 20:32:33 [main] INFO  com.zaxxer.hikari.HikariDataSource - HikariPool-1 - Starting...
2025-09-11 20:32:34 [main] INFO  com.zaxxer.hikari.pool.HikariPool - HikariPool-1 - Added connection org.postgresql.jdbc.PgConnection@16c9e378
2025-09-11 20:32:34 [main] INFO  com.zaxxer.hikari.HikariDataSource - HikariPool-1 - Start completed.
2025-09-11 20:32:34 [main] WARN  org.hibernate.orm.deprecation - HHH90000025: PostgreSQLDialect does not need to be specified explicitly using 'hibernate.dialect' (remove the property setting and it will be selected by default)
2025-09-11 20:32:34 [main] INFO  o.hibernate.orm.connections.pooling - HHH10001005: Database info:
	Database JDBC URL [Connecting through datasource 'HikariDataSource (HikariPool-1)']
	Database driver: undefined/unknown
	Database version: 17.5
	Autocommit mode: undefined/unknown
	Isolation level: undefined/unknown
	Minimum pool size: undefined/unknown
	Maximum pool size: undefined/unknown
2025-09-11 20:32:36 [main] INFO  o.h.e.t.j.p.i.JtaPlatformInitiator - HHH000489: No JTA platform available (set 'hibernate.transaction.jta.platform' to enable JTA platform integration)
2025-09-11 20:32:37 [main] INFO  o.s.o.j.LocalContainerEntityManagerFactoryBean - Initialized JPA EntityManagerFactory for persistence unit 'default'
2025-09-11 20:32:38 [main] INFO  o.s.d.j.r.query.QueryEnhancerFactory - Hibernate is in classpath; If applicable, HQL parser will be used.
2025-09-11 20:32:39 [main] INFO  o.s.s.c.a.a.c.InitializeAuthenticationProviderBeanManagerConfigurer$InitializeAuthenticationProviderManagerConfigurer - Global AuthenticationManager configured with AuthenticationProvider bean with name customAuthenticationProvider
2025-09-11 20:32:39 [main] WARN  o.s.s.c.a.a.c.InitializeUserDetailsBeanManagerConfigurer$InitializeUserDetailsManagerConfigurer - Global AuthenticationManager configured with an AuthenticationProvider bean. UserDetailsService beans will not be used by Spring Security for automatically configuring username/password login. Consider removing the AuthenticationProvider bean. Alternatively, consider using the UserDetailsService in a manually instantiated DaoAuthenticationProvider. If the current configuration is intentional, to turn off this warning, increase the logging level of 'org.springframework.security.config.annotation.authentication.configuration.InitializeUserDetailsBeanManagerConfigurer' to ERROR
2025-09-11 20:32:39 [main] WARN  o.s.b.a.o.j.JpaBaseConfiguration$JpaWebConfiguration - spring.jpa.open-in-view is enabled by default. Therefore, database queries may be performed during view rendering. Explicitly configure spring.jpa.open-in-view to disable this warning
2025-09-11 20:32:40 [main] INFO  o.s.b.a.e.web.EndpointLinksResolver - Exposing 3 endpoints beneath base path '/actuator'
2025-09-11 20:32:42 [main] INFO  o.a.coyote.http11.Http11NioProtocol - Starting ProtocolHandler ["http-nio-7775"]
2025-09-11 20:32:42 [main] INFO  o.s.b.w.e.tomcat.TomcatWebServer - Tomcat started on port 7775 (http) with context path '/'
2025-09-11 20:32:42 [main] INFO  a.c.q.QwiseDemoAppApplication - Started QwiseDemoAppApplication in 14.745 seconds (process running for 15.726)
2025-09-11 20:34:06 [http-nio-7775-exec-1] INFO  o.a.c.c.C.[Tomcat].[localhost].[/] - Initializing Spring DispatcherServlet 'dispatcherServlet'
2025-09-11 20:34:06 [http-nio-7775-exec-1] INFO  o.s.web.servlet.DispatcherServlet - Initializing Servlet 'dispatcherServlet'
2025-09-11 20:34:06 [http-nio-7775-exec-1] INFO  o.s.web.servlet.DispatcherServlet - Completed initialization in 5 ms
2025-09-11 20:34:06 [http-nio-7775-exec-1] ERROR o.a.c.c.C.[.[.[.[dispatcherServlet] - Servlet.service() for servlet [dispatcherServlet] in context with path [] threw exception
io.jsonwebtoken.ExpiredJwtException: JWT expired 29939604 milliseconds ago at 2025-09-11T12:15:07.000Z. Current time: 2025-09-11T20:34:06.604Z. Allowed clock skew: 0 milliseconds.
	at io.jsonwebtoken.impl.DefaultJwtParser.parse(DefaultJwtParser.java:682)
	at io.jsonwebtoken.impl.DefaultJwtParser.parse(DefaultJwtParser.java:362)
	at io.jsonwebtoken.impl.DefaultJwtParser.parse(DefaultJwtParser.java:94)
	at io.jsonwebtoken.impl.io.AbstractParser.parse(AbstractParser.java:36)
	at io.jsonwebtoken.impl.io.AbstractParser.parse(AbstractParser.java:29)
	at io.jsonwebtoken.impl.DefaultJwtParser.parseSignedClaims(DefaultJwtParser.java:821)
	at az.company.qwisedemoapp.service.auth.JwtService.extractAllClaims(JwtService.java:73)
	at az.company.qwisedemoapp.service.auth.JwtService.extractClaim(JwtService.java:65)
	at az.company.qwisedemoapp.service.auth.JwtService.extractUserName(JwtService.java:61)
	at az.company.qwisedemoapp.filter.JwtFilter.doFilterInternal(JwtFilter.java:36)
	at org.springframework.web.filter.OncePerRequestFilter.doFilter(OncePerRequestFilter.java:116)
	at org.springframework.security.web.ObservationFilterChainDecorator$ObservationFilter.wrapFilter(ObservationFilterChainDecorator.java:240)
	at org.springframework.security.web.ObservationFilterChainDecorator$ObservationFilter.doFilter(ObservationFilterChainDecorator.java:227)
	at org.springframework.security.web.ObservationFilterChainDecorator$VirtualFilterChain.doFilter(ObservationFilterChainDecorator.java:137)
	at org.springframework.security.web.authentication.AbstractAuthenticationProcessingFilter.doFilter(AbstractAuthenticationProcessingFilter.java:235)
	at org.springframework.security.web.authentication.AbstractAuthenticationProcessingFilter.doFilter(AbstractAuthenticationProcessingFilter.java:229)
	at org.springframework.security.web.ObservationFilterChainDecorator$ObservationFilter.wrapFilter(ObservationFilterChainDecorator.java:240)
	at org.springframework.security.web.ObservationFilterChainDecorator$ObservationFilter.doFilter(ObservationFilterChainDecorator.java:227)
	at org.springframework.security.web.ObservationFilterChainDecorator$VirtualFilterChain.doFilter(ObservationFilterChainDecorator.java:137)
	at org.springframework.security.oauth2.client.web.OAuth2AuthorizationRequestRedirectFilter.doFilterInternal(OAuth2AuthorizationRequestRedirectFilter.java:198)
	at org.springframework.web.filter.OncePerRequestFilter.doFilter(OncePerRequestFilter.java:116)
	at org.springframework.security.web.ObservationFilterChainDecorator$ObservationFilter.wrapFilter(ObservationFilterChainDecorator.java:240)
	at org.springframework.security.web.ObservationFilterChainDecorator$ObservationFilter.doFilter(ObservationFilterChainDecorator.java:227)
	at org.springframework.security.web.ObservationFilterChainDecorator$VirtualFilterChain.doFilter(ObservationFilterChainDecorator.java:137)
	at org.springframework.security.web.authentication.logout.LogoutFilter.doFilter(LogoutFilter.java:107)
	at org.springframework.security.web.authentication.logout.LogoutFilter.doFilter(LogoutFilter.java:93)
	at org.springframework.security.web.ObservationFilterChainDecorator$ObservationFilter.wrapFilter(ObservationFilterChainDecorator.java:240)
	at org.springframework.security.web.ObservationFilterChainDecorator$ObservationFilter.doFilter(ObservationFilterChainDecorator.java:227)
	at org.springframework.security.web.ObservationFilterChainDecorator$VirtualFilterChain.doFilter(ObservationFilterChainDecorator.java:137)
	at org.springframework.security.web.header.HeaderWriterFilter.doHeadersAfter(HeaderWriterFilter.java:90)
	at org.springframework.security.web.header.HeaderWriterFilter.doFilterInternal(HeaderWriterFilter.java:75)
	at org.springframework.web.filter.OncePerRequestFilter.doFilter(OncePerRequestFilter.java:116)
	at org.springframework.security.web.ObservationFilterChainDecorator$ObservationFilter.wrapFilter(ObservationFilterChainDecorator.java:240)
	at org.springframework.security.web.ObservationFilterChainDecorator$ObservationFilter.doFilter(ObservationFilterChainDecorator.java:227)
	at org.springframework.security.web.ObservationFilterChainDecorator$VirtualFilterChain.doFilter(ObservationFilterChainDecorator.java:137)
	at org.springframework.security.web.context.SecurityContextHolderFilter.doFilter(SecurityContextHolderFilter.java:82)
	at org.springframework.security.web.context.SecurityContextHolderFilter.doFilter(SecurityContextHolderFilter.java:69)
	at org.springframework.security.web.ObservationFilterChainDecorator$ObservationFilter.wrapFilter(ObservationFilterChainDecorator.java:240)
	at org.springframework.security.web.ObservationFilterChainDecorator$ObservationFilter.doFilter(ObservationFilterChainDecorator.java:227)
	at org.springframework.security.web.ObservationFilterChainDecorator$VirtualFilterChain.doFilter(ObservationFilterChainDecorator.java:137)
	at org.springframework.security.web.context.request.async.WebAsyncManagerIntegrationFilter.doFilterInternal(WebAsyncManagerIntegrationFilter.java:62)
	at org.springframework.web.filter.OncePerRequestFilter.doFilter(OncePerRequestFilter.java:116)
	at org.springframework.security.web.ObservationFilterChainDecorator$ObservationFilter.wrapFilter(ObservationFilterChainDecorator.java:240)
	at org.springframework.security.web.ObservationFilterChainDecorator$ObservationFilter.doFilter(ObservationFilterChainDecorator.java:227)
	at org.springframework.security.web.ObservationFilterChainDecorator$VirtualFilterChain.doFilter(ObservationFilterChainDecorator.java:137)
	at org.springframework.security.web.session.DisableEncodeUrlFilter.doFilterInternal(DisableEncodeUrlFilter.java:42)
	at org.springframework.web.filter.OncePerRequestFilter.doFilter(OncePerRequestFilter.java:116)
	at org.springframework.security.web.ObservationFilterChainDecorator$ObservationFilter.wrapFilter(ObservationFilterChainDecorator.java:240)
	at org.springframework.security.web.ObservationFilterChainDecorator$AroundFilterObservation$SimpleAroundFilterObservation.lambda$wrap$0(ObservationFilterChainDecorator.java:323)
	at org.springframework.security.web.ObservationFilterChainDecorator$ObservationFilter.doFilter(ObservationFilterChainDecorator.java:224)
	at org.springframework.security.web.ObservationFilterChainDecorator$VirtualFilterChain.doFilter(ObservationFilterChainDecorator.java:137)
	at org.springframework.security.web.FilterChainProxy.doFilterInternal(FilterChainProxy.java:233)
	at org.springframework.security.web.FilterChainProxy.doFilter(FilterChainProxy.java:191)
	at org.springframework.web.filter.CompositeFilter$VirtualFilterChain.doFilter(CompositeFilter.java:113)
	at org.springframework.web.filter.ServletRequestPathFilter.doFilter(ServletRequestPathFilter.java:52)
	at org.springframework.web.filter.CompositeFilter$VirtualFilterChain.doFilter(CompositeFilter.java:113)
	at org.springframework.web.filter.CompositeFilter.doFilter(CompositeFilter.java:74)
	at org.springframework.security.config.annotation.web.configuration.WebSecurityConfiguration$CompositeFilterChainProxy.doFilter(WebSecurityConfiguration.java:319)
	at org.springframework.web.filter.CompositeFilter$VirtualFilterChain.doFilter(CompositeFilter.java:113)
	at org.springframework.web.servlet.handler.HandlerMappingIntrospector.lambda$createCacheFilter$4(HandlerMappingIntrospector.java:267)
	at org.springframework.web.filter.CompositeFilter$VirtualFilterChain.doFilter(CompositeFilter.java:113)
	at org.springframework.web.filter.CompositeFilter.doFilter(CompositeFilter.java:74)
	at org.springframework.security.config.annotation.web.configuration.WebMvcSecurityConfiguration$CompositeFilterChainProxy.doFilter(WebMvcSecurityConfiguration.java:240)
	at org.springframework.web.filter.DelegatingFilterProxy.invokeDelegate(DelegatingFilterProxy.java:362)
	at org.springframework.web.filter.DelegatingFilterProxy.doFilter(DelegatingFilterProxy.java:278)
	at org.apache.catalina.core.ApplicationFilterChain.internalDoFilter(ApplicationFilterChain.java:164)
	at org.apache.catalina.core.ApplicationFilterChain.doFilter(ApplicationFilterChain.java:140)
	at org.springframework.web.filter.RequestContextFilter.doFilterInternal(RequestContextFilter.java:100)
	at org.springframework.web.filter.OncePerRequestFilter.doFilter(OncePerRequestFilter.java:116)
	at org.apache.catalina.core.ApplicationFilterChain.internalDoFilter(ApplicationFilterChain.java:164)
	at org.apache.catalina.core.ApplicationFilterChain.doFilter(ApplicationFilterChain.java:140)
	at org.springframework.web.filter.FormContentFilter.doFilterInternal(FormContentFilter.java:93)
	at org.springframework.web.filter.OncePerRequestFilter.doFilter(OncePerRequestFilter.java:116)
	at org.apache.catalina.core.ApplicationFilterChain.internalDoFilter(ApplicationFilterChain.java:164)
	at org.apache.catalina.core.ApplicationFilterChain.doFilter(ApplicationFilterChain.java:140)
	at org.springframework.web.filter.ServerHttpObservationFilter.doFilterInternal(ServerHttpObservationFilter.java:110)
	at org.springframework.web.filter.OncePerRequestFilter.doFilter(OncePerRequestFilter.java:116)
	at org.apache.catalina.core.ApplicationFilterChain.internalDoFilter(ApplicationFilterChain.java:164)
	at org.apache.catalina.core.ApplicationFilterChain.doFilter(ApplicationFilterChain.java:140)
	at org.springframework.web.filter.CharacterEncodingFilter.doFilterInternal(CharacterEncodingFilter.java:201)
	at org.springframework.web.filter.OncePerRequestFilter.doFilter(OncePerRequestFilter.java:116)
	at org.apache.catalina.core.ApplicationFilterChain.internalDoFilter(ApplicationFilterChain.java:164)
	at org.apache.catalina.core.ApplicationFilterChain.doFilter(ApplicationFilterChain.java:140)
	at org.apache.catalina.core.StandardWrapperValve.invoke(StandardWrapperValve.java:167)
	at org.apache.catalina.core.StandardContextValve.invoke(StandardContextValve.java:90)
	at org.apache.catalina.authenticator.AuthenticatorBase.invoke(AuthenticatorBase.java:483)
	at org.apache.catalina.core.StandardHostValve.invoke(StandardHostValve.java:116)
	at org.apache.catalina.valves.ErrorReportValve.invoke(ErrorReportValve.java:93)
	at org.apache.catalina.core.StandardEngineValve.invoke(StandardEngineValve.java:74)
	at org.apache.catalina.connector.CoyoteAdapter.service(CoyoteAdapter.java:344)
	at org.apache.coyote.http11.Http11Processor.service(Http11Processor.java:398)
	at org.apache.coyote.AbstractProcessorLight.process(AbstractProcessorLight.java:63)
	at org.apache.coyote.AbstractProtocol$ConnectionHandler.process(AbstractProtocol.java:903)
	at org.apache.tomcat.util.net.NioEndpoint$SocketProcessor.doRun(NioEndpoint.java:1769)
	at org.apache.tomcat.util.net.SocketProcessorBase.run(SocketProcessorBase.java:52)
	at org.apache.tomcat.util.threads.ThreadPoolExecutor.runWorker(ThreadPoolExecutor.java:1189)
	at org.apache.tomcat.util.threads.ThreadPoolExecutor$Worker.run(ThreadPoolExecutor.java:658)
	at org.apache.tomcat.util.threads.TaskThread$WrappingRunnable.run(TaskThread.java:63)
	at java.base/java.lang.Thread.run(Thread.java:1583)
2025-09-11 20:34:53 [http-nio-7775-exec-5] INFO  a.c.qwisedemoapp.filter.JwtFilter - Authorization header not found
2025-09-11 20:34:53 [http-nio-7775-exec-5] INFO  a.c.qwisedemoapp.filter.JwtFilter - Invalid token
2025-09-11 20:34:53 [http-nio-7775-exec-5] INFO  a.c.qwisedemoapp.filter.JwtFilter - Auth header: null
2025-09-11 20:34:53 [http-nio-7775-exec-5] INFO  a.c.qwisedemoapp.filter.JwtFilter - Extracted username from JWT: null
2025-09-11 20:34:53 [http-nio-7775-exec-5] INFO  a.c.qwisedemoapp.filter.JwtFilter - Current authentication: null
2025-09-11 20:34:53 [http-nio-7775-exec-2] INFO  a.c.qwisedemoapp.filter.JwtFilter - Authorization header not found
2025-09-11 20:34:53 [http-nio-7775-exec-2] INFO  a.c.qwisedemoapp.filter.JwtFilter - Invalid token
2025-09-11 20:34:53 [http-nio-7775-exec-2] INFO  a.c.qwisedemoapp.filter.JwtFilter - Auth header: null
2025-09-11 20:34:53 [http-nio-7775-exec-2] INFO  a.c.qwisedemoapp.filter.JwtFilter - Extracted username from JWT: null
2025-09-11 20:34:53 [http-nio-7775-exec-2] INFO  a.c.qwisedemoapp.filter.JwtFilter - Current authentication: null
2025-09-11 20:34:53 [http-nio-7775-exec-6] INFO  a.c.qwisedemoapp.filter.JwtFilter - Authorization header not found
2025-09-11 20:34:53 [http-nio-7775-exec-6] INFO  a.c.qwisedemoapp.filter.JwtFilter - Invalid token
2025-09-11 20:34:53 [http-nio-7775-exec-6] INFO  a.c.qwisedemoapp.filter.JwtFilter - Auth header: null
2025-09-11 20:34:53 [http-nio-7775-exec-6] INFO  a.c.qwisedemoapp.filter.JwtFilter - Extracted username from JWT: null
2025-09-11 20:34:53 [http-nio-7775-exec-6] INFO  a.c.qwisedemoapp.filter.JwtFilter - Current authentication: null
2025-09-11 20:34:53 [http-nio-7775-exec-7] INFO  a.c.qwisedemoapp.filter.JwtFilter - Authorization header not found
2025-09-11 20:34:53 [http-nio-7775-exec-7] INFO  a.c.qwisedemoapp.filter.JwtFilter - Invalid token
2025-09-11 20:34:53 [http-nio-7775-exec-7] INFO  a.c.qwisedemoapp.filter.JwtFilter - Auth header: null
2025-09-11 20:34:53 [http-nio-7775-exec-7] INFO  a.c.qwisedemoapp.filter.JwtFilter - Extracted username from JWT: null
2025-09-11 20:34:53 [http-nio-7775-exec-7] INFO  a.c.qwisedemoapp.filter.JwtFilter - Current authentication: null
2025-09-11 20:39:30 [background-preinit] INFO  o.h.validator.internal.util.Version - HV000001: Hibernate Validator 8.0.2.Final
2025-09-11 20:39:30 [main] INFO  a.c.q.QwiseDemoAppApplication - Starting QwiseDemoAppApplication v1.0.0 using Java 21 with PID 1 (/app/app.jar started by root in /app)
2025-09-11 20:39:30 [main] INFO  a.c.q.QwiseDemoAppApplication - The following 1 profile is active: "prod"
2025-09-11 20:39:33 [main] INFO  o.s.d.r.c.RepositoryConfigurationDelegate - Bootstrapping Spring Data JPA repositories in DEFAULT mode.
2025-09-11 20:39:33 [main] INFO  o.s.d.r.c.RepositoryConfigurationDelegate - Finished Spring Data repository scanning in 114 ms. Found 6 JPA repository interfaces.
2025-09-11 20:39:34 [main] INFO  o.s.b.w.e.tomcat.TomcatWebServer - Tomcat initialized with port 7775 (http)
2025-09-11 20:39:34 [main] INFO  o.a.coyote.http11.Http11NioProtocol - Initializing ProtocolHandler ["http-nio-7775"]
2025-09-11 20:39:34 [main] INFO  o.a.catalina.core.StandardService - Starting service [Tomcat]
2025-09-11 20:39:34 [main] INFO  o.a.catalina.core.StandardEngine - Starting Servlet engine: [Apache Tomcat/10.1.43]
2025-09-11 20:39:34 [main] INFO  o.a.c.c.C.[Tomcat].[localhost].[/] - Initializing Spring embedded WebApplicationContext
2025-09-11 20:39:34 [main] INFO  o.s.b.w.s.c.ServletWebServerApplicationContext - Root WebApplicationContext: initialization completed in 4413 ms
2025-09-11 20:39:35 [main] INFO  o.h.jpa.internal.util.LogHelper - HHH000204: Processing PersistenceUnitInfo [name: default]
2025-09-11 20:39:35 [main] INFO  org.hibernate.Version - HHH000412: Hibernate ORM core version 6.6.22.Final
2025-09-11 20:39:35 [main] INFO  o.h.c.i.RegionFactoryInitiator - HHH000026: Second-level cache disabled
2025-09-11 20:39:36 [main] INFO  o.s.o.j.p.SpringPersistenceUnitInfo - No LoadTimeWeaver setup: ignoring JPA class transformer
2025-09-11 20:39:36 [main] INFO  com.zaxxer.hikari.HikariDataSource - HikariPool-1 - Starting...
2025-09-11 20:39:36 [main] INFO  com.zaxxer.hikari.pool.HikariPool - HikariPool-1 - Added connection org.postgresql.jdbc.PgConnection@7d3815f7
2025-09-11 20:39:36 [main] INFO  com.zaxxer.hikari.HikariDataSource - HikariPool-1 - Start completed.
2025-09-11 20:39:36 [main] WARN  org.hibernate.orm.deprecation - HHH90000025: PostgreSQLDialect does not need to be specified explicitly using 'hibernate.dialect' (remove the property setting and it will be selected by default)
2025-09-11 20:39:36 [main] INFO  o.hibernate.orm.connections.pooling - HHH10001005: Database info:
	Database JDBC URL [Connecting through datasource 'HikariDataSource (HikariPool-1)']
	Database driver: undefined/unknown
	Database version: 17.5
	Autocommit mode: undefined/unknown
	Isolation level: undefined/unknown
	Minimum pool size: undefined/unknown
	Maximum pool size: undefined/unknown
2025-09-11 20:39:39 [main] INFO  o.h.e.t.j.p.i.JtaPlatformInitiator - HHH000489: No JTA platform available (set 'hibernate.transaction.jta.platform' to enable JTA platform integration)
2025-09-11 20:39:39 [main] INFO  o.s.o.j.LocalContainerEntityManagerFactoryBean - Initialized JPA EntityManagerFactory for persistence unit 'default'
2025-09-11 20:39:41 [main] INFO  o.s.d.j.r.query.QueryEnhancerFactory - Hibernate is in classpath; If applicable, HQL parser will be used.
2025-09-11 20:39:42 [main] INFO  o.s.s.c.a.a.c.InitializeAuthenticationProviderBeanManagerConfigurer$InitializeAuthenticationProviderManagerConfigurer - Global AuthenticationManager configured with AuthenticationProvider bean with name customAuthenticationProvider
2025-09-11 20:39:42 [main] WARN  o.s.s.c.a.a.c.InitializeUserDetailsBeanManagerConfigurer$InitializeUserDetailsManagerConfigurer - Global AuthenticationManager configured with an AuthenticationProvider bean. UserDetailsService beans will not be used by Spring Security for automatically configuring username/password login. Consider removing the AuthenticationProvider bean. Alternatively, consider using the UserDetailsService in a manually instantiated DaoAuthenticationProvider. If the current configuration is intentional, to turn off this warning, increase the logging level of 'org.springframework.security.config.annotation.authentication.configuration.InitializeUserDetailsBeanManagerConfigurer' to ERROR
2025-09-11 20:39:42 [main] WARN  o.s.b.a.o.j.JpaBaseConfiguration$JpaWebConfiguration - spring.jpa.open-in-view is enabled by default. Therefore, database queries may be performed during view rendering. Explicitly configure spring.jpa.open-in-view to disable this warning
2025-09-11 20:39:43 [main] INFO  o.s.b.a.e.web.EndpointLinksResolver - Exposing 3 endpoints beneath base path '/actuator'
2025-09-11 20:39:45 [main] INFO  o.a.coyote.http11.Http11NioProtocol - Starting ProtocolHandler ["http-nio-7775"]
2025-09-11 20:39:45 [main] INFO  o.s.b.w.e.tomcat.TomcatWebServer - Tomcat started on port 7775 (http) with context path '/'
2025-09-11 20:39:45 [main] INFO  a.c.q.QwiseDemoAppApplication - Started QwiseDemoAppApplication in 17.459 seconds (process running for 19.681)
2025-09-11 20:49:20 [background-preinit] INFO  o.h.validator.internal.util.Version - HV000001: Hibernate Validator 8.0.2.Final
2025-09-11 20:49:20 [main] INFO  a.c.q.QwiseDemoAppApplication - Starting QwiseDemoAppApplication v1.0.0 using Java 21 with PID 1 (/app/app.jar started by root in /app)
2025-09-11 20:49:20 [main] INFO  a.c.q.QwiseDemoAppApplication - The following 1 profile is active: "prod"
2025-09-11 20:49:22 [main] INFO  o.s.d.r.c.RepositoryConfigurationDelegate - Bootstrapping Spring Data JPA repositories in DEFAULT mode.
2025-09-11 20:49:22 [main] INFO  o.s.d.r.c.RepositoryConfigurationDelegate - Finished Spring Data repository scanning in 89 ms. Found 6 JPA repository interfaces.
2025-09-11 20:49:23 [main] INFO  o.s.b.w.e.tomcat.TomcatWebServer - Tomcat initialized with port 7775 (http)
2025-09-11 20:49:23 [main] INFO  o.a.coyote.http11.Http11NioProtocol - Initializing ProtocolHandler ["http-nio-7775"]
2025-09-11 20:49:23 [main] INFO  o.a.catalina.core.StandardService - Starting service [Tomcat]
2025-09-11 20:49:23 [main] INFO  o.a.catalina.core.StandardEngine - Starting Servlet engine: [Apache Tomcat/10.1.43]
2025-09-11 20:49:23 [main] INFO  o.a.c.c.C.[Tomcat].[localhost].[/] - Initializing Spring embedded WebApplicationContext
2025-09-11 20:49:23 [main] INFO  o.s.b.w.s.c.ServletWebServerApplicationContext - Root WebApplicationContext: initialization completed in 3509 ms
2025-09-11 20:49:24 [main] INFO  o.h.jpa.internal.util.LogHelper - HHH000204: Processing PersistenceUnitInfo [name: default]
2025-09-11 20:49:24 [main] INFO  org.hibernate.Version - HHH000412: Hibernate ORM core version 6.6.22.Final
2025-09-11 20:49:24 [main] INFO  o.h.c.i.RegionFactoryInitiator - HHH000026: Second-level cache disabled
2025-09-11 20:49:25 [main] INFO  o.s.o.j.p.SpringPersistenceUnitInfo - No LoadTimeWeaver setup: ignoring JPA class transformer
2025-09-11 20:49:25 [main] INFO  com.zaxxer.hikari.HikariDataSource - HikariPool-1 - Starting...
2025-09-11 20:49:25 [main] INFO  com.zaxxer.hikari.pool.HikariPool - HikariPool-1 - Added connection org.postgresql.jdbc.PgConnection@63ad5fe7
2025-09-11 20:49:25 [main] INFO  com.zaxxer.hikari.HikariDataSource - HikariPool-1 - Start completed.
2025-09-11 20:49:25 [main] WARN  org.hibernate.orm.deprecation - HHH90000025: PostgreSQLDialect does not need to be specified explicitly using 'hibernate.dialect' (remove the property setting and it will be selected by default)
2025-09-11 20:49:25 [main] INFO  o.hibernate.orm.connections.pooling - HHH10001005: Database info:
	Database JDBC URL [Connecting through datasource 'HikariDataSource (HikariPool-1)']
	Database driver: undefined/unknown
	Database version: 17.5
	Autocommit mode: undefined/unknown
	Isolation level: undefined/unknown
	Minimum pool size: undefined/unknown
	Maximum pool size: undefined/unknown
2025-09-11 20:49:29 [main] INFO  o.h.e.t.j.p.i.JtaPlatformInitiator - HHH000489: No JTA platform available (set 'hibernate.transaction.jta.platform' to enable JTA platform integration)
2025-09-11 20:49:30 [main] INFO  o.s.o.j.LocalContainerEntityManagerFactoryBean - Initialized JPA EntityManagerFactory for persistence unit 'default'
2025-09-11 20:49:33 [main] INFO  o.s.d.j.r.query.QueryEnhancerFactory - Hibernate is in classpath; If applicable, HQL parser will be used.
2025-09-11 20:49:35 [main] INFO  o.s.s.c.a.a.c.InitializeAuthenticationProviderBeanManagerConfigurer$InitializeAuthenticationProviderManagerConfigurer - Global AuthenticationManager configured with AuthenticationProvider bean with name customAuthenticationProvider
2025-09-11 20:49:35 [main] WARN  o.s.s.c.a.a.c.InitializeUserDetailsBeanManagerConfigurer$InitializeUserDetailsManagerConfigurer - Global AuthenticationManager configured with an AuthenticationProvider bean. UserDetailsService beans will not be used by Spring Security for automatically configuring username/password login. Consider removing the AuthenticationProvider bean. Alternatively, consider using the UserDetailsService in a manually instantiated DaoAuthenticationProvider. If the current configuration is intentional, to turn off this warning, increase the logging level of 'org.springframework.security.config.annotation.authentication.configuration.InitializeUserDetailsBeanManagerConfigurer' to ERROR
2025-09-11 20:49:36 [main] WARN  o.s.b.a.o.j.JpaBaseConfiguration$JpaWebConfiguration - spring.jpa.open-in-view is enabled by default. Therefore, database queries may be performed during view rendering. Explicitly configure spring.jpa.open-in-view to disable this warning
2025-09-11 20:49:36 [main] INFO  o.s.b.a.e.web.EndpointLinksResolver - Exposing 3 endpoints beneath base path '/actuator'
2025-09-11 20:49:38 [main] INFO  o.a.coyote.http11.Http11NioProtocol - Starting ProtocolHandler ["http-nio-7775"]
2025-09-11 20:49:38 [main] INFO  o.s.b.w.e.tomcat.TomcatWebServer - Tomcat started on port 7775 (http) with context path '/'
2025-09-11 20:49:38 [main] INFO  a.c.q.QwiseDemoAppApplication - Started QwiseDemoAppApplication in 19.108 seconds (process running for 20.064)
2025-09-11 20:49:38 [http-nio-7775-exec-1] INFO  o.a.c.c.C.[Tomcat].[localhost].[/] - Initializing Spring DispatcherServlet 'dispatcherServlet'
2025-09-11 20:49:38 [http-nio-7775-exec-1] INFO  o.s.web.servlet.DispatcherServlet - Initializing Servlet 'dispatcherServlet'
2025-09-11 20:49:38 [http-nio-7775-exec-1] INFO  o.s.web.servlet.DispatcherServlet - Completed initialization in 2 ms
2025-09-11 20:49:38 [http-nio-7775-exec-1] INFO  a.c.qwisedemoapp.filter.JwtFilter - Authorization header not found
2025-09-11 20:49:38 [http-nio-7775-exec-1] INFO  a.c.qwisedemoapp.filter.JwtFilter - Invalid token
2025-09-11 20:49:38 [http-nio-7775-exec-1] INFO  a.c.qwisedemoapp.filter.JwtFilter - Auth header: null
2025-09-11 20:49:38 [http-nio-7775-exec-1] INFO  a.c.qwisedemoapp.filter.JwtFilter - Extracted username from JWT: null
2025-09-11 20:49:38 [http-nio-7775-exec-1] INFO  a.c.qwisedemoapp.filter.JwtFilter - Current authentication: null
2025-09-11 20:50:30 [http-nio-7775-exec-3] INFO  a.c.qwisedemoapp.filter.JwtFilter - Authorization header not found
2025-09-11 20:50:30 [http-nio-7775-exec-3] INFO  a.c.qwisedemoapp.filter.JwtFilter - Invalid token
2025-09-11 20:50:30 [http-nio-7775-exec-3] INFO  a.c.qwisedemoapp.filter.JwtFilter - Auth header: null
2025-09-11 20:50:30 [http-nio-7775-exec-3] INFO  a.c.qwisedemoapp.filter.JwtFilter - Extracted username from JWT: null
2025-09-11 20:50:30 [http-nio-7775-exec-3] INFO  a.c.qwisedemoapp.filter.JwtFilter - Current authentication: null
2025-09-11 20:51:54 [http-nio-7775-exec-8] INFO  a.c.qwisedemoapp.filter.JwtFilter - Authorization header not found
2025-09-11 20:51:54 [http-nio-7775-exec-8] INFO  a.c.qwisedemoapp.filter.JwtFilter - Invalid token
2025-09-11 20:51:54 [http-nio-7775-exec-8] INFO  a.c.qwisedemoapp.filter.JwtFilter - Auth header: null
2025-09-11 20:51:54 [http-nio-7775-exec-8] INFO  a.c.qwisedemoapp.filter.JwtFilter - Extracted username from JWT: null
2025-09-11 20:51:54 [http-nio-7775-exec-8] INFO  a.c.qwisedemoapp.filter.JwtFilter - Current authentication: null
2025-09-11 20:54:30 [background-preinit] INFO  o.h.validator.internal.util.Version - HV000001: Hibernate Validator 8.0.2.Final
2025-09-11 20:54:30 [main] INFO  a.c.q.QwiseDemoAppApplication - Starting QwiseDemoAppApplication v1.0.0 using Java 21 with PID 1 (/app/app.jar started by root in /app)
2025-09-11 20:54:30 [main] INFO  a.c.q.QwiseDemoAppApplication - The following 1 profile is active: "prod"
2025-09-11 20:54:32 [main] INFO  o.s.d.r.c.RepositoryConfigurationDelegate - Bootstrapping Spring Data JPA repositories in DEFAULT mode.
2025-09-11 20:54:33 [main] INFO  o.s.d.r.c.RepositoryConfigurationDelegate - Finished Spring Data repository scanning in 97 ms. Found 6 JPA repository interfaces.
2025-09-11 20:54:34 [main] INFO  o.s.b.w.e.tomcat.TomcatWebServer - Tomcat initialized with port 7775 (http)
2025-09-11 20:54:34 [main] INFO  o.a.coyote.http11.Http11NioProtocol - Initializing ProtocolHandler ["http-nio-7775"]
2025-09-11 20:54:34 [main] INFO  o.a.catalina.core.StandardService - Starting service [Tomcat]
2025-09-11 20:54:34 [main] INFO  o.a.catalina.core.StandardEngine - Starting Servlet engine: [Apache Tomcat/10.1.43]
2025-09-11 20:54:34 [main] INFO  o.a.c.c.C.[Tomcat].[localhost].[/] - Initializing Spring embedded WebApplicationContext
2025-09-11 20:54:34 [main] INFO  o.s.b.w.s.c.ServletWebServerApplicationContext - Root WebApplicationContext: initialization completed in 3436 ms
2025-09-11 20:54:34 [main] INFO  o.h.jpa.internal.util.LogHelper - HHH000204: Processing PersistenceUnitInfo [name: default]
2025-09-11 20:54:34 [main] INFO  org.hibernate.Version - HHH000412: Hibernate ORM core version 6.6.22.Final
2025-09-11 20:54:34 [main] INFO  o.h.c.i.RegionFactoryInitiator - HHH000026: Second-level cache disabled
2025-09-11 20:54:35 [main] INFO  o.s.o.j.p.SpringPersistenceUnitInfo - No LoadTimeWeaver setup: ignoring JPA class transformer
2025-09-11 20:54:35 [main] INFO  com.zaxxer.hikari.HikariDataSource - HikariPool-1 - Starting...
2025-09-11 20:54:35 [main] INFO  com.zaxxer.hikari.pool.HikariPool - HikariPool-1 - Added connection org.postgresql.jdbc.PgConnection@5265a8dd
2025-09-11 20:54:35 [main] INFO  com.zaxxer.hikari.HikariDataSource - HikariPool-1 - Start completed.
2025-09-11 20:54:35 [main] WARN  org.hibernate.orm.deprecation - HHH90000025: PostgreSQLDialect does not need to be specified explicitly using 'hibernate.dialect' (remove the property setting and it will be selected by default)
2025-09-11 20:54:36 [main] INFO  o.hibernate.orm.connections.pooling - HHH10001005: Database info:
	Database JDBC URL [Connecting through datasource 'HikariDataSource (HikariPool-1)']
	Database driver: undefined/unknown
	Database version: 17.5
	Autocommit mode: undefined/unknown
	Isolation level: undefined/unknown
	Minimum pool size: undefined/unknown
	Maximum pool size: undefined/unknown
2025-09-11 20:54:37 [main] INFO  o.h.e.t.j.p.i.JtaPlatformInitiator - HHH000489: No JTA platform available (set 'hibernate.transaction.jta.platform' to enable JTA platform integration)
2025-09-11 20:54:38 [main] INFO  o.s.o.j.LocalContainerEntityManagerFactoryBean - Initialized JPA EntityManagerFactory for persistence unit 'default'
2025-09-11 20:54:39 [main] INFO  o.s.d.j.r.query.QueryEnhancerFactory - Hibernate is in classpath; If applicable, HQL parser will be used.
2025-09-11 20:54:39 [main] INFO  o.s.s.c.a.a.c.InitializeAuthenticationProviderBeanManagerConfigurer$InitializeAuthenticationProviderManagerConfigurer - Global AuthenticationManager configured with AuthenticationProvider bean with name customAuthenticationProvider
2025-09-11 20:54:39 [main] WARN  o.s.s.c.a.a.c.InitializeUserDetailsBeanManagerConfigurer$InitializeUserDetailsManagerConfigurer - Global AuthenticationManager configured with an AuthenticationProvider bean. UserDetailsService beans will not be used by Spring Security for automatically configuring username/password login. Consider removing the AuthenticationProvider bean. Alternatively, consider using the UserDetailsService in a manually instantiated DaoAuthenticationProvider. If the current configuration is intentional, to turn off this warning, increase the logging level of 'org.springframework.security.config.annotation.authentication.configuration.InitializeUserDetailsBeanManagerConfigurer' to ERROR
2025-09-11 20:54:40 [main] WARN  o.s.b.a.o.j.JpaBaseConfiguration$JpaWebConfiguration - spring.jpa.open-in-view is enabled by default. Therefore, database queries may be performed during view rendering. Explicitly configure spring.jpa.open-in-view to disable this warning
2025-09-11 20:54:40 [main] INFO  o.s.b.a.e.web.EndpointLinksResolver - Exposing 3 endpoints beneath base path '/actuator'
2025-09-11 20:54:41 [main] INFO  o.a.coyote.http11.Http11NioProtocol - Starting ProtocolHandler ["http-nio-7775"]
2025-09-11 20:54:41 [main] INFO  o.s.b.w.e.tomcat.TomcatWebServer - Tomcat started on port 7775 (http) with context path '/'
2025-09-11 20:54:41 [main] INFO  a.c.q.QwiseDemoAppApplication - Started QwiseDemoAppApplication in 12.034 seconds (process running for 12.922)
2025-09-11 20:55:01 [http-nio-7775-exec-1] INFO  o.a.c.c.C.[Tomcat].[localhost].[/] - Initializing Spring DispatcherServlet 'dispatcherServlet'
2025-09-11 20:55:01 [http-nio-7775-exec-1] INFO  o.s.web.servlet.DispatcherServlet - Initializing Servlet 'dispatcherServlet'
2025-09-11 20:55:01 [http-nio-7775-exec-1] INFO  o.s.web.servlet.DispatcherServlet - Completed initialization in 3 ms
2025-09-11 20:55:01 [http-nio-7775-exec-1] INFO  a.c.qwisedemoapp.filter.JwtFilter - Authorization header not found
2025-09-11 20:55:01 [http-nio-7775-exec-1] INFO  a.c.qwisedemoapp.filter.JwtFilter - Invalid token
2025-09-11 20:55:01 [http-nio-7775-exec-1] INFO  a.c.qwisedemoapp.filter.JwtFilter - Auth header: null
2025-09-11 20:55:01 [http-nio-7775-exec-1] INFO  a.c.qwisedemoapp.filter.JwtFilter - Extracted username from JWT: null
2025-09-11 20:55:01 [http-nio-7775-exec-1] INFO  a.c.qwisedemoapp.filter.JwtFilter - Current authentication: null
2025-09-11 20:55:14 [http-nio-7775-exec-3] INFO  a.c.qwisedemoapp.filter.JwtFilter - Authorization header not found
2025-09-11 20:55:14 [http-nio-7775-exec-3] INFO  a.c.qwisedemoapp.filter.JwtFilter - Invalid token
2025-09-11 20:55:14 [http-nio-7775-exec-3] INFO  a.c.qwisedemoapp.filter.JwtFilter - Auth header: null
2025-09-11 20:55:14 [http-nio-7775-exec-3] INFO  a.c.qwisedemoapp.filter.JwtFilter - Extracted username from JWT: null
2025-09-11 20:55:14 [http-nio-7775-exec-3] INFO  a.c.qwisedemoapp.filter.JwtFilter - Current authentication: null
2025-09-11 21:01:34 [background-preinit] INFO  o.h.validator.internal.util.Version - HV000001: Hibernate Validator 8.0.2.Final
2025-09-11 21:01:34 [main] INFO  a.c.q.QwiseDemoAppApplication - Starting QwiseDemoAppApplication v1.0.0 using Java 21 with PID 1 (/app/app.jar started by root in /app)
2025-09-11 21:01:34 [main] INFO  a.c.q.QwiseDemoAppApplication - The following 1 profile is active: "prod"
2025-09-11 21:01:36 [main] INFO  o.s.d.r.c.RepositoryConfigurationDelegate - Bootstrapping Spring Data JPA repositories in DEFAULT mode.
2025-09-11 21:01:36 [main] INFO  o.s.d.r.c.RepositoryConfigurationDelegate - Finished Spring Data repository scanning in 102 ms. Found 6 JPA repository interfaces.
2025-09-11 21:01:37 [main] INFO  o.s.b.w.e.tomcat.TomcatWebServer - Tomcat initialized with port 7775 (http)
2025-09-11 21:01:37 [main] INFO  o.a.coyote.http11.Http11NioProtocol - Initializing ProtocolHandler ["http-nio-7775"]
2025-09-11 21:01:38 [main] INFO  o.a.catalina.core.StandardService - Starting service [Tomcat]
2025-09-11 21:01:38 [main] INFO  o.a.catalina.core.StandardEngine - Starting Servlet engine: [Apache Tomcat/10.1.43]
2025-09-11 21:01:38 [main] INFO  o.a.c.c.C.[Tomcat].[localhost].[/] - Initializing Spring embedded WebApplicationContext
2025-09-11 21:01:38 [main] INFO  o.s.b.w.s.c.ServletWebServerApplicationContext - Root WebApplicationContext: initialization completed in 3299 ms
2025-09-11 21:01:38 [main] INFO  o.h.jpa.internal.util.LogHelper - HHH000204: Processing PersistenceUnitInfo [name: default]
2025-09-11 21:01:38 [main] INFO  org.hibernate.Version - HHH000412: Hibernate ORM core version 6.6.22.Final
2025-09-11 21:01:38 [main] INFO  o.h.c.i.RegionFactoryInitiator - HHH000026: Second-level cache disabled
2025-09-11 21:01:39 [main] INFO  o.s.o.j.p.SpringPersistenceUnitInfo - No LoadTimeWeaver setup: ignoring JPA class transformer
2025-09-11 21:01:39 [main] INFO  com.zaxxer.hikari.HikariDataSource - HikariPool-1 - Starting...
2025-09-11 21:01:39 [main] INFO  com.zaxxer.hikari.pool.HikariPool - HikariPool-1 - Added connection org.postgresql.jdbc.PgConnection@6e7fa4b0
2025-09-11 21:01:39 [main] INFO  com.zaxxer.hikari.HikariDataSource - HikariPool-1 - Start completed.
2025-09-11 21:01:39 [main] WARN  org.hibernate.orm.deprecation - HHH90000025: PostgreSQLDialect does not need to be specified explicitly using 'hibernate.dialect' (remove the property setting and it will be selected by default)
2025-09-11 21:01:39 [main] INFO  o.hibernate.orm.connections.pooling - HHH10001005: Database info:
	Database JDBC URL [Connecting through datasource 'HikariDataSource (HikariPool-1)']
	Database driver: undefined/unknown
	Database version: 17.5
	Autocommit mode: undefined/unknown
	Isolation level: undefined/unknown
	Minimum pool size: undefined/unknown
	Maximum pool size: undefined/unknown
2025-09-11 21:01:41 [main] INFO  o.h.e.t.j.p.i.JtaPlatformInitiator - HHH000489: No JTA platform available (set 'hibernate.transaction.jta.platform' to enable JTA platform integration)
2025-09-11 21:01:42 [main] INFO  o.s.o.j.LocalContainerEntityManagerFactoryBean - Initialized JPA EntityManagerFactory for persistence unit 'default'
2025-09-11 21:01:42 [main] INFO  o.s.d.j.r.query.QueryEnhancerFactory - Hibernate is in classpath; If applicable, HQL parser will be used.
2025-09-11 21:01:43 [main] INFO  o.s.s.c.a.a.c.InitializeAuthenticationProviderBeanManagerConfigurer$InitializeAuthenticationProviderManagerConfigurer - Global AuthenticationManager configured with AuthenticationProvider bean with name customAuthenticationProvider
2025-09-11 21:01:43 [main] WARN  o.s.s.c.a.a.c.InitializeUserDetailsBeanManagerConfigurer$InitializeUserDetailsManagerConfigurer - Global AuthenticationManager configured with an AuthenticationProvider bean. UserDetailsService beans will not be used by Spring Security for automatically configuring username/password login. Consider removing the AuthenticationProvider bean. Alternatively, consider using the UserDetailsService in a manually instantiated DaoAuthenticationProvider. If the current configuration is intentional, to turn off this warning, increase the logging level of 'org.springframework.security.config.annotation.authentication.configuration.InitializeUserDetailsBeanManagerConfigurer' to ERROR
2025-09-11 21:01:43 [main] WARN  o.s.b.a.o.j.JpaBaseConfiguration$JpaWebConfiguration - spring.jpa.open-in-view is enabled by default. Therefore, database queries may be performed during view rendering. Explicitly configure spring.jpa.open-in-view to disable this warning
2025-09-11 21:01:44 [main] INFO  o.s.b.a.e.web.EndpointLinksResolver - Exposing 3 endpoints beneath base path '/actuator'
2025-09-11 21:01:45 [main] INFO  o.a.coyote.http11.Http11NioProtocol - Starting ProtocolHandler ["http-nio-7775"]
2025-09-11 21:01:45 [main] INFO  o.s.b.w.e.tomcat.TomcatWebServer - Tomcat started on port 7775 (http) with context path '/'
2025-09-11 21:01:45 [main] INFO  a.c.q.QwiseDemoAppApplication - Started QwiseDemoAppApplication in 11.259 seconds (process running for 12.05)
2025-09-11 21:01:57 [http-nio-7775-exec-1] INFO  o.a.c.c.C.[Tomcat].[localhost].[/] - Initializing Spring DispatcherServlet 'dispatcherServlet'
2025-09-11 21:01:57 [http-nio-7775-exec-1] INFO  o.s.web.servlet.DispatcherServlet - Initializing Servlet 'dispatcherServlet'
2025-09-11 21:01:57 [http-nio-7775-exec-1] INFO  o.s.web.servlet.DispatcherServlet - Completed initialization in 8 ms
2025-09-11 21:01:57 [http-nio-7775-exec-1] INFO  a.c.qwisedemoapp.filter.JwtFilter - Authorization header not found
2025-09-11 21:01:57 [http-nio-7775-exec-1] INFO  a.c.qwisedemoapp.filter.JwtFilter - Invalid token
2025-09-11 21:01:57 [http-nio-7775-exec-1] INFO  a.c.qwisedemoapp.filter.JwtFilter - Auth header: null
2025-09-11 21:01:57 [http-nio-7775-exec-1] INFO  a.c.qwisedemoapp.filter.JwtFilter - Extracted username from JWT: null
2025-09-11 21:01:57 [http-nio-7775-exec-1] INFO  a.c.qwisedemoapp.filter.JwtFilter - Current authentication: null
2025-09-11 21:02:04 [http-nio-7775-exec-4] INFO  a.c.qwisedemoapp.filter.JwtFilter - Authorization header not found
2025-09-11 21:02:04 [http-nio-7775-exec-4] INFO  a.c.qwisedemoapp.filter.JwtFilter - Invalid token
2025-09-11 21:02:04 [http-nio-7775-exec-4] INFO  a.c.qwisedemoapp.filter.JwtFilter - Auth header: null
2025-09-11 21:02:04 [http-nio-7775-exec-4] INFO  a.c.qwisedemoapp.filter.JwtFilter - Extracted username from JWT: null
2025-09-11 21:02:04 [http-nio-7775-exec-4] INFO  a.c.qwisedemoapp.filter.JwtFilter - Current authentication: null
2025-09-11 21:02:04 [http-nio-7775-exec-5] INFO  a.c.qwisedemoapp.filter.JwtFilter - Authorization header not found
2025-09-11 21:02:04 [http-nio-7775-exec-5] INFO  a.c.qwisedemoapp.filter.JwtFilter - Invalid token
2025-09-11 21:02:04 [http-nio-7775-exec-5] INFO  a.c.qwisedemoapp.filter.JwtFilter - Auth header: null
2025-09-11 21:02:04 [http-nio-7775-exec-5] INFO  a.c.qwisedemoapp.filter.JwtFilter - Extracted username from JWT: null
2025-09-11 21:02:04 [http-nio-7775-exec-5] INFO  a.c.qwisedemoapp.filter.JwtFilter - Current authentication: null
