2025-10-16 12:26:05 [background-preinit] INFO  o.h.validator.internal.util.Version - HV000001: Hibernate Validator 8.0.2.Final
2025-10-16 12:26:05 [main] INFO  a.c.q.QwiseDemoAppApplication - Starting QwiseDemoAppApplication using Java 21.0.2 with PID 1336 (C:\Workspace\Workspace\qwise-app\build\classes\java\main started by ACER in C:\Workspace\Workspace\qwise-app)
2025-10-16 12:26:05 [main] INFO  a.c.q.QwiseDemoAppApplication - No active profile set, falling back to 1 default profile: "default"
2025-10-16 12:26:09 [main] INFO  o.s.d.r.c.RepositoryConfigurationDelegate - Bootstrapping Spring Data JPA repositories in DEFAULT mode.
2025-10-16 12:26:09 [main] INFO  o.s.d.r.c.RepositoryConfigurationDelegate - Finished Spring Data repository scanning in 289 ms. Found 13 JPA repository interfaces.
2025-10-16 12:26:11 [main] INFO  o.s.b.w.e.tomcat.TomcatWebServer - Tomcat initialized with port 7775 (http)
2025-10-16 12:26:11 [main] INFO  o.a.coyote.http11.Http11NioProtocol - Initializing ProtocolHandler ["http-nio-7775"]
2025-10-16 12:26:11 [main] INFO  o.a.catalina.core.StandardService - Starting service [Tomcat]
2025-10-16 12:26:11 [main] INFO  o.a.catalina.core.StandardEngine - Starting Servlet engine: [Apache Tomcat/10.1.43]
2025-10-16 12:26:11 [main] INFO  o.a.c.c.C.[Tomcat].[localhost].[/] - Initializing Spring embedded WebApplicationContext
2025-10-16 12:26:11 [main] INFO  o.s.b.w.s.c.ServletWebServerApplicationContext - Root WebApplicationContext: initialization completed in 6368 ms
2025-10-16 12:26:12 [main] INFO  o.h.jpa.internal.util.LogHelper - HHH000204: Processing PersistenceUnitInfo [name: default]
2025-10-16 12:26:13 [main] INFO  org.hibernate.Version - HHH000412: Hibernate ORM core version 6.6.22.Final
2025-10-16 12:26:13 [main] INFO  o.h.c.i.RegionFactoryInitiator - HHH000026: Second-level cache disabled
2025-10-16 12:26:15 [main] INFO  o.s.o.j.p.SpringPersistenceUnitInfo - No LoadTimeWeaver setup: ignoring JPA class transformer
2025-10-16 12:26:15 [main] INFO  com.zaxxer.hikari.HikariDataSource - HikariPool-1 - Starting...
2025-10-16 12:26:17 [main] WARN  o.h.e.jdbc.spi.SqlExceptionHelper - SQL Error: 0, SQLState: 08001
2025-10-16 12:26:17 [main] ERROR o.h.e.jdbc.spi.SqlExceptionHelper - Connection to localhost:5432 refused. Check that the hostname and port are correct and that the postmaster is accepting TCP/IP connections.
2025-10-16 12:26:17 [main] WARN  o.h.e.j.e.i.JdbcEnvironmentInitiator - HHH000342: Could not obtain connection to query metadata
org.hibernate.exception.JDBCConnectionException: unable to obtain isolated JDBC connection [Connection to localhost:5432 refused. Check that the hostname and port are correct and that the postmaster is accepting TCP/IP connections.] [n/a]
	at org.hibernate.exception.internal.SQLStateConversionDelegate.convert(SQLStateConversionDelegate.java:100)
	at org.hibernate.exception.internal.StandardSQLExceptionConverter.convert(StandardSQLExceptionConverter.java:58)
	at org.hibernate.engine.jdbc.spi.SqlExceptionHelper.convert(SqlExceptionHelper.java:108)
	at org.hibernate.engine.jdbc.spi.SqlExceptionHelper.convert(SqlExceptionHelper.java:94)
	at org.hibernate.resource.transaction.backend.jdbc.internal.JdbcIsolationDelegate.delegateWork(JdbcIsolationDelegate.java:116)
	at org.hibernate.engine.jdbc.env.internal.JdbcEnvironmentInitiator.getJdbcEnvironmentUsingJdbcMetadata(JdbcEnvironmentInitiator.java:336)
	at org.hibernate.engine.jdbc.env.internal.JdbcEnvironmentInitiator.initiateService(JdbcEnvironmentInitiator.java:129)
	at org.hibernate.engine.jdbc.env.internal.JdbcEnvironmentInitiator.initiateService(JdbcEnvironmentInitiator.java:81)
	at org.hibernate.boot.registry.internal.StandardServiceRegistryImpl.initiateService(StandardServiceRegistryImpl.java:130)
	at org.hibernate.service.internal.AbstractServiceRegistryImpl.createService(AbstractServiceRegistryImpl.java:263)
	at org.hibernate.service.internal.AbstractServiceRegistryImpl.initializeService(AbstractServiceRegistryImpl.java:238)
	at org.hibernate.service.internal.AbstractServiceRegistryImpl.getService(AbstractServiceRegistryImpl.java:215)
	at org.hibernate.boot.model.relational.Database.<init>(Database.java:45)
	at org.hibernate.boot.internal.InFlightMetadataCollectorImpl.getDatabase(InFlightMetadataCollectorImpl.java:226)
	at org.hibernate.boot.internal.InFlightMetadataCollectorImpl.<init>(InFlightMetadataCollectorImpl.java:194)
	at org.hibernate.boot.model.process.spi.MetadataBuildingProcess.complete(MetadataBuildingProcess.java:171)
	at org.hibernate.jpa.boot.internal.EntityManagerFactoryBuilderImpl.metadata(EntityManagerFactoryBuilderImpl.java:1442)
	at org.hibernate.jpa.boot.internal.EntityManagerFactoryBuilderImpl.build(EntityManagerFactoryBuilderImpl.java:1513)
	at org.springframework.orm.jpa.vendor.SpringHibernateJpaPersistenceProvider.createContainerEntityManagerFactory(SpringHibernateJpaPersistenceProvider.java:66)
	at org.springframework.orm.jpa.LocalContainerEntityManagerFactoryBean.createNativeEntityManagerFactory(LocalContainerEntityManagerFactoryBean.java:390)
	at org.springframework.orm.jpa.AbstractEntityManagerFactoryBean.buildNativeEntityManagerFactory(AbstractEntityManagerFactoryBean.java:419)
	at org.springframework.orm.jpa.AbstractEntityManagerFactoryBean.afterPropertiesSet(AbstractEntityManagerFactoryBean.java:400)
	at org.springframework.orm.jpa.LocalContainerEntityManagerFactoryBean.afterPropertiesSet(LocalContainerEntityManagerFactoryBean.java:366)
	at org.springframework.beans.factory.support.AbstractAutowireCapableBeanFactory.invokeInitMethods(AbstractAutowireCapableBeanFactory.java:1873)
	at org.springframework.beans.factory.support.AbstractAutowireCapableBeanFactory.initializeBean(AbstractAutowireCapableBeanFactory.java:1822)
	at org.springframework.beans.factory.support.AbstractAutowireCapableBeanFactory.doCreateBean(AbstractAutowireCapableBeanFactory.java:607)
	at org.springframework.beans.factory.support.AbstractAutowireCapableBeanFactory.createBean(AbstractAutowireCapableBeanFactory.java:529)
	at org.springframework.beans.factory.support.AbstractBeanFactory.lambda$doGetBean$0(AbstractBeanFactory.java:339)
	at org.springframework.beans.factory.support.DefaultSingletonBeanRegistry.getSingleton(DefaultSingletonBeanRegistry.java:373)
	at org.springframework.beans.factory.support.AbstractBeanFactory.doGetBean(AbstractBeanFactory.java:337)
	at org.springframework.beans.factory.support.AbstractBeanFactory.getBean(AbstractBeanFactory.java:202)
	at org.springframework.beans.factory.support.BeanDefinitionValueResolver.resolveReference(BeanDefinitionValueResolver.java:365)
	at org.springframework.beans.factory.support.BeanDefinitionValueResolver.resolveValueIfNecessary(BeanDefinitionValueResolver.java:135)
	at org.springframework.beans.factory.support.ConstructorResolver.resolveConstructorArguments(ConstructorResolver.java:691)
	at org.springframework.beans.factory.support.ConstructorResolver.instantiateUsingFactoryMethod(ConstructorResolver.java:513)
	at org.springframework.beans.factory.support.AbstractAutowireCapableBeanFactory.instantiateUsingFactoryMethod(AbstractAutowireCapableBeanFactory.java:1375)
	at org.springframework.beans.factory.support.AbstractAutowireCapableBeanFactory.createBeanInstance(AbstractAutowireCapableBeanFactory.java:1205)
	at org.springframework.beans.factory.support.AbstractAutowireCapableBeanFactory.doCreateBean(AbstractAutowireCapableBeanFactory.java:569)
	at org.springframework.beans.factory.support.AbstractAutowireCapableBeanFactory.createBean(AbstractAutowireCapableBeanFactory.java:529)
	at org.springframework.beans.factory.support.AbstractBeanFactory.lambda$doGetBean$0(AbstractBeanFactory.java:339)
	at org.springframework.beans.factory.support.DefaultSingletonBeanRegistry.getSingleton(DefaultSingletonBeanRegistry.java:373)
	at org.springframework.beans.factory.support.AbstractBeanFactory.doGetBean(AbstractBeanFactory.java:337)
	at org.springframework.beans.factory.support.AbstractBeanFactory.getBean(AbstractBeanFactory.java:202)
	at org.springframework.beans.factory.support.BeanDefinitionValueResolver.resolveReference(BeanDefinitionValueResolver.java:365)
	at org.springframework.beans.factory.support.BeanDefinitionValueResolver.resolveValueIfNecessary(BeanDefinitionValueResolver.java:135)
	at org.springframework.beans.factory.support.AbstractAutowireCapableBeanFactory.applyPropertyValues(AbstractAutowireCapableBeanFactory.java:1725)
	at org.springframework.beans.factory.support.AbstractAutowireCapableBeanFactory.populateBean(AbstractAutowireCapableBeanFactory.java:1474)
	at org.springframework.beans.factory.support.AbstractAutowireCapableBeanFactory.doCreateBean(AbstractAutowireCapableBeanFactory.java:606)
	at org.springframework.beans.factory.support.AbstractAutowireCapableBeanFactory.createBean(AbstractAutowireCapableBeanFactory.java:529)
	at org.springframework.beans.factory.support.AbstractBeanFactory.lambda$doGetBean$0(AbstractBeanFactory.java:339)
	at org.springframework.beans.factory.support.DefaultSingletonBeanRegistry.getSingleton(DefaultSingletonBeanRegistry.java:373)
	at org.springframework.beans.factory.support.AbstractBeanFactory.doGetBean(AbstractBeanFactory.java:337)
	at org.springframework.beans.factory.support.AbstractBeanFactory.getBean(AbstractBeanFactory.java:202)
	at org.springframework.beans.factory.support.DefaultListableBeanFactory.doResolveDependency(DefaultListableBeanFactory.java:1683)
	at org.springframework.beans.factory.support.DefaultListableBeanFactory.resolveDependency(DefaultListableBeanFactory.java:1628)
	at org.springframework.beans.factory.support.ConstructorResolver.resolveAutowiredArgument(ConstructorResolver.java:913)
	at org.springframework.beans.factory.support.ConstructorResolver.createArgumentArray(ConstructorResolver.java:791)
	at org.springframework.beans.factory.support.ConstructorResolver.autowireConstructor(ConstructorResolver.java:240)
	at org.springframework.beans.factory.support.AbstractAutowireCapableBeanFactory.autowireConstructor(AbstractAutowireCapableBeanFactory.java:1395)
	at org.springframework.beans.factory.support.AbstractAutowireCapableBeanFactory.createBeanInstance(AbstractAutowireCapableBeanFactory.java:1232)
	at org.springframework.beans.factory.support.AbstractAutowireCapableBeanFactory.doCreateBean(AbstractAutowireCapableBeanFactory.java:569)
	at org.springframework.beans.factory.support.AbstractAutowireCapableBeanFactory.createBean(AbstractAutowireCapableBeanFactory.java:529)
	at org.springframework.beans.factory.support.AbstractBeanFactory.lambda$doGetBean$0(AbstractBeanFactory.java:339)
	at org.springframework.beans.factory.support.DefaultSingletonBeanRegistry.getSingleton(DefaultSingletonBeanRegistry.java:373)
	at org.springframework.beans.factory.support.AbstractBeanFactory.doGetBean(AbstractBeanFactory.java:337)
	at org.springframework.beans.factory.support.AbstractBeanFactory.getBean(AbstractBeanFactory.java:202)
	at org.springframework.beans.factory.support.DefaultListableBeanFactory.doResolveDependency(DefaultListableBeanFactory.java:1683)
	at org.springframework.beans.factory.support.DefaultListableBeanFactory.resolveDependency(DefaultListableBeanFactory.java:1628)
	at org.springframework.beans.factory.support.ConstructorResolver.resolveAutowiredArgument(ConstructorResolver.java:913)
	at org.springframework.beans.factory.support.ConstructorResolver.createArgumentArray(ConstructorResolver.java:791)
	at org.springframework.beans.factory.support.ConstructorResolver.autowireConstructor(ConstructorResolver.java:240)
	at org.springframework.beans.factory.support.AbstractAutowireCapableBeanFactory.autowireConstructor(AbstractAutowireCapableBeanFactory.java:1395)
	at org.springframework.beans.factory.support.AbstractAutowireCapableBeanFactory.createBeanInstance(AbstractAutowireCapableBeanFactory.java:1232)
	at org.springframework.beans.factory.support.AbstractAutowireCapableBeanFactory.doCreateBean(AbstractAutowireCapableBeanFactory.java:569)
	at org.springframework.beans.factory.support.AbstractAutowireCapableBeanFactory.createBean(AbstractAutowireCapableBeanFactory.java:529)
	at org.springframework.beans.factory.support.AbstractBeanFactory.lambda$doGetBean$0(AbstractBeanFactory.java:339)
	at org.springframework.beans.factory.support.DefaultSingletonBeanRegistry.getSingleton(DefaultSingletonBeanRegistry.java:373)
	at org.springframework.beans.factory.support.AbstractBeanFactory.doGetBean(AbstractBeanFactory.java:337)
	at org.springframework.beans.factory.support.AbstractBeanFactory.getBean(AbstractBeanFactory.java:207)
	at org.springframework.boot.web.servlet.ServletContextInitializerBeans.getOrderedBeansOfType(ServletContextInitializerBeans.java:230)
	at org.springframework.boot.web.servlet.ServletContextInitializerBeans.addAsRegistrationBean(ServletContextInitializerBeans.java:184)
	at org.springframework.boot.web.servlet.ServletContextInitializerBeans.addAsRegistrationBean(ServletContextInitializerBeans.java:179)
	at org.springframework.boot.web.servlet.ServletContextInitializerBeans.addAdaptableBeans(ServletContextInitializerBeans.java:164)
	at org.springframework.boot.web.servlet.ServletContextInitializerBeans.<init>(ServletContextInitializerBeans.java:96)
	at org.springframework.boot.web.servlet.context.ServletWebServerApplicationContext.getServletContextInitializerBeans(ServletWebServerApplicationContext.java:271)
	at org.springframework.boot.web.servlet.context.ServletWebServerApplicationContext.selfInitialize(ServletWebServerApplicationContext.java:245)
	at org.springframework.boot.web.embedded.tomcat.TomcatStarter.onStartup(TomcatStarter.java:52)
	at org.apache.catalina.core.StandardContext.startInternal(StandardContext.java:4464)
	at org.apache.catalina.util.LifecycleBase.start(LifecycleBase.java:164)
	at org.apache.catalina.core.ContainerBase$StartChild.call(ContainerBase.java:1203)
	at org.apache.catalina.core.ContainerBase$StartChild.call(ContainerBase.java:1193)
	at java.base/java.util.concurrent.FutureTask.run$$$capture(FutureTask.java:317)
	at java.base/java.util.concurrent.FutureTask.run(FutureTask.java)
	at org.apache.tomcat.util.threads.InlineExecutorService.execute(InlineExecutorService.java:75)
	at java.base/java.util.concurrent.AbstractExecutorService.submit(AbstractExecutorService.java:145)
	at org.apache.catalina.core.ContainerBase.startInternal(ContainerBase.java:749)
	at org.apache.catalina.core.StandardHost.startInternal(StandardHost.java:772)
	at org.apache.catalina.util.LifecycleBase.start(LifecycleBase.java:164)
	at org.apache.catalina.core.ContainerBase$StartChild.call(ContainerBase.java:1203)
	at org.apache.catalina.core.ContainerBase$StartChild.call(ContainerBase.java:1193)
	at java.base/java.util.concurrent.FutureTask.run$$$capture(FutureTask.java:317)
	at java.base/java.util.concurrent.FutureTask.run(FutureTask.java)
	at org.apache.tomcat.util.threads.InlineExecutorService.execute(InlineExecutorService.java:75)
	at java.base/java.util.concurrent.AbstractExecutorService.submit(AbstractExecutorService.java:145)
	at org.apache.catalina.core.ContainerBase.startInternal(ContainerBase.java:749)
	at org.apache.catalina.core.StandardEngine.startInternal(StandardEngine.java:203)
	at org.apache.catalina.util.LifecycleBase.start(LifecycleBase.java:164)
	at org.apache.catalina.core.StandardService.startInternal(StandardService.java:412)
	at org.apache.catalina.util.LifecycleBase.start(LifecycleBase.java:164)
	at org.apache.catalina.core.StandardServer.startInternal(StandardServer.java:870)
	at org.apache.catalina.util.LifecycleBase.start(LifecycleBase.java:164)
	at org.apache.catalina.startup.Tomcat.start(Tomcat.java:438)
	at org.springframework.boot.web.embedded.tomcat.TomcatWebServer.initialize(TomcatWebServer.java:128)
	at org.springframework.boot.web.embedded.tomcat.TomcatWebServer.<init>(TomcatWebServer.java:107)
	at org.springframework.boot.web.embedded.tomcat.TomcatServletWebServerFactory.getTomcatWebServer(TomcatServletWebServerFactory.java:517)
	at org.springframework.boot.web.embedded.tomcat.TomcatServletWebServerFactory.getWebServer(TomcatServletWebServerFactory.java:219)
	at org.springframework.boot.web.servlet.context.ServletWebServerApplicationContext.createWebServer(ServletWebServerApplicationContext.java:193)
	at org.springframework.boot.web.servlet.context.ServletWebServerApplicationContext.onRefresh(ServletWebServerApplicationContext.java:167)
	at org.springframework.context.support.AbstractApplicationContext.refresh(AbstractApplicationContext.java:621)
	at org.springframework.boot.web.servlet.context.ServletWebServerApplicationContext.refresh(ServletWebServerApplicationContext.java:146)
	at org.springframework.boot.SpringApplication.refresh(SpringApplication.java:752)
	at org.springframework.boot.SpringApplication.refreshContext(SpringApplication.java:439)
	at org.springframework.boot.SpringApplication.run(SpringApplication.java:318)
	at org.springframework.boot.SpringApplication.run(SpringApplication.java:1361)
	at org.springframework.boot.SpringApplication.run(SpringApplication.java:1350)
	at az.company.qwisedemoapp.QwiseDemoAppApplication.main(QwiseDemoAppApplication.java:10)
Caused by: org.postgresql.util.PSQLException: Connection to localhost:5432 refused. Check that the hostname and port are correct and that the postmaster is accepting TCP/IP connections.
	at org.postgresql.core.v3.ConnectionFactoryImpl.openConnectionImpl(ConnectionFactoryImpl.java:373)
	at org.postgresql.core.ConnectionFactory.openConnection(ConnectionFactory.java:57)
	at org.postgresql.jdbc.PgConnection.<init>(PgConnection.java:277)
	at org.postgresql.Driver.makeConnection(Driver.java:448)
	at org.postgresql.Driver.connect(Driver.java:298)
	at com.zaxxer.hikari.util.DriverDataSource.getConnection(DriverDataSource.java:144)
	at com.zaxxer.hikari.pool.PoolBase.newConnection(PoolBase.java:368)
	at com.zaxxer.hikari.pool.PoolBase.newPoolEntry(PoolBase.java:205)
	at com.zaxxer.hikari.pool.HikariPool.createPoolEntry(HikariPool.java:488)
	at com.zaxxer.hikari.pool.HikariPool.checkFailFast(HikariPool.java:576)
	at com.zaxxer.hikari.pool.HikariPool.<init>(HikariPool.java:97)
	at com.zaxxer.hikari.HikariDataSource.getConnection(HikariDataSource.java:111)
	at org.hibernate.engine.jdbc.connections.internal.DatasourceConnectionProviderImpl.getConnection(DatasourceConnectionProviderImpl.java:126)
	at org.hibernate.engine.jdbc.env.internal.JdbcEnvironmentInitiator$ConnectionProviderJdbcConnectionAccess.obtainConnection(JdbcEnvironmentInitiator.java:483)
	at org.hibernate.resource.transaction.backend.jdbc.internal.JdbcIsolationDelegate.delegateWork(JdbcIsolationDelegate.java:61)
	... 121 common frames omitted
Caused by: java.net.ConnectException: Connection refused: getsockopt
	at java.base/sun.nio.ch.Net.pollConnect(Native Method)
	at java.base/sun.nio.ch.Net.pollConnectNow(Net.java:682)
	at java.base/sun.nio.ch.NioSocketImpl.timedFinishConnect(NioSocketImpl.java:542)
	at java.base/sun.nio.ch.NioSocketImpl.connect(NioSocketImpl.java:592)
	at java.base/java.net.SocksSocketImpl.connect(SocksSocketImpl.java:327)
	at java.base/java.net.Socket.connect(Socket.java:751)
	at org.postgresql.core.PGStream.createSocket(PGStream.java:261)
	at org.postgresql.core.PGStream.<init>(PGStream.java:122)
	at org.postgresql.core.v3.ConnectionFactoryImpl.tryConnect(ConnectionFactoryImpl.java:146)
	at org.postgresql.core.v3.ConnectionFactoryImpl.openConnectionImpl(ConnectionFactoryImpl.java:289)
	... 135 common frames omitted
2025-10-16 12:26:17 [main] WARN  org.hibernate.orm.deprecation - HHH90000025: PostgreSQLDialect does not need to be specified explicitly using 'hibernate.dialect' (remove the property setting and it will be selected by default)
2025-10-16 12:26:17 [main] INFO  o.hibernate.orm.connections.pooling - HHH10001005: Database info:
	Database JDBC URL [Connecting through datasource 'HikariDataSource (null)']
	Database driver: undefined/unknown
	Database version: 12.0
	Autocommit mode: undefined/unknown
	Isolation level: undefined/unknown
	Minimum pool size: undefined/unknown
	Maximum pool size: undefined/unknown
2025-10-16 12:26:23 [main] INFO  o.h.e.t.j.p.i.JtaPlatformInitiator - HHH000489: No JTA platform available (set 'hibernate.transaction.jta.platform' to enable JTA platform integration)
2025-10-16 12:26:23 [main] INFO  com.zaxxer.hikari.HikariDataSource - HikariPool-1 - Starting...
2025-10-16 12:26:24 [main] WARN  o.h.e.jdbc.spi.SqlExceptionHelper - SQL Error: 0, SQLState: 08001
2025-10-16 12:26:24 [main] ERROR o.h.e.jdbc.spi.SqlExceptionHelper - Connection to localhost:5432 refused. Check that the hostname and port are correct and that the postmaster is accepting TCP/IP connections.
2025-10-16 12:26:24 [main] ERROR o.s.o.j.LocalContainerEntityManagerFactoryBean - Failed to initialize JPA EntityManagerFactory: [PersistenceUnit: default] Unable to build Hibernate SessionFactory; nested exception is org.hibernate.exception.JDBCConnectionException: Unable to open JDBC Connection for DDL execution [Connection to localhost:5432 refused. Check that the hostname and port are correct and that the postmaster is accepting TCP/IP connections.] [n/a]
2025-10-16 12:26:24 [main] ERROR o.s.b.w.e.tomcat.TomcatStarter - Error starting Tomcat context. Exception: org.springframework.beans.factory.UnsatisfiedDependencyException. Message: Error creating bean with name 'jwtFilter' defined in file [C:\Workspace\Workspace\qwise-app\build\classes\java\main\az\company\qwisedemoapp\filter\JwtFilter.class]: Unsatisfied dependency expressed through constructor parameter 1: Error creating bean with name 'customUserDetailsService' defined in file [C:\Workspace\Workspace\qwise-app\build\classes\java\main\az\company\qwisedemoapp\service\auth\CustomUserDetailsService.class]: Unsatisfied dependency expressed through constructor parameter 0: Error creating bean with name 'userRepository' defined in az.company.qwisedemoapp.domain.repository.UserRepository defined in @EnableJpaRepositories declared on JpaRepositoriesRegistrar.EnableJpaRepositoriesConfiguration: Cannot resolve reference to bean 'jpaSharedEM_entityManagerFactory' while setting bean property 'entityManager'
2025-10-16 12:26:24 [main] INFO  o.a.catalina.core.StandardService - Stopping service [Tomcat]
2025-10-16 12:26:24 [main] WARN  o.s.b.w.s.c.AnnotationConfigServletWebServerApplicationContext - Exception encountered during context initialization - cancelling refresh attempt: org.springframework.context.ApplicationContextException: Unable to start web server
2025-10-16 12:26:25 [main] INFO  o.s.b.a.l.ConditionEvaluationReportLogger - 

Error starting ApplicationContext. To display the condition evaluation report re-run your application with 'debug' enabled.
2025-10-16 12:26:25 [main] ERROR o.s.boot.SpringApplication - Application run failed
org.springframework.context.ApplicationContextException: Unable to start web server
	at org.springframework.boot.web.servlet.context.ServletWebServerApplicationContext.onRefresh(ServletWebServerApplicationContext.java:170)
	at org.springframework.context.support.AbstractApplicationContext.refresh(AbstractApplicationContext.java:621)
	at org.springframework.boot.web.servlet.context.ServletWebServerApplicationContext.refresh(ServletWebServerApplicationContext.java:146)
	at org.springframework.boot.SpringApplication.refresh(SpringApplication.java:752)
	at org.springframework.boot.SpringApplication.refreshContext(SpringApplication.java:439)
	at org.springframework.boot.SpringApplication.run(SpringApplication.java:318)
	at org.springframework.boot.SpringApplication.run(SpringApplication.java:1361)
	at org.springframework.boot.SpringApplication.run(SpringApplication.java:1350)
	at az.company.qwisedemoapp.QwiseDemoAppApplication.main(QwiseDemoAppApplication.java:10)
Caused by: org.springframework.boot.web.server.WebServerException: Unable to start embedded Tomcat
	at org.springframework.boot.web.embedded.tomcat.TomcatWebServer.initialize(TomcatWebServer.java:147)
	at org.springframework.boot.web.embedded.tomcat.TomcatWebServer.<init>(TomcatWebServer.java:107)
	at org.springframework.boot.web.embedded.tomcat.TomcatServletWebServerFactory.getTomcatWebServer(TomcatServletWebServerFactory.java:517)
	at org.springframework.boot.web.embedded.tomcat.TomcatServletWebServerFactory.getWebServer(TomcatServletWebServerFactory.java:219)
	at org.springframework.boot.web.servlet.context.ServletWebServerApplicationContext.createWebServer(ServletWebServerApplicationContext.java:193)
	at org.springframework.boot.web.servlet.context.ServletWebServerApplicationContext.onRefresh(ServletWebServerApplicationContext.java:167)
	... 8 common frames omitted
Caused by: org.springframework.beans.factory.UnsatisfiedDependencyException: Error creating bean with name 'jwtFilter' defined in file [C:\Workspace\Workspace\qwise-app\build\classes\java\main\az\company\qwisedemoapp\filter\JwtFilter.class]: Unsatisfied dependency expressed through constructor parameter 1: Error creating bean with name 'customUserDetailsService' defined in file [C:\Workspace\Workspace\qwise-app\build\classes\java\main\az\company\qwisedemoapp\service\auth\CustomUserDetailsService.class]: Unsatisfied dependency expressed through constructor parameter 0: Error creating bean with name 'userRepository' defined in az.company.qwisedemoapp.domain.repository.UserRepository defined in @EnableJpaRepositories declared on JpaRepositoriesRegistrar.EnableJpaRepositoriesConfiguration: Cannot resolve reference to bean 'jpaSharedEM_entityManagerFactory' while setting bean property 'entityManager'
	at org.springframework.beans.factory.support.ConstructorResolver.createArgumentArray(ConstructorResolver.java:804)
	at org.springframework.beans.factory.support.ConstructorResolver.autowireConstructor(ConstructorResolver.java:240)
	at org.springframework.beans.factory.support.AbstractAutowireCapableBeanFactory.autowireConstructor(AbstractAutowireCapableBeanFactory.java:1395)
	at org.springframework.beans.factory.support.AbstractAutowireCapableBeanFactory.createBeanInstance(AbstractAutowireCapableBeanFactory.java:1232)
	at org.springframework.beans.factory.support.AbstractAutowireCapableBeanFactory.doCreateBean(AbstractAutowireCapableBeanFactory.java:569)
	at org.springframework.beans.factory.support.AbstractAutowireCapableBeanFactory.createBean(AbstractAutowireCapableBeanFactory.java:529)
	at org.springframework.beans.factory.support.AbstractBeanFactory.lambda$doGetBean$0(AbstractBeanFactory.java:339)
	at org.springframework.beans.factory.support.DefaultSingletonBeanRegistry.getSingleton(DefaultSingletonBeanRegistry.java:373)
	at org.springframework.beans.factory.support.AbstractBeanFactory.doGetBean(AbstractBeanFactory.java:337)
	at org.springframework.beans.factory.support.AbstractBeanFactory.getBean(AbstractBeanFactory.java:207)
	at org.springframework.boot.web.servlet.ServletContextInitializerBeans.getOrderedBeansOfType(ServletContextInitializerBeans.java:230)
	at org.springframework.boot.web.servlet.ServletContextInitializerBeans.addAsRegistrationBean(ServletContextInitializerBeans.java:184)
	at org.springframework.boot.web.servlet.ServletContextInitializerBeans.addAsRegistrationBean(ServletContextInitializerBeans.java:179)
	at org.springframework.boot.web.servlet.ServletContextInitializerBeans.addAdaptableBeans(ServletContextInitializerBeans.java:164)
	at org.springframework.boot.web.servlet.ServletContextInitializerBeans.<init>(ServletContextInitializerBeans.java:96)
	at org.springframework.boot.web.servlet.context.ServletWebServerApplicationContext.getServletContextInitializerBeans(ServletWebServerApplicationContext.java:271)
	at org.springframework.boot.web.servlet.context.ServletWebServerApplicationContext.selfInitialize(ServletWebServerApplicationContext.java:245)
	at org.springframework.boot.web.embedded.tomcat.TomcatStarter.onStartup(TomcatStarter.java:52)
	at org.apache.catalina.core.StandardContext.startInternal(StandardContext.java:4464)
	at org.apache.catalina.util.LifecycleBase.start(LifecycleBase.java:164)
	at org.apache.catalina.core.ContainerBase$StartChild.call(ContainerBase.java:1203)
	at org.apache.catalina.core.ContainerBase$StartChild.call(ContainerBase.java:1193)
	at java.base/java.util.concurrent.FutureTask.run$$$capture(FutureTask.java:317)
	at java.base/java.util.concurrent.FutureTask.run(FutureTask.java)
	at org.apache.tomcat.util.threads.InlineExecutorService.execute(InlineExecutorService.java:75)
	at java.base/java.util.concurrent.AbstractExecutorService.submit(AbstractExecutorService.java:145)
	at org.apache.catalina.core.ContainerBase.startInternal(ContainerBase.java:749)
	at org.apache.catalina.core.StandardHost.startInternal(StandardHost.java:772)
	at org.apache.catalina.util.LifecycleBase.start(LifecycleBase.java:164)
	at org.apache.catalina.core.ContainerBase$StartChild.call(ContainerBase.java:1203)
	at org.apache.catalina.core.ContainerBase$StartChild.call(ContainerBase.java:1193)
	at java.base/java.util.concurrent.FutureTask.run$$$capture(FutureTask.java:317)
	at java.base/java.util.concurrent.FutureTask.run(FutureTask.java)
	at org.apache.tomcat.util.threads.InlineExecutorService.execute(InlineExecutorService.java:75)
	at java.base/java.util.concurrent.AbstractExecutorService.submit(AbstractExecutorService.java:145)
	at org.apache.catalina.core.ContainerBase.startInternal(ContainerBase.java:749)
	at org.apache.catalina.core.StandardEngine.startInternal(StandardEngine.java:203)
	at org.apache.catalina.util.LifecycleBase.start(LifecycleBase.java:164)
	at org.apache.catalina.core.StandardService.startInternal(StandardService.java:412)
	at org.apache.catalina.util.LifecycleBase.start(LifecycleBase.java:164)
	at org.apache.catalina.core.StandardServer.startInternal(StandardServer.java:870)
	at org.apache.catalina.util.LifecycleBase.start(LifecycleBase.java:164)
	at org.apache.catalina.startup.Tomcat.start(Tomcat.java:438)
	at org.springframework.boot.web.embedded.tomcat.TomcatWebServer.initialize(TomcatWebServer.java:128)
	... 13 common frames omitted
Caused by: org.springframework.beans.factory.UnsatisfiedDependencyException: Error creating bean with name 'customUserDetailsService' defined in file [C:\Workspace\Workspace\qwise-app\build\classes\java\main\az\company\qwisedemoapp\service\auth\CustomUserDetailsService.class]: Unsatisfied dependency expressed through constructor parameter 0: Error creating bean with name 'userRepository' defined in az.company.qwisedemoapp.domain.repository.UserRepository defined in @EnableJpaRepositories declared on JpaRepositoriesRegistrar.EnableJpaRepositoriesConfiguration: Cannot resolve reference to bean 'jpaSharedEM_entityManagerFactory' while setting bean property 'entityManager'
	at org.springframework.beans.factory.support.ConstructorResolver.createArgumentArray(ConstructorResolver.java:804)
	at org.springframework.beans.factory.support.ConstructorResolver.autowireConstructor(ConstructorResolver.java:240)
	at org.springframework.beans.factory.support.AbstractAutowireCapableBeanFactory.autowireConstructor(AbstractAutowireCapableBeanFactory.java:1395)
	at org.springframework.beans.factory.support.AbstractAutowireCapableBeanFactory.createBeanInstance(AbstractAutowireCapableBeanFactory.java:1232)
	at org.springframework.beans.factory.support.AbstractAutowireCapableBeanFactory.doCreateBean(AbstractAutowireCapableBeanFactory.java:569)
	at org.springframework.beans.factory.support.AbstractAutowireCapableBeanFactory.createBean(AbstractAutowireCapableBeanFactory.java:529)
	at org.springframework.beans.factory.support.AbstractBeanFactory.lambda$doGetBean$0(AbstractBeanFactory.java:339)
	at org.springframework.beans.factory.support.DefaultSingletonBeanRegistry.getSingleton(DefaultSingletonBeanRegistry.java:373)
	at org.springframework.beans.factory.support.AbstractBeanFactory.doGetBean(AbstractBeanFactory.java:337)
	at org.springframework.beans.factory.support.AbstractBeanFactory.getBean(AbstractBeanFactory.java:202)
	at org.springframework.beans.factory.support.DefaultListableBeanFactory.doResolveDependency(DefaultListableBeanFactory.java:1683)
	at org.springframework.beans.factory.support.DefaultListableBeanFactory.resolveDependency(DefaultListableBeanFactory.java:1628)
	at org.springframework.beans.factory.support.ConstructorResolver.resolveAutowiredArgument(ConstructorResolver.java:913)
	at org.springframework.beans.factory.support.ConstructorResolver.createArgumentArray(ConstructorResolver.java:791)
	... 56 common frames omitted
Caused by: org.springframework.beans.factory.BeanCreationException: Error creating bean with name 'userRepository' defined in az.company.qwisedemoapp.domain.repository.UserRepository defined in @EnableJpaRepositories declared on JpaRepositoriesRegistrar.EnableJpaRepositoriesConfiguration: Cannot resolve reference to bean 'jpaSharedEM_entityManagerFactory' while setting bean property 'entityManager'
	at org.springframework.beans.factory.support.BeanDefinitionValueResolver.resolveReference(BeanDefinitionValueResolver.java:377)
	at org.springframework.beans.factory.support.BeanDefinitionValueResolver.resolveValueIfNecessary(BeanDefinitionValueResolver.java:135)
	at org.springframework.beans.factory.support.AbstractAutowireCapableBeanFactory.applyPropertyValues(AbstractAutowireCapableBeanFactory.java:1725)
	at org.springframework.beans.factory.support.AbstractAutowireCapableBeanFactory.populateBean(AbstractAutowireCapableBeanFactory.java:1474)
	at org.springframework.beans.factory.support.AbstractAutowireCapableBeanFactory.doCreateBean(AbstractAutowireCapableBeanFactory.java:606)
	at org.springframework.beans.factory.support.AbstractAutowireCapableBeanFactory.createBean(AbstractAutowireCapableBeanFactory.java:529)
	at org.springframework.beans.factory.support.AbstractBeanFactory.lambda$doGetBean$0(AbstractBeanFactory.java:339)
	at org.springframework.beans.factory.support.DefaultSingletonBeanRegistry.getSingleton(DefaultSingletonBeanRegistry.java:373)
	at org.springframework.beans.factory.support.AbstractBeanFactory.doGetBean(AbstractBeanFactory.java:337)
	at org.springframework.beans.factory.support.AbstractBeanFactory.getBean(AbstractBeanFactory.java:202)
	at org.springframework.beans.factory.support.DefaultListableBeanFactory.doResolveDependency(DefaultListableBeanFactory.java:1683)
	at org.springframework.beans.factory.support.DefaultListableBeanFactory.resolveDependency(DefaultListableBeanFactory.java:1628)
	at org.springframework.beans.factory.support.ConstructorResolver.resolveAutowiredArgument(ConstructorResolver.java:913)
	at org.springframework.beans.factory.support.ConstructorResolver.createArgumentArray(ConstructorResolver.java:791)
	... 69 common frames omitted
Caused by: org.springframework.beans.factory.BeanCreationException: Error creating bean with name 'jpaSharedEM_entityManagerFactory': Cannot resolve reference to bean 'entityManagerFactory' while setting constructor argument
	at org.springframework.beans.factory.support.BeanDefinitionValueResolver.resolveReference(BeanDefinitionValueResolver.java:377)
	at org.springframework.beans.factory.support.BeanDefinitionValueResolver.resolveValueIfNecessary(BeanDefinitionValueResolver.java:135)
	at org.springframework.beans.factory.support.ConstructorResolver.resolveConstructorArguments(ConstructorResolver.java:691)
	at org.springframework.beans.factory.support.ConstructorResolver.instantiateUsingFactoryMethod(ConstructorResolver.java:513)
	at org.springframework.beans.factory.support.AbstractAutowireCapableBeanFactory.instantiateUsingFactoryMethod(AbstractAutowireCapableBeanFactory.java:1375)
	at org.springframework.beans.factory.support.AbstractAutowireCapableBeanFactory.createBeanInstance(AbstractAutowireCapableBeanFactory.java:1205)
	at org.springframework.beans.factory.support.AbstractAutowireCapableBeanFactory.doCreateBean(AbstractAutowireCapableBeanFactory.java:569)
	at org.springframework.beans.factory.support.AbstractAutowireCapableBeanFactory.createBean(AbstractAutowireCapableBeanFactory.java:529)
	at org.springframework.beans.factory.support.AbstractBeanFactory.lambda$doGetBean$0(AbstractBeanFactory.java:339)
	at org.springframework.beans.factory.support.DefaultSingletonBeanRegistry.getSingleton(DefaultSingletonBeanRegistry.java:373)
	at org.springframework.beans.factory.support.AbstractBeanFactory.doGetBean(AbstractBeanFactory.java:337)
	at org.springframework.beans.factory.support.AbstractBeanFactory.getBean(AbstractBeanFactory.java:202)
	at org.springframework.beans.factory.support.BeanDefinitionValueResolver.resolveReference(BeanDefinitionValueResolver.java:365)
	... 82 common frames omitted
Caused by: org.springframework.beans.factory.BeanCreationException: Error creating bean with name 'entityManagerFactory' defined in class path resource [org/springframework/boot/autoconfigure/orm/jpa/HibernateJpaConfiguration.class]: [PersistenceUnit: default] Unable to build Hibernate SessionFactory; nested exception is org.hibernate.exception.JDBCConnectionException: Unable to open JDBC Connection for DDL execution [Connection to localhost:5432 refused. Check that the hostname and port are correct and that the postmaster is accepting TCP/IP connections.] [n/a]
	at org.springframework.beans.factory.support.AbstractAutowireCapableBeanFactory.initializeBean(AbstractAutowireCapableBeanFactory.java:1826)
	at org.springframework.beans.factory.support.AbstractAutowireCapableBeanFactory.doCreateBean(AbstractAutowireCapableBeanFactory.java:607)
	at org.springframework.beans.factory.support.AbstractAutowireCapableBeanFactory.createBean(AbstractAutowireCapableBeanFactory.java:529)
	at org.springframework.beans.factory.support.AbstractBeanFactory.lambda$doGetBean$0(AbstractBeanFactory.java:339)
	at org.springframework.beans.factory.support.DefaultSingletonBeanRegistry.getSingleton(DefaultSingletonBeanRegistry.java:373)
	at org.springframework.beans.factory.support.AbstractBeanFactory.doGetBean(AbstractBeanFactory.java:337)
	at org.springframework.beans.factory.support.AbstractBeanFactory.getBean(AbstractBeanFactory.java:202)
	at org.springframework.beans.factory.support.BeanDefinitionValueResolver.resolveReference(BeanDefinitionValueResolver.java:365)
	... 94 common frames omitted
Caused by: jakarta.persistence.PersistenceException: [PersistenceUnit: default] Unable to build Hibernate SessionFactory; nested exception is org.hibernate.exception.JDBCConnectionException: Unable to open JDBC Connection for DDL execution [Connection to localhost:5432 refused. Check that the hostname and port are correct and that the postmaster is accepting TCP/IP connections.] [n/a]
	at org.springframework.orm.jpa.AbstractEntityManagerFactoryBean.buildNativeEntityManagerFactory(AbstractEntityManagerFactoryBean.java:431)
	at org.springframework.orm.jpa.AbstractEntityManagerFactoryBean.afterPropertiesSet(AbstractEntityManagerFactoryBean.java:400)
	at org.springframework.orm.jpa.LocalContainerEntityManagerFactoryBean.afterPropertiesSet(LocalContainerEntityManagerFactoryBean.java:366)
	at org.springframework.beans.factory.support.AbstractAutowireCapableBeanFactory.invokeInitMethods(AbstractAutowireCapableBeanFactory.java:1873)
	at org.springframework.beans.factory.support.AbstractAutowireCapableBeanFactory.initializeBean(AbstractAutowireCapableBeanFactory.java:1822)
	... 101 common frames omitted
Caused by: org.hibernate.exception.JDBCConnectionException: Unable to open JDBC Connection for DDL execution [Connection to localhost:5432 refused. Check that the hostname and port are correct and that the postmaster is accepting TCP/IP connections.] [n/a]
	at org.hibernate.exception.internal.SQLStateConversionDelegate.convert(SQLStateConversionDelegate.java:100)
	at org.hibernate.exception.internal.StandardSQLExceptionConverter.convert(StandardSQLExceptionConverter.java:58)
	at org.hibernate.engine.jdbc.spi.SqlExceptionHelper.convert(SqlExceptionHelper.java:108)
	at org.hibernate.engine.jdbc.spi.SqlExceptionHelper.convert(SqlExceptionHelper.java:94)
	at org.hibernate.resource.transaction.backend.jdbc.internal.DdlTransactionIsolatorNonJtaImpl.getIsolatedConnection(DdlTransactionIsolatorNonJtaImpl.java:74)
	at org.hibernate.resource.transaction.backend.jdbc.internal.DdlTransactionIsolatorNonJtaImpl.getIsolatedConnection(DdlTransactionIsolatorNonJtaImpl.java:39)
	at org.hibernate.tool.schema.internal.exec.ImprovedExtractionContextImpl.getJdbcConnection(ImprovedExtractionContextImpl.java:63)
	at org.hibernate.tool.schema.extract.spi.ExtractionContext.getQueryResults(ExtractionContext.java:43)
	at org.hibernate.tool.schema.extract.internal.SequenceInformationExtractorLegacyImpl.extractMetadata(SequenceInformationExtractorLegacyImpl.java:39)
	at org.hibernate.tool.schema.extract.internal.DatabaseInformationImpl.initializeSequences(DatabaseInformationImpl.java:66)
	at org.hibernate.tool.schema.extract.internal.DatabaseInformationImpl.<init>(DatabaseInformationImpl.java:60)
	at org.hibernate.tool.schema.internal.Helper.buildDatabaseInformation(Helper.java:185)
	at org.hibernate.tool.schema.internal.AbstractSchemaMigrator.doMigration(AbstractSchemaMigrator.java:93)
	at org.hibernate.tool.schema.spi.SchemaManagementToolCoordinator.performDatabaseAction(SchemaManagementToolCoordinator.java:280)
	at org.hibernate.tool.schema.spi.SchemaManagementToolCoordinator.lambda$process$5(SchemaManagementToolCoordinator.java:144)
	at java.base/java.util.HashMap.forEach(HashMap.java:1429)
	at org.hibernate.tool.schema.spi.SchemaManagementToolCoordinator.process(SchemaManagementToolCoordinator.java:141)
	at org.hibernate.boot.internal.SessionFactoryObserverForSchemaExport.sessionFactoryCreated(SessionFactoryObserverForSchemaExport.java:37)
	at org.hibernate.internal.SessionFactoryObserverChain.sessionFactoryCreated(SessionFactoryObserverChain.java:35)
	at org.hibernate.internal.SessionFactoryImpl.<init>(SessionFactoryImpl.java:324)
	at org.hibernate.boot.internal.SessionFactoryBuilderImpl.build(SessionFactoryBuilderImpl.java:463)
	at org.hibernate.jpa.boot.internal.EntityManagerFactoryBuilderImpl.build(EntityManagerFactoryBuilderImpl.java:1517)
	at org.springframework.orm.jpa.vendor.SpringHibernateJpaPersistenceProvider.createContainerEntityManagerFactory(SpringHibernateJpaPersistenceProvider.java:66)
	at org.springframework.orm.jpa.LocalContainerEntityManagerFactoryBean.createNativeEntityManagerFactory(LocalContainerEntityManagerFactoryBean.java:390)
	at org.springframework.orm.jpa.AbstractEntityManagerFactoryBean.buildNativeEntityManagerFactory(AbstractEntityManagerFactoryBean.java:419)
	... 105 common frames omitted
Caused by: org.postgresql.util.PSQLException: Connection to localhost:5432 refused. Check that the hostname and port are correct and that the postmaster is accepting TCP/IP connections.
	at org.postgresql.core.v3.ConnectionFactoryImpl.openConnectionImpl(ConnectionFactoryImpl.java:373)
	at org.postgresql.core.ConnectionFactory.openConnection(ConnectionFactory.java:57)
	at org.postgresql.jdbc.PgConnection.<init>(PgConnection.java:277)
	at org.postgresql.Driver.makeConnection(Driver.java:448)
	at org.postgresql.Driver.connect(Driver.java:298)
	at com.zaxxer.hikari.util.DriverDataSource.getConnection(DriverDataSource.java:144)
	at com.zaxxer.hikari.pool.PoolBase.newConnection(PoolBase.java:368)
	at com.zaxxer.hikari.pool.PoolBase.newPoolEntry(PoolBase.java:205)
	at com.zaxxer.hikari.pool.HikariPool.createPoolEntry(HikariPool.java:488)
	at com.zaxxer.hikari.pool.HikariPool.checkFailFast(HikariPool.java:576)
	at com.zaxxer.hikari.pool.HikariPool.<init>(HikariPool.java:97)
	at com.zaxxer.hikari.HikariDataSource.getConnection(HikariDataSource.java:111)
	at org.hibernate.engine.jdbc.connections.internal.DatasourceConnectionProviderImpl.getConnection(DatasourceConnectionProviderImpl.java:126)
	at org.hibernate.engine.jdbc.env.internal.JdbcEnvironmentInitiator$ConnectionProviderJdbcConnectionAccess.obtainConnection(JdbcEnvironmentInitiator.java:483)
	at org.hibernate.resource.transaction.backend.jdbc.internal.DdlTransactionIsolatorNonJtaImpl.getIsolatedConnection(DdlTransactionIsolatorNonJtaImpl.java:46)
	... 125 common frames omitted
Caused by: java.net.ConnectException: Connection refused: getsockopt
	at java.base/sun.nio.ch.Net.pollConnect(Native Method)
	at java.base/sun.nio.ch.Net.pollConnectNow(Net.java:682)
	at java.base/sun.nio.ch.NioSocketImpl.timedFinishConnect(NioSocketImpl.java:542)
	at java.base/sun.nio.ch.NioSocketImpl.connect(NioSocketImpl.java:592)
	at java.base/java.net.SocksSocketImpl.connect(SocksSocketImpl.java:327)
	at java.base/java.net.Socket.connect(Socket.java:751)
	at org.postgresql.core.PGStream.createSocket(PGStream.java:261)
	at org.postgresql.core.PGStream.<init>(PGStream.java:122)
	at org.postgresql.core.v3.ConnectionFactoryImpl.tryConnect(ConnectionFactoryImpl.java:146)
	at org.postgresql.core.v3.ConnectionFactoryImpl.openConnectionImpl(ConnectionFactoryImpl.java:289)
	... 139 common frames omitted
2025-10-16 12:28:52 [background-preinit] INFO  o.h.validator.internal.util.Version - HV000001: Hibernate Validator 8.0.2.Final
2025-10-16 12:28:52 [main] INFO  a.c.q.QwiseDemoAppApplication - Starting QwiseDemoAppApplication using Java 21.0.2 with PID 13160 (C:\Workspace\Workspace\qwise-app\build\classes\java\main started by ACER in C:\Workspace\Workspace\qwise-app)
2025-10-16 12:28:52 [main] INFO  a.c.q.QwiseDemoAppApplication - No active profile set, falling back to 1 default profile: "default"
2025-10-16 12:28:55 [main] INFO  o.s.d.r.c.RepositoryConfigurationDelegate - Bootstrapping Spring Data JPA repositories in DEFAULT mode.
2025-10-16 12:28:55 [main] INFO  o.s.d.r.c.RepositoryConfigurationDelegate - Finished Spring Data repository scanning in 294 ms. Found 13 JPA repository interfaces.
2025-10-16 12:28:56 [main] INFO  o.s.b.w.e.tomcat.TomcatWebServer - Tomcat initialized with port 7775 (http)
2025-10-16 12:28:56 [main] INFO  o.a.coyote.http11.Http11NioProtocol - Initializing ProtocolHandler ["http-nio-7775"]
2025-10-16 12:28:56 [main] INFO  o.a.catalina.core.StandardService - Starting service [Tomcat]
2025-10-16 12:28:56 [main] INFO  o.a.catalina.core.StandardEngine - Starting Servlet engine: [Apache Tomcat/10.1.43]
2025-10-16 12:28:57 [main] INFO  o.a.c.c.C.[Tomcat].[localhost].[/] - Initializing Spring embedded WebApplicationContext
2025-10-16 12:28:57 [main] INFO  o.s.b.w.s.c.ServletWebServerApplicationContext - Root WebApplicationContext: initialization completed in 4539 ms
2025-10-16 12:28:57 [main] INFO  o.h.jpa.internal.util.LogHelper - HHH000204: Processing PersistenceUnitInfo [name: default]
2025-10-16 12:28:57 [main] INFO  org.hibernate.Version - HHH000412: Hibernate ORM core version 6.6.22.Final
2025-10-16 12:28:58 [main] INFO  o.h.c.i.RegionFactoryInitiator - HHH000026: Second-level cache disabled
2025-10-16 12:28:59 [main] INFO  o.s.o.j.p.SpringPersistenceUnitInfo - No LoadTimeWeaver setup: ignoring JPA class transformer
2025-10-16 12:28:59 [main] INFO  com.zaxxer.hikari.HikariDataSource - HikariPool-1 - Starting...
2025-10-16 12:29:02 [main] WARN  o.h.e.jdbc.spi.SqlExceptionHelper - SQL Error: 0, SQLState: 28P01
2025-10-16 12:29:02 [main] ERROR o.h.e.jdbc.spi.SqlExceptionHelper - FATAL: password authentication failed for user "guest"
2025-10-16 12:29:02 [main] WARN  o.h.e.j.e.i.JdbcEnvironmentInitiator - HHH000342: Could not obtain connection to query metadata
org.hibernate.exception.GenericJDBCException: unable to obtain isolated JDBC connection [FATAL: password authentication failed for user "guest"] [n/a]
	at org.hibernate.exception.internal.StandardSQLExceptionConverter.convert(StandardSQLExceptionConverter.java:63)
	at org.hibernate.engine.jdbc.spi.SqlExceptionHelper.convert(SqlExceptionHelper.java:108)
	at org.hibernate.engine.jdbc.spi.SqlExceptionHelper.convert(SqlExceptionHelper.java:94)
	at org.hibernate.resource.transaction.backend.jdbc.internal.JdbcIsolationDelegate.delegateWork(JdbcIsolationDelegate.java:116)
	at org.hibernate.engine.jdbc.env.internal.JdbcEnvironmentInitiator.getJdbcEnvironmentUsingJdbcMetadata(JdbcEnvironmentInitiator.java:336)
	at org.hibernate.engine.jdbc.env.internal.JdbcEnvironmentInitiator.initiateService(JdbcEnvironmentInitiator.java:129)
	at org.hibernate.engine.jdbc.env.internal.JdbcEnvironmentInitiator.initiateService(JdbcEnvironmentInitiator.java:81)
	at org.hibernate.boot.registry.internal.StandardServiceRegistryImpl.initiateService(StandardServiceRegistryImpl.java:130)
	at org.hibernate.service.internal.AbstractServiceRegistryImpl.createService(AbstractServiceRegistryImpl.java:263)
	at org.hibernate.service.internal.AbstractServiceRegistryImpl.initializeService(AbstractServiceRegistryImpl.java:238)
	at org.hibernate.service.internal.AbstractServiceRegistryImpl.getService(AbstractServiceRegistryImpl.java:215)
	at org.hibernate.boot.model.relational.Database.<init>(Database.java:45)
	at org.hibernate.boot.internal.InFlightMetadataCollectorImpl.getDatabase(InFlightMetadataCollectorImpl.java:226)
	at org.hibernate.boot.internal.InFlightMetadataCollectorImpl.<init>(InFlightMetadataCollectorImpl.java:194)
	at org.hibernate.boot.model.process.spi.MetadataBuildingProcess.complete(MetadataBuildingProcess.java:171)
	at org.hibernate.jpa.boot.internal.EntityManagerFactoryBuilderImpl.metadata(EntityManagerFactoryBuilderImpl.java:1442)
	at org.hibernate.jpa.boot.internal.EntityManagerFactoryBuilderImpl.build(EntityManagerFactoryBuilderImpl.java:1513)
	at org.springframework.orm.jpa.vendor.SpringHibernateJpaPersistenceProvider.createContainerEntityManagerFactory(SpringHibernateJpaPersistenceProvider.java:66)
	at org.springframework.orm.jpa.LocalContainerEntityManagerFactoryBean.createNativeEntityManagerFactory(LocalContainerEntityManagerFactoryBean.java:390)
	at org.springframework.orm.jpa.AbstractEntityManagerFactoryBean.buildNativeEntityManagerFactory(AbstractEntityManagerFactoryBean.java:419)
	at org.springframework.orm.jpa.AbstractEntityManagerFactoryBean.afterPropertiesSet(AbstractEntityManagerFactoryBean.java:400)
	at org.springframework.orm.jpa.LocalContainerEntityManagerFactoryBean.afterPropertiesSet(LocalContainerEntityManagerFactoryBean.java:366)
	at org.springframework.beans.factory.support.AbstractAutowireCapableBeanFactory.invokeInitMethods(AbstractAutowireCapableBeanFactory.java:1873)
	at org.springframework.beans.factory.support.AbstractAutowireCapableBeanFactory.initializeBean(AbstractAutowireCapableBeanFactory.java:1822)
	at org.springframework.beans.factory.support.AbstractAutowireCapableBeanFactory.doCreateBean(AbstractAutowireCapableBeanFactory.java:607)
	at org.springframework.beans.factory.support.AbstractAutowireCapableBeanFactory.createBean(AbstractAutowireCapableBeanFactory.java:529)
	at org.springframework.beans.factory.support.AbstractBeanFactory.lambda$doGetBean$0(AbstractBeanFactory.java:339)
	at org.springframework.beans.factory.support.DefaultSingletonBeanRegistry.getSingleton(DefaultSingletonBeanRegistry.java:373)
	at org.springframework.beans.factory.support.AbstractBeanFactory.doGetBean(AbstractBeanFactory.java:337)
	at org.springframework.beans.factory.support.AbstractBeanFactory.getBean(AbstractBeanFactory.java:202)
	at org.springframework.beans.factory.support.BeanDefinitionValueResolver.resolveReference(BeanDefinitionValueResolver.java:365)
	at org.springframework.beans.factory.support.BeanDefinitionValueResolver.resolveValueIfNecessary(BeanDefinitionValueResolver.java:135)
	at org.springframework.beans.factory.support.ConstructorResolver.resolveConstructorArguments(ConstructorResolver.java:691)
	at org.springframework.beans.factory.support.ConstructorResolver.instantiateUsingFactoryMethod(ConstructorResolver.java:513)
	at org.springframework.beans.factory.support.AbstractAutowireCapableBeanFactory.instantiateUsingFactoryMethod(AbstractAutowireCapableBeanFactory.java:1375)
	at org.springframework.beans.factory.support.AbstractAutowireCapableBeanFactory.createBeanInstance(AbstractAutowireCapableBeanFactory.java:1205)
	at org.springframework.beans.factory.support.AbstractAutowireCapableBeanFactory.doCreateBean(AbstractAutowireCapableBeanFactory.java:569)
	at org.springframework.beans.factory.support.AbstractAutowireCapableBeanFactory.createBean(AbstractAutowireCapableBeanFactory.java:529)
	at org.springframework.beans.factory.support.AbstractBeanFactory.lambda$doGetBean$0(AbstractBeanFactory.java:339)
	at org.springframework.beans.factory.support.DefaultSingletonBeanRegistry.getSingleton(DefaultSingletonBeanRegistry.java:373)
	at org.springframework.beans.factory.support.AbstractBeanFactory.doGetBean(AbstractBeanFactory.java:337)
	at org.springframework.beans.factory.support.AbstractBeanFactory.getBean(AbstractBeanFactory.java:202)
	at org.springframework.beans.factory.support.BeanDefinitionValueResolver.resolveReference(BeanDefinitionValueResolver.java:365)
	at org.springframework.beans.factory.support.BeanDefinitionValueResolver.resolveValueIfNecessary(BeanDefinitionValueResolver.java:135)
	at org.springframework.beans.factory.support.AbstractAutowireCapableBeanFactory.applyPropertyValues(AbstractAutowireCapableBeanFactory.java:1725)
	at org.springframework.beans.factory.support.AbstractAutowireCapableBeanFactory.populateBean(AbstractAutowireCapableBeanFactory.java:1474)
	at org.springframework.beans.factory.support.AbstractAutowireCapableBeanFactory.doCreateBean(AbstractAutowireCapableBeanFactory.java:606)
	at org.springframework.beans.factory.support.AbstractAutowireCapableBeanFactory.createBean(AbstractAutowireCapableBeanFactory.java:529)
	at org.springframework.beans.factory.support.AbstractBeanFactory.lambda$doGetBean$0(AbstractBeanFactory.java:339)
	at org.springframework.beans.factory.support.DefaultSingletonBeanRegistry.getSingleton(DefaultSingletonBeanRegistry.java:373)
	at org.springframework.beans.factory.support.AbstractBeanFactory.doGetBean(AbstractBeanFactory.java:337)
	at org.springframework.beans.factory.support.AbstractBeanFactory.getBean(AbstractBeanFactory.java:202)
	at org.springframework.beans.factory.support.DefaultListableBeanFactory.doResolveDependency(DefaultListableBeanFactory.java:1683)
	at org.springframework.beans.factory.support.DefaultListableBeanFactory.resolveDependency(DefaultListableBeanFactory.java:1628)
	at org.springframework.beans.factory.support.ConstructorResolver.resolveAutowiredArgument(ConstructorResolver.java:913)
	at org.springframework.beans.factory.support.ConstructorResolver.createArgumentArray(ConstructorResolver.java:791)
	at org.springframework.beans.factory.support.ConstructorResolver.autowireConstructor(ConstructorResolver.java:240)
	at org.springframework.beans.factory.support.AbstractAutowireCapableBeanFactory.autowireConstructor(AbstractAutowireCapableBeanFactory.java:1395)
	at org.springframework.beans.factory.support.AbstractAutowireCapableBeanFactory.createBeanInstance(AbstractAutowireCapableBeanFactory.java:1232)
	at org.springframework.beans.factory.support.AbstractAutowireCapableBeanFactory.doCreateBean(AbstractAutowireCapableBeanFactory.java:569)
	at org.springframework.beans.factory.support.AbstractAutowireCapableBeanFactory.createBean(AbstractAutowireCapableBeanFactory.java:529)
	at org.springframework.beans.factory.support.AbstractBeanFactory.lambda$doGetBean$0(AbstractBeanFactory.java:339)
	at org.springframework.beans.factory.support.DefaultSingletonBeanRegistry.getSingleton(DefaultSingletonBeanRegistry.java:373)
	at org.springframework.beans.factory.support.AbstractBeanFactory.doGetBean(AbstractBeanFactory.java:337)
	at org.springframework.beans.factory.support.AbstractBeanFactory.getBean(AbstractBeanFactory.java:202)
	at org.springframework.beans.factory.support.DefaultListableBeanFactory.doResolveDependency(DefaultListableBeanFactory.java:1683)
	at org.springframework.beans.factory.support.DefaultListableBeanFactory.resolveDependency(DefaultListableBeanFactory.java:1628)
	at org.springframework.beans.factory.support.ConstructorResolver.resolveAutowiredArgument(ConstructorResolver.java:913)
	at org.springframework.beans.factory.support.ConstructorResolver.createArgumentArray(ConstructorResolver.java:791)
	at org.springframework.beans.factory.support.ConstructorResolver.autowireConstructor(ConstructorResolver.java:240)
	at org.springframework.beans.factory.support.AbstractAutowireCapableBeanFactory.autowireConstructor(AbstractAutowireCapableBeanFactory.java:1395)
	at org.springframework.beans.factory.support.AbstractAutowireCapableBeanFactory.createBeanInstance(AbstractAutowireCapableBeanFactory.java:1232)
	at org.springframework.beans.factory.support.AbstractAutowireCapableBeanFactory.doCreateBean(AbstractAutowireCapableBeanFactory.java:569)
	at org.springframework.beans.factory.support.AbstractAutowireCapableBeanFactory.createBean(AbstractAutowireCapableBeanFactory.java:529)
	at org.springframework.beans.factory.support.AbstractBeanFactory.lambda$doGetBean$0(AbstractBeanFactory.java:339)
	at org.springframework.beans.factory.support.DefaultSingletonBeanRegistry.getSingleton(DefaultSingletonBeanRegistry.java:373)
	at org.springframework.beans.factory.support.AbstractBeanFactory.doGetBean(AbstractBeanFactory.java:337)
	at org.springframework.beans.factory.support.AbstractBeanFactory.getBean(AbstractBeanFactory.java:207)
	at org.springframework.boot.web.servlet.ServletContextInitializerBeans.getOrderedBeansOfType(ServletContextInitializerBeans.java:230)
	at org.springframework.boot.web.servlet.ServletContextInitializerBeans.addAsRegistrationBean(ServletContextInitializerBeans.java:184)
	at org.springframework.boot.web.servlet.ServletContextInitializerBeans.addAsRegistrationBean(ServletContextInitializerBeans.java:179)
	at org.springframework.boot.web.servlet.ServletContextInitializerBeans.addAdaptableBeans(ServletContextInitializerBeans.java:164)
	at org.springframework.boot.web.servlet.ServletContextInitializerBeans.<init>(ServletContextInitializerBeans.java:96)
	at org.springframework.boot.web.servlet.context.ServletWebServerApplicationContext.getServletContextInitializerBeans(ServletWebServerApplicationContext.java:271)
	at org.springframework.boot.web.servlet.context.ServletWebServerApplicationContext.selfInitialize(ServletWebServerApplicationContext.java:245)
	at org.springframework.boot.web.embedded.tomcat.TomcatStarter.onStartup(TomcatStarter.java:52)
	at org.apache.catalina.core.StandardContext.startInternal(StandardContext.java:4464)
	at org.apache.catalina.util.LifecycleBase.start(LifecycleBase.java:164)
	at org.apache.catalina.core.ContainerBase$StartChild.call(ContainerBase.java:1203)
	at org.apache.catalina.core.ContainerBase$StartChild.call(ContainerBase.java:1193)
	at java.base/java.util.concurrent.FutureTask.run$$$capture(FutureTask.java:317)
	at java.base/java.util.concurrent.FutureTask.run(FutureTask.java)
	at org.apache.tomcat.util.threads.InlineExecutorService.execute(InlineExecutorService.java:75)
	at java.base/java.util.concurrent.AbstractExecutorService.submit(AbstractExecutorService.java:145)
	at org.apache.catalina.core.ContainerBase.startInternal(ContainerBase.java:749)
	at org.apache.catalina.core.StandardHost.startInternal(StandardHost.java:772)
	at org.apache.catalina.util.LifecycleBase.start(LifecycleBase.java:164)
	at org.apache.catalina.core.ContainerBase$StartChild.call(ContainerBase.java:1203)
	at org.apache.catalina.core.ContainerBase$StartChild.call(ContainerBase.java:1193)
	at java.base/java.util.concurrent.FutureTask.run$$$capture(FutureTask.java:317)
	at java.base/java.util.concurrent.FutureTask.run(FutureTask.java)
	at org.apache.tomcat.util.threads.InlineExecutorService.execute(InlineExecutorService.java:75)
	at java.base/java.util.concurrent.AbstractExecutorService.submit(AbstractExecutorService.java:145)
	at org.apache.catalina.core.ContainerBase.startInternal(ContainerBase.java:749)
	at org.apache.catalina.core.StandardEngine.startInternal(StandardEngine.java:203)
	at org.apache.catalina.util.LifecycleBase.start(LifecycleBase.java:164)
	at org.apache.catalina.core.StandardService.startInternal(StandardService.java:412)
	at org.apache.catalina.util.LifecycleBase.start(LifecycleBase.java:164)
	at org.apache.catalina.core.StandardServer.startInternal(StandardServer.java:870)
	at org.apache.catalina.util.LifecycleBase.start(LifecycleBase.java:164)
	at org.apache.catalina.startup.Tomcat.start(Tomcat.java:438)
	at org.springframework.boot.web.embedded.tomcat.TomcatWebServer.initialize(TomcatWebServer.java:128)
	at org.springframework.boot.web.embedded.tomcat.TomcatWebServer.<init>(TomcatWebServer.java:107)
	at org.springframework.boot.web.embedded.tomcat.TomcatServletWebServerFactory.getTomcatWebServer(TomcatServletWebServerFactory.java:517)
	at org.springframework.boot.web.embedded.tomcat.TomcatServletWebServerFactory.getWebServer(TomcatServletWebServerFactory.java:219)
	at org.springframework.boot.web.servlet.context.ServletWebServerApplicationContext.createWebServer(ServletWebServerApplicationContext.java:193)
	at org.springframework.boot.web.servlet.context.ServletWebServerApplicationContext.onRefresh(ServletWebServerApplicationContext.java:167)
	at org.springframework.context.support.AbstractApplicationContext.refresh(AbstractApplicationContext.java:621)
	at org.springframework.boot.web.servlet.context.ServletWebServerApplicationContext.refresh(ServletWebServerApplicationContext.java:146)
	at org.springframework.boot.SpringApplication.refresh(SpringApplication.java:752)
	at org.springframework.boot.SpringApplication.refreshContext(SpringApplication.java:439)
	at org.springframework.boot.SpringApplication.run(SpringApplication.java:318)
	at org.springframework.boot.SpringApplication.run(SpringApplication.java:1361)
	at org.springframework.boot.SpringApplication.run(SpringApplication.java:1350)
	at az.company.qwisedemoapp.QwiseDemoAppApplication.main(QwiseDemoAppApplication.java:10)
Caused by: org.postgresql.util.PSQLException: FATAL: password authentication failed for user "guest"
	at org.postgresql.core.v3.ConnectionFactoryImpl.doAuthentication(ConnectionFactoryImpl.java:777)
	at org.postgresql.core.v3.ConnectionFactoryImpl.tryConnect(ConnectionFactoryImpl.java:234)
	at org.postgresql.core.v3.ConnectionFactoryImpl.openConnectionImpl(ConnectionFactoryImpl.java:289)
	at org.postgresql.core.ConnectionFactory.openConnection(ConnectionFactory.java:57)
	at org.postgresql.jdbc.PgConnection.<init>(PgConnection.java:277)
	at org.postgresql.Driver.makeConnection(Driver.java:448)
	at org.postgresql.Driver.connect(Driver.java:298)
	at com.zaxxer.hikari.util.DriverDataSource.getConnection(DriverDataSource.java:144)
	at com.zaxxer.hikari.pool.PoolBase.newConnection(PoolBase.java:368)
	at com.zaxxer.hikari.pool.PoolBase.newPoolEntry(PoolBase.java:205)
	at com.zaxxer.hikari.pool.HikariPool.createPoolEntry(HikariPool.java:488)
	at com.zaxxer.hikari.pool.HikariPool.checkFailFast(HikariPool.java:576)
	at com.zaxxer.hikari.pool.HikariPool.<init>(HikariPool.java:97)
	at com.zaxxer.hikari.HikariDataSource.getConnection(HikariDataSource.java:111)
	at org.hibernate.engine.jdbc.connections.internal.DatasourceConnectionProviderImpl.getConnection(DatasourceConnectionProviderImpl.java:126)
	at org.hibernate.engine.jdbc.env.internal.JdbcEnvironmentInitiator$ConnectionProviderJdbcConnectionAccess.obtainConnection(JdbcEnvironmentInitiator.java:483)
	at org.hibernate.resource.transaction.backend.jdbc.internal.JdbcIsolationDelegate.delegateWork(JdbcIsolationDelegate.java:61)
	... 121 common frames omitted
2025-10-16 12:29:02 [main] WARN  org.hibernate.orm.deprecation - HHH90000025: PostgreSQLDialect does not need to be specified explicitly using 'hibernate.dialect' (remove the property setting and it will be selected by default)
2025-10-16 12:29:02 [main] INFO  o.hibernate.orm.connections.pooling - HHH10001005: Database info:
	Database JDBC URL [Connecting through datasource 'HikariDataSource (null)']
	Database driver: undefined/unknown
	Database version: 12.0
	Autocommit mode: undefined/unknown
	Isolation level: undefined/unknown
	Minimum pool size: undefined/unknown
	Maximum pool size: undefined/unknown
2025-10-16 12:29:06 [main] INFO  o.h.e.t.j.p.i.JtaPlatformInitiator - HHH000489: No JTA platform available (set 'hibernate.transaction.jta.platform' to enable JTA platform integration)
2025-10-16 12:29:06 [main] INFO  com.zaxxer.hikari.HikariDataSource - HikariPool-1 - Starting...
2025-10-16 12:29:07 [main] WARN  o.h.e.jdbc.spi.SqlExceptionHelper - SQL Error: 0, SQLState: 28P01
2025-10-16 12:29:07 [main] ERROR o.h.e.jdbc.spi.SqlExceptionHelper - FATAL: password authentication failed for user "guest"
2025-10-16 12:29:07 [main] ERROR o.s.o.j.LocalContainerEntityManagerFactoryBean - Failed to initialize JPA EntityManagerFactory: [PersistenceUnit: default] Unable to build Hibernate SessionFactory; nested exception is org.hibernate.exception.GenericJDBCException: Unable to open JDBC Connection for DDL execution [FATAL: password authentication failed for user "guest"] [n/a]
2025-10-16 12:29:07 [main] ERROR o.s.b.w.e.tomcat.TomcatStarter - Error starting Tomcat context. Exception: org.springframework.beans.factory.UnsatisfiedDependencyException. Message: Error creating bean with name 'jwtFilter' defined in file [C:\Workspace\Workspace\qwise-app\build\classes\java\main\az\company\qwisedemoapp\filter\JwtFilter.class]: Unsatisfied dependency expressed through constructor parameter 1: Error creating bean with name 'customUserDetailsService' defined in file [C:\Workspace\Workspace\qwise-app\build\classes\java\main\az\company\qwisedemoapp\service\auth\CustomUserDetailsService.class]: Unsatisfied dependency expressed through constructor parameter 0: Error creating bean with name 'userRepository' defined in az.company.qwisedemoapp.domain.repository.UserRepository defined in @EnableJpaRepositories declared on JpaRepositoriesRegistrar.EnableJpaRepositoriesConfiguration: Cannot resolve reference to bean 'jpaSharedEM_entityManagerFactory' while setting bean property 'entityManager'
2025-10-16 12:29:07 [main] INFO  o.a.catalina.core.StandardService - Stopping service [Tomcat]
2025-10-16 12:29:07 [main] WARN  o.s.b.w.s.c.AnnotationConfigServletWebServerApplicationContext - Exception encountered during context initialization - cancelling refresh attempt: org.springframework.context.ApplicationContextException: Unable to start web server
2025-10-16 12:29:07 [main] INFO  o.s.b.a.l.ConditionEvaluationReportLogger - 

Error starting ApplicationContext. To display the condition evaluation report re-run your application with 'debug' enabled.
2025-10-16 12:29:07 [main] ERROR o.s.boot.SpringApplication - Application run failed
org.springframework.context.ApplicationContextException: Unable to start web server
	at org.springframework.boot.web.servlet.context.ServletWebServerApplicationContext.onRefresh(ServletWebServerApplicationContext.java:170)
	at org.springframework.context.support.AbstractApplicationContext.refresh(AbstractApplicationContext.java:621)
	at org.springframework.boot.web.servlet.context.ServletWebServerApplicationContext.refresh(ServletWebServerApplicationContext.java:146)
	at org.springframework.boot.SpringApplication.refresh(SpringApplication.java:752)
	at org.springframework.boot.SpringApplication.refreshContext(SpringApplication.java:439)
	at org.springframework.boot.SpringApplication.run(SpringApplication.java:318)
	at org.springframework.boot.SpringApplication.run(SpringApplication.java:1361)
	at org.springframework.boot.SpringApplication.run(SpringApplication.java:1350)
	at az.company.qwisedemoapp.QwiseDemoAppApplication.main(QwiseDemoAppApplication.java:10)
Caused by: org.springframework.boot.web.server.WebServerException: Unable to start embedded Tomcat
	at org.springframework.boot.web.embedded.tomcat.TomcatWebServer.initialize(TomcatWebServer.java:147)
	at org.springframework.boot.web.embedded.tomcat.TomcatWebServer.<init>(TomcatWebServer.java:107)
	at org.springframework.boot.web.embedded.tomcat.TomcatServletWebServerFactory.getTomcatWebServer(TomcatServletWebServerFactory.java:517)
	at org.springframework.boot.web.embedded.tomcat.TomcatServletWebServerFactory.getWebServer(TomcatServletWebServerFactory.java:219)
	at org.springframework.boot.web.servlet.context.ServletWebServerApplicationContext.createWebServer(ServletWebServerApplicationContext.java:193)
	at org.springframework.boot.web.servlet.context.ServletWebServerApplicationContext.onRefresh(ServletWebServerApplicationContext.java:167)
	... 8 common frames omitted
Caused by: org.springframework.beans.factory.UnsatisfiedDependencyException: Error creating bean with name 'jwtFilter' defined in file [C:\Workspace\Workspace\qwise-app\build\classes\java\main\az\company\qwisedemoapp\filter\JwtFilter.class]: Unsatisfied dependency expressed through constructor parameter 1: Error creating bean with name 'customUserDetailsService' defined in file [C:\Workspace\Workspace\qwise-app\build\classes\java\main\az\company\qwisedemoapp\service\auth\CustomUserDetailsService.class]: Unsatisfied dependency expressed through constructor parameter 0: Error creating bean with name 'userRepository' defined in az.company.qwisedemoapp.domain.repository.UserRepository defined in @EnableJpaRepositories declared on JpaRepositoriesRegistrar.EnableJpaRepositoriesConfiguration: Cannot resolve reference to bean 'jpaSharedEM_entityManagerFactory' while setting bean property 'entityManager'
	at org.springframework.beans.factory.support.ConstructorResolver.createArgumentArray(ConstructorResolver.java:804)
	at org.springframework.beans.factory.support.ConstructorResolver.autowireConstructor(ConstructorResolver.java:240)
	at org.springframework.beans.factory.support.AbstractAutowireCapableBeanFactory.autowireConstructor(AbstractAutowireCapableBeanFactory.java:1395)
	at org.springframework.beans.factory.support.AbstractAutowireCapableBeanFactory.createBeanInstance(AbstractAutowireCapableBeanFactory.java:1232)
	at org.springframework.beans.factory.support.AbstractAutowireCapableBeanFactory.doCreateBean(AbstractAutowireCapableBeanFactory.java:569)
	at org.springframework.beans.factory.support.AbstractAutowireCapableBeanFactory.createBean(AbstractAutowireCapableBeanFactory.java:529)
	at org.springframework.beans.factory.support.AbstractBeanFactory.lambda$doGetBean$0(AbstractBeanFactory.java:339)
	at org.springframework.beans.factory.support.DefaultSingletonBeanRegistry.getSingleton(DefaultSingletonBeanRegistry.java:373)
	at org.springframework.beans.factory.support.AbstractBeanFactory.doGetBean(AbstractBeanFactory.java:337)
	at org.springframework.beans.factory.support.AbstractBeanFactory.getBean(AbstractBeanFactory.java:207)
	at org.springframework.boot.web.servlet.ServletContextInitializerBeans.getOrderedBeansOfType(ServletContextInitializerBeans.java:230)
	at org.springframework.boot.web.servlet.ServletContextInitializerBeans.addAsRegistrationBean(ServletContextInitializerBeans.java:184)
	at org.springframework.boot.web.servlet.ServletContextInitializerBeans.addAsRegistrationBean(ServletContextInitializerBeans.java:179)
	at org.springframework.boot.web.servlet.ServletContextInitializerBeans.addAdaptableBeans(ServletContextInitializerBeans.java:164)
	at org.springframework.boot.web.servlet.ServletContextInitializerBeans.<init>(ServletContextInitializerBeans.java:96)
	at org.springframework.boot.web.servlet.context.ServletWebServerApplicationContext.getServletContextInitializerBeans(ServletWebServerApplicationContext.java:271)
	at org.springframework.boot.web.servlet.context.ServletWebServerApplicationContext.selfInitialize(ServletWebServerApplicationContext.java:245)
	at org.springframework.boot.web.embedded.tomcat.TomcatStarter.onStartup(TomcatStarter.java:52)
	at org.apache.catalina.core.StandardContext.startInternal(StandardContext.java:4464)
	at org.apache.catalina.util.LifecycleBase.start(LifecycleBase.java:164)
	at org.apache.catalina.core.ContainerBase$StartChild.call(ContainerBase.java:1203)
	at org.apache.catalina.core.ContainerBase$StartChild.call(ContainerBase.java:1193)
	at java.base/java.util.concurrent.FutureTask.run$$$capture(FutureTask.java:317)
	at java.base/java.util.concurrent.FutureTask.run(FutureTask.java)
	at org.apache.tomcat.util.threads.InlineExecutorService.execute(InlineExecutorService.java:75)
	at java.base/java.util.concurrent.AbstractExecutorService.submit(AbstractExecutorService.java:145)
	at org.apache.catalina.core.ContainerBase.startInternal(ContainerBase.java:749)
	at org.apache.catalina.core.StandardHost.startInternal(StandardHost.java:772)
	at org.apache.catalina.util.LifecycleBase.start(LifecycleBase.java:164)
	at org.apache.catalina.core.ContainerBase$StartChild.call(ContainerBase.java:1203)
	at org.apache.catalina.core.ContainerBase$StartChild.call(ContainerBase.java:1193)
	at java.base/java.util.concurrent.FutureTask.run$$$capture(FutureTask.java:317)
	at java.base/java.util.concurrent.FutureTask.run(FutureTask.java)
	at org.apache.tomcat.util.threads.InlineExecutorService.execute(InlineExecutorService.java:75)
	at java.base/java.util.concurrent.AbstractExecutorService.submit(AbstractExecutorService.java:145)
	at org.apache.catalina.core.ContainerBase.startInternal(ContainerBase.java:749)
	at org.apache.catalina.core.StandardEngine.startInternal(StandardEngine.java:203)
	at org.apache.catalina.util.LifecycleBase.start(LifecycleBase.java:164)
	at org.apache.catalina.core.StandardService.startInternal(StandardService.java:412)
	at org.apache.catalina.util.LifecycleBase.start(LifecycleBase.java:164)
	at org.apache.catalina.core.StandardServer.startInternal(StandardServer.java:870)
	at org.apache.catalina.util.LifecycleBase.start(LifecycleBase.java:164)
	at org.apache.catalina.startup.Tomcat.start(Tomcat.java:438)
	at org.springframework.boot.web.embedded.tomcat.TomcatWebServer.initialize(TomcatWebServer.java:128)
	... 13 common frames omitted
Caused by: org.springframework.beans.factory.UnsatisfiedDependencyException: Error creating bean with name 'customUserDetailsService' defined in file [C:\Workspace\Workspace\qwise-app\build\classes\java\main\az\company\qwisedemoapp\service\auth\CustomUserDetailsService.class]: Unsatisfied dependency expressed through constructor parameter 0: Error creating bean with name 'userRepository' defined in az.company.qwisedemoapp.domain.repository.UserRepository defined in @EnableJpaRepositories declared on JpaRepositoriesRegistrar.EnableJpaRepositoriesConfiguration: Cannot resolve reference to bean 'jpaSharedEM_entityManagerFactory' while setting bean property 'entityManager'
	at org.springframework.beans.factory.support.ConstructorResolver.createArgumentArray(ConstructorResolver.java:804)
	at org.springframework.beans.factory.support.ConstructorResolver.autowireConstructor(ConstructorResolver.java:240)
	at org.springframework.beans.factory.support.AbstractAutowireCapableBeanFactory.autowireConstructor(AbstractAutowireCapableBeanFactory.java:1395)
	at org.springframework.beans.factory.support.AbstractAutowireCapableBeanFactory.createBeanInstance(AbstractAutowireCapableBeanFactory.java:1232)
	at org.springframework.beans.factory.support.AbstractAutowireCapableBeanFactory.doCreateBean(AbstractAutowireCapableBeanFactory.java:569)
	at org.springframework.beans.factory.support.AbstractAutowireCapableBeanFactory.createBean(AbstractAutowireCapableBeanFactory.java:529)
	at org.springframework.beans.factory.support.AbstractBeanFactory.lambda$doGetBean$0(AbstractBeanFactory.java:339)
	at org.springframework.beans.factory.support.DefaultSingletonBeanRegistry.getSingleton(DefaultSingletonBeanRegistry.java:373)
	at org.springframework.beans.factory.support.AbstractBeanFactory.doGetBean(AbstractBeanFactory.java:337)
	at org.springframework.beans.factory.support.AbstractBeanFactory.getBean(AbstractBeanFactory.java:202)
	at org.springframework.beans.factory.support.DefaultListableBeanFactory.doResolveDependency(DefaultListableBeanFactory.java:1683)
	at org.springframework.beans.factory.support.DefaultListableBeanFactory.resolveDependency(DefaultListableBeanFactory.java:1628)
	at org.springframework.beans.factory.support.ConstructorResolver.resolveAutowiredArgument(ConstructorResolver.java:913)
	at org.springframework.beans.factory.support.ConstructorResolver.createArgumentArray(ConstructorResolver.java:791)
	... 56 common frames omitted
Caused by: org.springframework.beans.factory.BeanCreationException: Error creating bean with name 'userRepository' defined in az.company.qwisedemoapp.domain.repository.UserRepository defined in @EnableJpaRepositories declared on JpaRepositoriesRegistrar.EnableJpaRepositoriesConfiguration: Cannot resolve reference to bean 'jpaSharedEM_entityManagerFactory' while setting bean property 'entityManager'
	at org.springframework.beans.factory.support.BeanDefinitionValueResolver.resolveReference(BeanDefinitionValueResolver.java:377)
	at org.springframework.beans.factory.support.BeanDefinitionValueResolver.resolveValueIfNecessary(BeanDefinitionValueResolver.java:135)
	at org.springframework.beans.factory.support.AbstractAutowireCapableBeanFactory.applyPropertyValues(AbstractAutowireCapableBeanFactory.java:1725)
	at org.springframework.beans.factory.support.AbstractAutowireCapableBeanFactory.populateBean(AbstractAutowireCapableBeanFactory.java:1474)
	at org.springframework.beans.factory.support.AbstractAutowireCapableBeanFactory.doCreateBean(AbstractAutowireCapableBeanFactory.java:606)
	at org.springframework.beans.factory.support.AbstractAutowireCapableBeanFactory.createBean(AbstractAutowireCapableBeanFactory.java:529)
	at org.springframework.beans.factory.support.AbstractBeanFactory.lambda$doGetBean$0(AbstractBeanFactory.java:339)
	at org.springframework.beans.factory.support.DefaultSingletonBeanRegistry.getSingleton(DefaultSingletonBeanRegistry.java:373)
	at org.springframework.beans.factory.support.AbstractBeanFactory.doGetBean(AbstractBeanFactory.java:337)
	at org.springframework.beans.factory.support.AbstractBeanFactory.getBean(AbstractBeanFactory.java:202)
	at org.springframework.beans.factory.support.DefaultListableBeanFactory.doResolveDependency(DefaultListableBeanFactory.java:1683)
	at org.springframework.beans.factory.support.DefaultListableBeanFactory.resolveDependency(DefaultListableBeanFactory.java:1628)
	at org.springframework.beans.factory.support.ConstructorResolver.resolveAutowiredArgument(ConstructorResolver.java:913)
	at org.springframework.beans.factory.support.ConstructorResolver.createArgumentArray(ConstructorResolver.java:791)
	... 69 common frames omitted
Caused by: org.springframework.beans.factory.BeanCreationException: Error creating bean with name 'jpaSharedEM_entityManagerFactory': Cannot resolve reference to bean 'entityManagerFactory' while setting constructor argument
	at org.springframework.beans.factory.support.BeanDefinitionValueResolver.resolveReference(BeanDefinitionValueResolver.java:377)
	at org.springframework.beans.factory.support.BeanDefinitionValueResolver.resolveValueIfNecessary(BeanDefinitionValueResolver.java:135)
	at org.springframework.beans.factory.support.ConstructorResolver.resolveConstructorArguments(ConstructorResolver.java:691)
	at org.springframework.beans.factory.support.ConstructorResolver.instantiateUsingFactoryMethod(ConstructorResolver.java:513)
	at org.springframework.beans.factory.support.AbstractAutowireCapableBeanFactory.instantiateUsingFactoryMethod(AbstractAutowireCapableBeanFactory.java:1375)
	at org.springframework.beans.factory.support.AbstractAutowireCapableBeanFactory.createBeanInstance(AbstractAutowireCapableBeanFactory.java:1205)
	at org.springframework.beans.factory.support.AbstractAutowireCapableBeanFactory.doCreateBean(AbstractAutowireCapableBeanFactory.java:569)
	at org.springframework.beans.factory.support.AbstractAutowireCapableBeanFactory.createBean(AbstractAutowireCapableBeanFactory.java:529)
	at org.springframework.beans.factory.support.AbstractBeanFactory.lambda$doGetBean$0(AbstractBeanFactory.java:339)
	at org.springframework.beans.factory.support.DefaultSingletonBeanRegistry.getSingleton(DefaultSingletonBeanRegistry.java:373)
	at org.springframework.beans.factory.support.AbstractBeanFactory.doGetBean(AbstractBeanFactory.java:337)
	at org.springframework.beans.factory.support.AbstractBeanFactory.getBean(AbstractBeanFactory.java:202)
	at org.springframework.beans.factory.support.BeanDefinitionValueResolver.resolveReference(BeanDefinitionValueResolver.java:365)
	... 82 common frames omitted
Caused by: org.springframework.beans.factory.BeanCreationException: Error creating bean with name 'entityManagerFactory' defined in class path resource [org/springframework/boot/autoconfigure/orm/jpa/HibernateJpaConfiguration.class]: [PersistenceUnit: default] Unable to build Hibernate SessionFactory; nested exception is org.hibernate.exception.GenericJDBCException: Unable to open JDBC Connection for DDL execution [FATAL: password authentication failed for user "guest"] [n/a]
	at org.springframework.beans.factory.support.AbstractAutowireCapableBeanFactory.initializeBean(AbstractAutowireCapableBeanFactory.java:1826)
	at org.springframework.beans.factory.support.AbstractAutowireCapableBeanFactory.doCreateBean(AbstractAutowireCapableBeanFactory.java:607)
	at org.springframework.beans.factory.support.AbstractAutowireCapableBeanFactory.createBean(AbstractAutowireCapableBeanFactory.java:529)
	at org.springframework.beans.factory.support.AbstractBeanFactory.lambda$doGetBean$0(AbstractBeanFactory.java:339)
	at org.springframework.beans.factory.support.DefaultSingletonBeanRegistry.getSingleton(DefaultSingletonBeanRegistry.java:373)
	at org.springframework.beans.factory.support.AbstractBeanFactory.doGetBean(AbstractBeanFactory.java:337)
	at org.springframework.beans.factory.support.AbstractBeanFactory.getBean(AbstractBeanFactory.java:202)
	at org.springframework.beans.factory.support.BeanDefinitionValueResolver.resolveReference(BeanDefinitionValueResolver.java:365)
	... 94 common frames omitted
Caused by: jakarta.persistence.PersistenceException: [PersistenceUnit: default] Unable to build Hibernate SessionFactory; nested exception is org.hibernate.exception.GenericJDBCException: Unable to open JDBC Connection for DDL execution [FATAL: password authentication failed for user "guest"] [n/a]
	at org.springframework.orm.jpa.AbstractEntityManagerFactoryBean.buildNativeEntityManagerFactory(AbstractEntityManagerFactoryBean.java:431)
	at org.springframework.orm.jpa.AbstractEntityManagerFactoryBean.afterPropertiesSet(AbstractEntityManagerFactoryBean.java:400)
	at org.springframework.orm.jpa.LocalContainerEntityManagerFactoryBean.afterPropertiesSet(LocalContainerEntityManagerFactoryBean.java:366)
	at org.springframework.beans.factory.support.AbstractAutowireCapableBeanFactory.invokeInitMethods(AbstractAutowireCapableBeanFactory.java:1873)
	at org.springframework.beans.factory.support.AbstractAutowireCapableBeanFactory.initializeBean(AbstractAutowireCapableBeanFactory.java:1822)
	... 101 common frames omitted
Caused by: org.hibernate.exception.GenericJDBCException: Unable to open JDBC Connection for DDL execution [FATAL: password authentication failed for user "guest"] [n/a]
	at org.hibernate.exception.internal.StandardSQLExceptionConverter.convert(StandardSQLExceptionConverter.java:63)
	at org.hibernate.engine.jdbc.spi.SqlExceptionHelper.convert(SqlExceptionHelper.java:108)
	at org.hibernate.engine.jdbc.spi.SqlExceptionHelper.convert(SqlExceptionHelper.java:94)
	at org.hibernate.resource.transaction.backend.jdbc.internal.DdlTransactionIsolatorNonJtaImpl.getIsolatedConnection(DdlTransactionIsolatorNonJtaImpl.java:74)
	at org.hibernate.resource.transaction.backend.jdbc.internal.DdlTransactionIsolatorNonJtaImpl.getIsolatedConnection(DdlTransactionIsolatorNonJtaImpl.java:39)
	at org.hibernate.tool.schema.internal.exec.ImprovedExtractionContextImpl.getJdbcConnection(ImprovedExtractionContextImpl.java:63)
	at org.hibernate.tool.schema.extract.spi.ExtractionContext.getQueryResults(ExtractionContext.java:43)
	at org.hibernate.tool.schema.extract.internal.SequenceInformationExtractorLegacyImpl.extractMetadata(SequenceInformationExtractorLegacyImpl.java:39)
	at org.hibernate.tool.schema.extract.internal.DatabaseInformationImpl.initializeSequences(DatabaseInformationImpl.java:66)
	at org.hibernate.tool.schema.extract.internal.DatabaseInformationImpl.<init>(DatabaseInformationImpl.java:60)
	at org.hibernate.tool.schema.internal.Helper.buildDatabaseInformation(Helper.java:185)
	at org.hibernate.tool.schema.internal.AbstractSchemaMigrator.doMigration(AbstractSchemaMigrator.java:93)
	at org.hibernate.tool.schema.spi.SchemaManagementToolCoordinator.performDatabaseAction(SchemaManagementToolCoordinator.java:280)
	at org.hibernate.tool.schema.spi.SchemaManagementToolCoordinator.lambda$process$5(SchemaManagementToolCoordinator.java:144)
	at java.base/java.util.HashMap.forEach(HashMap.java:1429)
	at org.hibernate.tool.schema.spi.SchemaManagementToolCoordinator.process(SchemaManagementToolCoordinator.java:141)
	at org.hibernate.boot.internal.SessionFactoryObserverForSchemaExport.sessionFactoryCreated(SessionFactoryObserverForSchemaExport.java:37)
	at org.hibernate.internal.SessionFactoryObserverChain.sessionFactoryCreated(SessionFactoryObserverChain.java:35)
	at org.hibernate.internal.SessionFactoryImpl.<init>(SessionFactoryImpl.java:324)
	at org.hibernate.boot.internal.SessionFactoryBuilderImpl.build(SessionFactoryBuilderImpl.java:463)
	at org.hibernate.jpa.boot.internal.EntityManagerFactoryBuilderImpl.build(EntityManagerFactoryBuilderImpl.java:1517)
	at org.springframework.orm.jpa.vendor.SpringHibernateJpaPersistenceProvider.createContainerEntityManagerFactory(SpringHibernateJpaPersistenceProvider.java:66)
	at org.springframework.orm.jpa.LocalContainerEntityManagerFactoryBean.createNativeEntityManagerFactory(LocalContainerEntityManagerFactoryBean.java:390)
	at org.springframework.orm.jpa.AbstractEntityManagerFactoryBean.buildNativeEntityManagerFactory(AbstractEntityManagerFactoryBean.java:419)
	... 105 common frames omitted
Caused by: org.postgresql.util.PSQLException: FATAL: password authentication failed for user "guest"
	at org.postgresql.core.v3.ConnectionFactoryImpl.doAuthentication(ConnectionFactoryImpl.java:777)
	at org.postgresql.core.v3.ConnectionFactoryImpl.tryConnect(ConnectionFactoryImpl.java:234)
	at org.postgresql.core.v3.ConnectionFactoryImpl.openConnectionImpl(ConnectionFactoryImpl.java:289)
	at org.postgresql.core.ConnectionFactory.openConnection(ConnectionFactory.java:57)
	at org.postgresql.jdbc.PgConnection.<init>(PgConnection.java:277)
	at org.postgresql.Driver.makeConnection(Driver.java:448)
	at org.postgresql.Driver.connect(Driver.java:298)
	at com.zaxxer.hikari.util.DriverDataSource.getConnection(DriverDataSource.java:144)
	at com.zaxxer.hikari.pool.PoolBase.newConnection(PoolBase.java:368)
	at com.zaxxer.hikari.pool.PoolBase.newPoolEntry(PoolBase.java:205)
	at com.zaxxer.hikari.pool.HikariPool.createPoolEntry(HikariPool.java:488)
	at com.zaxxer.hikari.pool.HikariPool.checkFailFast(HikariPool.java:576)
	at com.zaxxer.hikari.pool.HikariPool.<init>(HikariPool.java:97)
	at com.zaxxer.hikari.HikariDataSource.getConnection(HikariDataSource.java:111)
	at org.hibernate.engine.jdbc.connections.internal.DatasourceConnectionProviderImpl.getConnection(DatasourceConnectionProviderImpl.java:126)
	at org.hibernate.engine.jdbc.env.internal.JdbcEnvironmentInitiator$ConnectionProviderJdbcConnectionAccess.obtainConnection(JdbcEnvironmentInitiator.java:483)
	at org.hibernate.resource.transaction.backend.jdbc.internal.DdlTransactionIsolatorNonJtaImpl.getIsolatedConnection(DdlTransactionIsolatorNonJtaImpl.java:46)
	... 125 common frames omitted
2025-10-16 12:32:45 [background-preinit] INFO  o.h.validator.internal.util.Version - HV000001: Hibernate Validator 8.0.2.Final
2025-10-16 12:32:45 [main] INFO  a.c.q.QwiseDemoAppApplication - Starting QwiseDemoAppApplication using Java 21.0.2 with PID 15264 (C:\Workspace\Workspace\qwise-app\build\classes\java\main started by ACER in C:\Workspace\Workspace\qwise-app)
2025-10-16 12:32:45 [main] INFO  a.c.q.QwiseDemoAppApplication - No active profile set, falling back to 1 default profile: "default"
2025-10-16 12:32:48 [main] INFO  o.s.d.r.c.RepositoryConfigurationDelegate - Bootstrapping Spring Data JPA repositories in DEFAULT mode.
2025-10-16 12:32:48 [main] INFO  o.s.d.r.c.RepositoryConfigurationDelegate - Finished Spring Data repository scanning in 182 ms. Found 13 JPA repository interfaces.
2025-10-16 12:32:49 [main] INFO  o.s.b.w.e.tomcat.TomcatWebServer - Tomcat initialized with port 7775 (http)
2025-10-16 12:32:49 [main] INFO  o.a.coyote.http11.Http11NioProtocol - Initializing ProtocolHandler ["http-nio-7775"]
2025-10-16 12:32:49 [main] INFO  o.a.catalina.core.StandardService - Starting service [Tomcat]
2025-10-16 12:32:49 [main] INFO  o.a.catalina.core.StandardEngine - Starting Servlet engine: [Apache Tomcat/10.1.43]
2025-10-16 12:32:49 [main] INFO  o.a.c.c.C.[Tomcat].[localhost].[/] - Initializing Spring embedded WebApplicationContext
2025-10-16 12:32:49 [main] INFO  o.s.b.w.s.c.ServletWebServerApplicationContext - Root WebApplicationContext: initialization completed in 3667 ms
2025-10-16 12:32:50 [main] INFO  o.h.jpa.internal.util.LogHelper - HHH000204: Processing PersistenceUnitInfo [name: default]
2025-10-16 12:32:50 [main] INFO  org.hibernate.Version - HHH000412: Hibernate ORM core version 6.6.22.Final
2025-10-16 12:32:50 [main] INFO  o.h.c.i.RegionFactoryInitiator - HHH000026: Second-level cache disabled
2025-10-16 12:32:51 [main] INFO  o.s.o.j.p.SpringPersistenceUnitInfo - No LoadTimeWeaver setup: ignoring JPA class transformer
2025-10-16 12:32:51 [main] INFO  com.zaxxer.hikari.HikariDataSource - HikariPool-1 - Starting...
2025-10-16 12:32:53 [main] WARN  o.h.e.jdbc.spi.SqlExceptionHelper - SQL Error: 0, SQLState: 28P01
2025-10-16 12:32:53 [main] ERROR o.h.e.jdbc.spi.SqlExceptionHelper - FATAL: password authentication failed for user "guest"
2025-10-16 12:32:53 [main] WARN  o.h.e.j.e.i.JdbcEnvironmentInitiator - HHH000342: Could not obtain connection to query metadata
org.hibernate.exception.GenericJDBCException: unable to obtain isolated JDBC connection [FATAL: password authentication failed for user "guest"] [n/a]
	at org.hibernate.exception.internal.StandardSQLExceptionConverter.convert(StandardSQLExceptionConverter.java:63)
	at org.hibernate.engine.jdbc.spi.SqlExceptionHelper.convert(SqlExceptionHelper.java:108)
	at org.hibernate.engine.jdbc.spi.SqlExceptionHelper.convert(SqlExceptionHelper.java:94)
	at org.hibernate.resource.transaction.backend.jdbc.internal.JdbcIsolationDelegate.delegateWork(JdbcIsolationDelegate.java:116)
	at org.hibernate.engine.jdbc.env.internal.JdbcEnvironmentInitiator.getJdbcEnvironmentUsingJdbcMetadata(JdbcEnvironmentInitiator.java:336)
	at org.hibernate.engine.jdbc.env.internal.JdbcEnvironmentInitiator.initiateService(JdbcEnvironmentInitiator.java:129)
	at org.hibernate.engine.jdbc.env.internal.JdbcEnvironmentInitiator.initiateService(JdbcEnvironmentInitiator.java:81)
	at org.hibernate.boot.registry.internal.StandardServiceRegistryImpl.initiateService(StandardServiceRegistryImpl.java:130)
	at org.hibernate.service.internal.AbstractServiceRegistryImpl.createService(AbstractServiceRegistryImpl.java:263)
	at org.hibernate.service.internal.AbstractServiceRegistryImpl.initializeService(AbstractServiceRegistryImpl.java:238)
	at org.hibernate.service.internal.AbstractServiceRegistryImpl.getService(AbstractServiceRegistryImpl.java:215)
	at org.hibernate.boot.model.relational.Database.<init>(Database.java:45)
	at org.hibernate.boot.internal.InFlightMetadataCollectorImpl.getDatabase(InFlightMetadataCollectorImpl.java:226)
	at org.hibernate.boot.internal.InFlightMetadataCollectorImpl.<init>(InFlightMetadataCollectorImpl.java:194)
	at org.hibernate.boot.model.process.spi.MetadataBuildingProcess.complete(MetadataBuildingProcess.java:171)
	at org.hibernate.jpa.boot.internal.EntityManagerFactoryBuilderImpl.metadata(EntityManagerFactoryBuilderImpl.java:1442)
	at org.hibernate.jpa.boot.internal.EntityManagerFactoryBuilderImpl.build(EntityManagerFactoryBuilderImpl.java:1513)
	at org.springframework.orm.jpa.vendor.SpringHibernateJpaPersistenceProvider.createContainerEntityManagerFactory(SpringHibernateJpaPersistenceProvider.java:66)
	at org.springframework.orm.jpa.LocalContainerEntityManagerFactoryBean.createNativeEntityManagerFactory(LocalContainerEntityManagerFactoryBean.java:390)
	at org.springframework.orm.jpa.AbstractEntityManagerFactoryBean.buildNativeEntityManagerFactory(AbstractEntityManagerFactoryBean.java:419)
	at org.springframework.orm.jpa.AbstractEntityManagerFactoryBean.afterPropertiesSet(AbstractEntityManagerFactoryBean.java:400)
	at org.springframework.orm.jpa.LocalContainerEntityManagerFactoryBean.afterPropertiesSet(LocalContainerEntityManagerFactoryBean.java:366)
	at org.springframework.beans.factory.support.AbstractAutowireCapableBeanFactory.invokeInitMethods(AbstractAutowireCapableBeanFactory.java:1873)
	at org.springframework.beans.factory.support.AbstractAutowireCapableBeanFactory.initializeBean(AbstractAutowireCapableBeanFactory.java:1822)
	at org.springframework.beans.factory.support.AbstractAutowireCapableBeanFactory.doCreateBean(AbstractAutowireCapableBeanFactory.java:607)
	at org.springframework.beans.factory.support.AbstractAutowireCapableBeanFactory.createBean(AbstractAutowireCapableBeanFactory.java:529)
	at org.springframework.beans.factory.support.AbstractBeanFactory.lambda$doGetBean$0(AbstractBeanFactory.java:339)
	at org.springframework.beans.factory.support.DefaultSingletonBeanRegistry.getSingleton(DefaultSingletonBeanRegistry.java:373)
	at org.springframework.beans.factory.support.AbstractBeanFactory.doGetBean(AbstractBeanFactory.java:337)
	at org.springframework.beans.factory.support.AbstractBeanFactory.getBean(AbstractBeanFactory.java:202)
	at org.springframework.beans.factory.support.BeanDefinitionValueResolver.resolveReference(BeanDefinitionValueResolver.java:365)
	at org.springframework.beans.factory.support.BeanDefinitionValueResolver.resolveValueIfNecessary(BeanDefinitionValueResolver.java:135)
	at org.springframework.beans.factory.support.ConstructorResolver.resolveConstructorArguments(ConstructorResolver.java:691)
	at org.springframework.beans.factory.support.ConstructorResolver.instantiateUsingFactoryMethod(ConstructorResolver.java:513)
	at org.springframework.beans.factory.support.AbstractAutowireCapableBeanFactory.instantiateUsingFactoryMethod(AbstractAutowireCapableBeanFactory.java:1375)
	at org.springframework.beans.factory.support.AbstractAutowireCapableBeanFactory.createBeanInstance(AbstractAutowireCapableBeanFactory.java:1205)
	at org.springframework.beans.factory.support.AbstractAutowireCapableBeanFactory.doCreateBean(AbstractAutowireCapableBeanFactory.java:569)
	at org.springframework.beans.factory.support.AbstractAutowireCapableBeanFactory.createBean(AbstractAutowireCapableBeanFactory.java:529)
	at org.springframework.beans.factory.support.AbstractBeanFactory.lambda$doGetBean$0(AbstractBeanFactory.java:339)
	at org.springframework.beans.factory.support.DefaultSingletonBeanRegistry.getSingleton(DefaultSingletonBeanRegistry.java:373)
	at org.springframework.beans.factory.support.AbstractBeanFactory.doGetBean(AbstractBeanFactory.java:337)
	at org.springframework.beans.factory.support.AbstractBeanFactory.getBean(AbstractBeanFactory.java:202)
	at org.springframework.beans.factory.support.BeanDefinitionValueResolver.resolveReference(BeanDefinitionValueResolver.java:365)
	at org.springframework.beans.factory.support.BeanDefinitionValueResolver.resolveValueIfNecessary(BeanDefinitionValueResolver.java:135)
	at org.springframework.beans.factory.support.AbstractAutowireCapableBeanFactory.applyPropertyValues(AbstractAutowireCapableBeanFactory.java:1725)
	at org.springframework.beans.factory.support.AbstractAutowireCapableBeanFactory.populateBean(AbstractAutowireCapableBeanFactory.java:1474)
	at org.springframework.beans.factory.support.AbstractAutowireCapableBeanFactory.doCreateBean(AbstractAutowireCapableBeanFactory.java:606)
	at org.springframework.beans.factory.support.AbstractAutowireCapableBeanFactory.createBean(AbstractAutowireCapableBeanFactory.java:529)
	at org.springframework.beans.factory.support.AbstractBeanFactory.lambda$doGetBean$0(AbstractBeanFactory.java:339)
	at org.springframework.beans.factory.support.DefaultSingletonBeanRegistry.getSingleton(DefaultSingletonBeanRegistry.java:373)
	at org.springframework.beans.factory.support.AbstractBeanFactory.doGetBean(AbstractBeanFactory.java:337)
	at org.springframework.beans.factory.support.AbstractBeanFactory.getBean(AbstractBeanFactory.java:202)
	at org.springframework.beans.factory.support.DefaultListableBeanFactory.doResolveDependency(DefaultListableBeanFactory.java:1683)
	at org.springframework.beans.factory.support.DefaultListableBeanFactory.resolveDependency(DefaultListableBeanFactory.java:1628)
	at org.springframework.beans.factory.support.ConstructorResolver.resolveAutowiredArgument(ConstructorResolver.java:913)
	at org.springframework.beans.factory.support.ConstructorResolver.createArgumentArray(ConstructorResolver.java:791)
	at org.springframework.beans.factory.support.ConstructorResolver.autowireConstructor(ConstructorResolver.java:240)
	at org.springframework.beans.factory.support.AbstractAutowireCapableBeanFactory.autowireConstructor(AbstractAutowireCapableBeanFactory.java:1395)
	at org.springframework.beans.factory.support.AbstractAutowireCapableBeanFactory.createBeanInstance(AbstractAutowireCapableBeanFactory.java:1232)
	at org.springframework.beans.factory.support.AbstractAutowireCapableBeanFactory.doCreateBean(AbstractAutowireCapableBeanFactory.java:569)
	at org.springframework.beans.factory.support.AbstractAutowireCapableBeanFactory.createBean(AbstractAutowireCapableBeanFactory.java:529)
	at org.springframework.beans.factory.support.AbstractBeanFactory.lambda$doGetBean$0(AbstractBeanFactory.java:339)
	at org.springframework.beans.factory.support.DefaultSingletonBeanRegistry.getSingleton(DefaultSingletonBeanRegistry.java:373)
	at org.springframework.beans.factory.support.AbstractBeanFactory.doGetBean(AbstractBeanFactory.java:337)
	at org.springframework.beans.factory.support.AbstractBeanFactory.getBean(AbstractBeanFactory.java:202)
	at org.springframework.beans.factory.support.DefaultListableBeanFactory.doResolveDependency(DefaultListableBeanFactory.java:1683)
	at org.springframework.beans.factory.support.DefaultListableBeanFactory.resolveDependency(DefaultListableBeanFactory.java:1628)
	at org.springframework.beans.factory.support.ConstructorResolver.resolveAutowiredArgument(ConstructorResolver.java:913)
	at org.springframework.beans.factory.support.ConstructorResolver.createArgumentArray(ConstructorResolver.java:791)
	at org.springframework.beans.factory.support.ConstructorResolver.autowireConstructor(ConstructorResolver.java:240)
	at org.springframework.beans.factory.support.AbstractAutowireCapableBeanFactory.autowireConstructor(AbstractAutowireCapableBeanFactory.java:1395)
	at org.springframework.beans.factory.support.AbstractAutowireCapableBeanFactory.createBeanInstance(AbstractAutowireCapableBeanFactory.java:1232)
	at org.springframework.beans.factory.support.AbstractAutowireCapableBeanFactory.doCreateBean(AbstractAutowireCapableBeanFactory.java:569)
	at org.springframework.beans.factory.support.AbstractAutowireCapableBeanFactory.createBean(AbstractAutowireCapableBeanFactory.java:529)
	at org.springframework.beans.factory.support.AbstractBeanFactory.lambda$doGetBean$0(AbstractBeanFactory.java:339)
	at org.springframework.beans.factory.support.DefaultSingletonBeanRegistry.getSingleton(DefaultSingletonBeanRegistry.java:373)
	at org.springframework.beans.factory.support.AbstractBeanFactory.doGetBean(AbstractBeanFactory.java:337)
	at org.springframework.beans.factory.support.AbstractBeanFactory.getBean(AbstractBeanFactory.java:207)
	at org.springframework.boot.web.servlet.ServletContextInitializerBeans.getOrderedBeansOfType(ServletContextInitializerBeans.java:230)
	at org.springframework.boot.web.servlet.ServletContextInitializerBeans.addAsRegistrationBean(ServletContextInitializerBeans.java:184)
	at org.springframework.boot.web.servlet.ServletContextInitializerBeans.addAsRegistrationBean(ServletContextInitializerBeans.java:179)
	at org.springframework.boot.web.servlet.ServletContextInitializerBeans.addAdaptableBeans(ServletContextInitializerBeans.java:164)
	at org.springframework.boot.web.servlet.ServletContextInitializerBeans.<init>(ServletContextInitializerBeans.java:96)
	at org.springframework.boot.web.servlet.context.ServletWebServerApplicationContext.getServletContextInitializerBeans(ServletWebServerApplicationContext.java:271)
	at org.springframework.boot.web.servlet.context.ServletWebServerApplicationContext.selfInitialize(ServletWebServerApplicationContext.java:245)
	at org.springframework.boot.web.embedded.tomcat.TomcatStarter.onStartup(TomcatStarter.java:52)
	at org.apache.catalina.core.StandardContext.startInternal(StandardContext.java:4464)
	at org.apache.catalina.util.LifecycleBase.start(LifecycleBase.java:164)
	at org.apache.catalina.core.ContainerBase$StartChild.call(ContainerBase.java:1203)
	at org.apache.catalina.core.ContainerBase$StartChild.call(ContainerBase.java:1193)
	at java.base/java.util.concurrent.FutureTask.run$$$capture(FutureTask.java:317)
	at java.base/java.util.concurrent.FutureTask.run(FutureTask.java)
	at org.apache.tomcat.util.threads.InlineExecutorService.execute(InlineExecutorService.java:75)
	at java.base/java.util.concurrent.AbstractExecutorService.submit(AbstractExecutorService.java:145)
	at org.apache.catalina.core.ContainerBase.startInternal(ContainerBase.java:749)
	at org.apache.catalina.core.StandardHost.startInternal(StandardHost.java:772)
	at org.apache.catalina.util.LifecycleBase.start(LifecycleBase.java:164)
	at org.apache.catalina.core.ContainerBase$StartChild.call(ContainerBase.java:1203)
	at org.apache.catalina.core.ContainerBase$StartChild.call(ContainerBase.java:1193)
	at java.base/java.util.concurrent.FutureTask.run$$$capture(FutureTask.java:317)
	at java.base/java.util.concurrent.FutureTask.run(FutureTask.java)
	at org.apache.tomcat.util.threads.InlineExecutorService.execute(InlineExecutorService.java:75)
	at java.base/java.util.concurrent.AbstractExecutorService.submit(AbstractExecutorService.java:145)
	at org.apache.catalina.core.ContainerBase.startInternal(ContainerBase.java:749)
	at org.apache.catalina.core.StandardEngine.startInternal(StandardEngine.java:203)
	at org.apache.catalina.util.LifecycleBase.start(LifecycleBase.java:164)
	at org.apache.catalina.core.StandardService.startInternal(StandardService.java:412)
	at org.apache.catalina.util.LifecycleBase.start(LifecycleBase.java:164)
	at org.apache.catalina.core.StandardServer.startInternal(StandardServer.java:870)
	at org.apache.catalina.util.LifecycleBase.start(LifecycleBase.java:164)
	at org.apache.catalina.startup.Tomcat.start(Tomcat.java:438)
	at org.springframework.boot.web.embedded.tomcat.TomcatWebServer.initialize(TomcatWebServer.java:128)
	at org.springframework.boot.web.embedded.tomcat.TomcatWebServer.<init>(TomcatWebServer.java:107)
	at org.springframework.boot.web.embedded.tomcat.TomcatServletWebServerFactory.getTomcatWebServer(TomcatServletWebServerFactory.java:517)
	at org.springframework.boot.web.embedded.tomcat.TomcatServletWebServerFactory.getWebServer(TomcatServletWebServerFactory.java:219)
	at org.springframework.boot.web.servlet.context.ServletWebServerApplicationContext.createWebServer(ServletWebServerApplicationContext.java:193)
	at org.springframework.boot.web.servlet.context.ServletWebServerApplicationContext.onRefresh(ServletWebServerApplicationContext.java:167)
	at org.springframework.context.support.AbstractApplicationContext.refresh(AbstractApplicationContext.java:621)
	at org.springframework.boot.web.servlet.context.ServletWebServerApplicationContext.refresh(ServletWebServerApplicationContext.java:146)
	at org.springframework.boot.SpringApplication.refresh(SpringApplication.java:752)
	at org.springframework.boot.SpringApplication.refreshContext(SpringApplication.java:439)
	at org.springframework.boot.SpringApplication.run(SpringApplication.java:318)
	at org.springframework.boot.SpringApplication.run(SpringApplication.java:1361)
	at org.springframework.boot.SpringApplication.run(SpringApplication.java:1350)
	at az.company.qwisedemoapp.QwiseDemoAppApplication.main(QwiseDemoAppApplication.java:10)
Caused by: org.postgresql.util.PSQLException: FATAL: password authentication failed for user "guest"
	at org.postgresql.core.v3.ConnectionFactoryImpl.doAuthentication(ConnectionFactoryImpl.java:777)
	at org.postgresql.core.v3.ConnectionFactoryImpl.tryConnect(ConnectionFactoryImpl.java:234)
	at org.postgresql.core.v3.ConnectionFactoryImpl.openConnectionImpl(ConnectionFactoryImpl.java:289)
	at org.postgresql.core.ConnectionFactory.openConnection(ConnectionFactory.java:57)
	at org.postgresql.jdbc.PgConnection.<init>(PgConnection.java:277)
	at org.postgresql.Driver.makeConnection(Driver.java:448)
	at org.postgresql.Driver.connect(Driver.java:298)
	at com.zaxxer.hikari.util.DriverDataSource.getConnection(DriverDataSource.java:144)
	at com.zaxxer.hikari.pool.PoolBase.newConnection(PoolBase.java:368)
	at com.zaxxer.hikari.pool.PoolBase.newPoolEntry(PoolBase.java:205)
	at com.zaxxer.hikari.pool.HikariPool.createPoolEntry(HikariPool.java:488)
	at com.zaxxer.hikari.pool.HikariPool.checkFailFast(HikariPool.java:576)
	at com.zaxxer.hikari.pool.HikariPool.<init>(HikariPool.java:97)
	at com.zaxxer.hikari.HikariDataSource.getConnection(HikariDataSource.java:111)
	at org.hibernate.engine.jdbc.connections.internal.DatasourceConnectionProviderImpl.getConnection(DatasourceConnectionProviderImpl.java:126)
	at org.hibernate.engine.jdbc.env.internal.JdbcEnvironmentInitiator$ConnectionProviderJdbcConnectionAccess.obtainConnection(JdbcEnvironmentInitiator.java:483)
	at org.hibernate.resource.transaction.backend.jdbc.internal.JdbcIsolationDelegate.delegateWork(JdbcIsolationDelegate.java:61)
	... 121 common frames omitted
2025-10-16 12:32:53 [main] WARN  org.hibernate.orm.deprecation - HHH90000025: PostgreSQLDialect does not need to be specified explicitly using 'hibernate.dialect' (remove the property setting and it will be selected by default)
2025-10-16 12:32:53 [main] INFO  o.hibernate.orm.connections.pooling - HHH10001005: Database info:
	Database JDBC URL [Connecting through datasource 'HikariDataSource (null)']
	Database driver: undefined/unknown
	Database version: 12.0
	Autocommit mode: undefined/unknown
	Isolation level: undefined/unknown
	Minimum pool size: undefined/unknown
	Maximum pool size: undefined/unknown
2025-10-16 12:32:56 [main] INFO  o.h.e.t.j.p.i.JtaPlatformInitiator - HHH000489: No JTA platform available (set 'hibernate.transaction.jta.platform' to enable JTA platform integration)
2025-10-16 12:32:56 [main] INFO  com.zaxxer.hikari.HikariDataSource - HikariPool-1 - Starting...
2025-10-16 12:32:58 [main] WARN  o.h.e.jdbc.spi.SqlExceptionHelper - SQL Error: 0, SQLState: 28P01
2025-10-16 12:32:58 [main] ERROR o.h.e.jdbc.spi.SqlExceptionHelper - FATAL: password authentication failed for user "guest"
2025-10-16 12:32:58 [main] ERROR o.s.o.j.LocalContainerEntityManagerFactoryBean - Failed to initialize JPA EntityManagerFactory: [PersistenceUnit: default] Unable to build Hibernate SessionFactory; nested exception is org.hibernate.exception.GenericJDBCException: Unable to open JDBC Connection for DDL execution [FATAL: password authentication failed for user "guest"] [n/a]
2025-10-16 12:32:58 [main] ERROR o.s.b.w.e.tomcat.TomcatStarter - Error starting Tomcat context. Exception: org.springframework.beans.factory.UnsatisfiedDependencyException. Message: Error creating bean with name 'jwtFilter' defined in file [C:\Workspace\Workspace\qwise-app\build\classes\java\main\az\company\qwisedemoapp\filter\JwtFilter.class]: Unsatisfied dependency expressed through constructor parameter 1: Error creating bean with name 'customUserDetailsService' defined in file [C:\Workspace\Workspace\qwise-app\build\classes\java\main\az\company\qwisedemoapp\service\auth\CustomUserDetailsService.class]: Unsatisfied dependency expressed through constructor parameter 0: Error creating bean with name 'userRepository' defined in az.company.qwisedemoapp.domain.repository.UserRepository defined in @EnableJpaRepositories declared on JpaRepositoriesRegistrar.EnableJpaRepositoriesConfiguration: Cannot resolve reference to bean 'jpaSharedEM_entityManagerFactory' while setting bean property 'entityManager'
2025-10-16 12:32:58 [main] INFO  o.a.catalina.core.StandardService - Stopping service [Tomcat]
2025-10-16 12:32:58 [main] WARN  o.s.b.w.s.c.AnnotationConfigServletWebServerApplicationContext - Exception encountered during context initialization - cancelling refresh attempt: org.springframework.context.ApplicationContextException: Unable to start web server
2025-10-16 12:32:58 [main] INFO  o.s.b.a.l.ConditionEvaluationReportLogger - 

Error starting ApplicationContext. To display the condition evaluation report re-run your application with 'debug' enabled.
2025-10-16 12:32:58 [main] ERROR o.s.boot.SpringApplication - Application run failed
org.springframework.context.ApplicationContextException: Unable to start web server
	at org.springframework.boot.web.servlet.context.ServletWebServerApplicationContext.onRefresh(ServletWebServerApplicationContext.java:170)
	at org.springframework.context.support.AbstractApplicationContext.refresh(AbstractApplicationContext.java:621)
	at org.springframework.boot.web.servlet.context.ServletWebServerApplicationContext.refresh(ServletWebServerApplicationContext.java:146)
	at org.springframework.boot.SpringApplication.refresh(SpringApplication.java:752)
	at org.springframework.boot.SpringApplication.refreshContext(SpringApplication.java:439)
	at org.springframework.boot.SpringApplication.run(SpringApplication.java:318)
	at org.springframework.boot.SpringApplication.run(SpringApplication.java:1361)
	at org.springframework.boot.SpringApplication.run(SpringApplication.java:1350)
	at az.company.qwisedemoapp.QwiseDemoAppApplication.main(QwiseDemoAppApplication.java:10)
Caused by: org.springframework.boot.web.server.WebServerException: Unable to start embedded Tomcat
	at org.springframework.boot.web.embedded.tomcat.TomcatWebServer.initialize(TomcatWebServer.java:147)
	at org.springframework.boot.web.embedded.tomcat.TomcatWebServer.<init>(TomcatWebServer.java:107)
	at org.springframework.boot.web.embedded.tomcat.TomcatServletWebServerFactory.getTomcatWebServer(TomcatServletWebServerFactory.java:517)
	at org.springframework.boot.web.embedded.tomcat.TomcatServletWebServerFactory.getWebServer(TomcatServletWebServerFactory.java:219)
	at org.springframework.boot.web.servlet.context.ServletWebServerApplicationContext.createWebServer(ServletWebServerApplicationContext.java:193)
	at org.springframework.boot.web.servlet.context.ServletWebServerApplicationContext.onRefresh(ServletWebServerApplicationContext.java:167)
	... 8 common frames omitted
Caused by: org.springframework.beans.factory.UnsatisfiedDependencyException: Error creating bean with name 'jwtFilter' defined in file [C:\Workspace\Workspace\qwise-app\build\classes\java\main\az\company\qwisedemoapp\filter\JwtFilter.class]: Unsatisfied dependency expressed through constructor parameter 1: Error creating bean with name 'customUserDetailsService' defined in file [C:\Workspace\Workspace\qwise-app\build\classes\java\main\az\company\qwisedemoapp\service\auth\CustomUserDetailsService.class]: Unsatisfied dependency expressed through constructor parameter 0: Error creating bean with name 'userRepository' defined in az.company.qwisedemoapp.domain.repository.UserRepository defined in @EnableJpaRepositories declared on JpaRepositoriesRegistrar.EnableJpaRepositoriesConfiguration: Cannot resolve reference to bean 'jpaSharedEM_entityManagerFactory' while setting bean property 'entityManager'
	at org.springframework.beans.factory.support.ConstructorResolver.createArgumentArray(ConstructorResolver.java:804)
	at org.springframework.beans.factory.support.ConstructorResolver.autowireConstructor(ConstructorResolver.java:240)
	at org.springframework.beans.factory.support.AbstractAutowireCapableBeanFactory.autowireConstructor(AbstractAutowireCapableBeanFactory.java:1395)
	at org.springframework.beans.factory.support.AbstractAutowireCapableBeanFactory.createBeanInstance(AbstractAutowireCapableBeanFactory.java:1232)
	at org.springframework.beans.factory.support.AbstractAutowireCapableBeanFactory.doCreateBean(AbstractAutowireCapableBeanFactory.java:569)
	at org.springframework.beans.factory.support.AbstractAutowireCapableBeanFactory.createBean(AbstractAutowireCapableBeanFactory.java:529)
	at org.springframework.beans.factory.support.AbstractBeanFactory.lambda$doGetBean$0(AbstractBeanFactory.java:339)
	at org.springframework.beans.factory.support.DefaultSingletonBeanRegistry.getSingleton(DefaultSingletonBeanRegistry.java:373)
	at org.springframework.beans.factory.support.AbstractBeanFactory.doGetBean(AbstractBeanFactory.java:337)
	at org.springframework.beans.factory.support.AbstractBeanFactory.getBean(AbstractBeanFactory.java:207)
	at org.springframework.boot.web.servlet.ServletContextInitializerBeans.getOrderedBeansOfType(ServletContextInitializerBeans.java:230)
	at org.springframework.boot.web.servlet.ServletContextInitializerBeans.addAsRegistrationBean(ServletContextInitializerBeans.java:184)
	at org.springframework.boot.web.servlet.ServletContextInitializerBeans.addAsRegistrationBean(ServletContextInitializerBeans.java:179)
	at org.springframework.boot.web.servlet.ServletContextInitializerBeans.addAdaptableBeans(ServletContextInitializerBeans.java:164)
	at org.springframework.boot.web.servlet.ServletContextInitializerBeans.<init>(ServletContextInitializerBeans.java:96)
	at org.springframework.boot.web.servlet.context.ServletWebServerApplicationContext.getServletContextInitializerBeans(ServletWebServerApplicationContext.java:271)
	at org.springframework.boot.web.servlet.context.ServletWebServerApplicationContext.selfInitialize(ServletWebServerApplicationContext.java:245)
	at org.springframework.boot.web.embedded.tomcat.TomcatStarter.onStartup(TomcatStarter.java:52)
	at org.apache.catalina.core.StandardContext.startInternal(StandardContext.java:4464)
	at org.apache.catalina.util.LifecycleBase.start(LifecycleBase.java:164)
	at org.apache.catalina.core.ContainerBase$StartChild.call(ContainerBase.java:1203)
	at org.apache.catalina.core.ContainerBase$StartChild.call(ContainerBase.java:1193)
	at java.base/java.util.concurrent.FutureTask.run$$$capture(FutureTask.java:317)
	at java.base/java.util.concurrent.FutureTask.run(FutureTask.java)
	at org.apache.tomcat.util.threads.InlineExecutorService.execute(InlineExecutorService.java:75)
	at java.base/java.util.concurrent.AbstractExecutorService.submit(AbstractExecutorService.java:145)
	at org.apache.catalina.core.ContainerBase.startInternal(ContainerBase.java:749)
	at org.apache.catalina.core.StandardHost.startInternal(StandardHost.java:772)
	at org.apache.catalina.util.LifecycleBase.start(LifecycleBase.java:164)
	at org.apache.catalina.core.ContainerBase$StartChild.call(ContainerBase.java:1203)
	at org.apache.catalina.core.ContainerBase$StartChild.call(ContainerBase.java:1193)
	at java.base/java.util.concurrent.FutureTask.run$$$capture(FutureTask.java:317)
	at java.base/java.util.concurrent.FutureTask.run(FutureTask.java)
	at org.apache.tomcat.util.threads.InlineExecutorService.execute(InlineExecutorService.java:75)
	at java.base/java.util.concurrent.AbstractExecutorService.submit(AbstractExecutorService.java:145)
	at org.apache.catalina.core.ContainerBase.startInternal(ContainerBase.java:749)
	at org.apache.catalina.core.StandardEngine.startInternal(StandardEngine.java:203)
	at org.apache.catalina.util.LifecycleBase.start(LifecycleBase.java:164)
	at org.apache.catalina.core.StandardService.startInternal(StandardService.java:412)
	at org.apache.catalina.util.LifecycleBase.start(LifecycleBase.java:164)
	at org.apache.catalina.core.StandardServer.startInternal(StandardServer.java:870)
	at org.apache.catalina.util.LifecycleBase.start(LifecycleBase.java:164)
	at org.apache.catalina.startup.Tomcat.start(Tomcat.java:438)
	at org.springframework.boot.web.embedded.tomcat.TomcatWebServer.initialize(TomcatWebServer.java:128)
	... 13 common frames omitted
Caused by: org.springframework.beans.factory.UnsatisfiedDependencyException: Error creating bean with name 'customUserDetailsService' defined in file [C:\Workspace\Workspace\qwise-app\build\classes\java\main\az\company\qwisedemoapp\service\auth\CustomUserDetailsService.class]: Unsatisfied dependency expressed through constructor parameter 0: Error creating bean with name 'userRepository' defined in az.company.qwisedemoapp.domain.repository.UserRepository defined in @EnableJpaRepositories declared on JpaRepositoriesRegistrar.EnableJpaRepositoriesConfiguration: Cannot resolve reference to bean 'jpaSharedEM_entityManagerFactory' while setting bean property 'entityManager'
	at org.springframework.beans.factory.support.ConstructorResolver.createArgumentArray(ConstructorResolver.java:804)
	at org.springframework.beans.factory.support.ConstructorResolver.autowireConstructor(ConstructorResolver.java:240)
	at org.springframework.beans.factory.support.AbstractAutowireCapableBeanFactory.autowireConstructor(AbstractAutowireCapableBeanFactory.java:1395)
	at org.springframework.beans.factory.support.AbstractAutowireCapableBeanFactory.createBeanInstance(AbstractAutowireCapableBeanFactory.java:1232)
	at org.springframework.beans.factory.support.AbstractAutowireCapableBeanFactory.doCreateBean(AbstractAutowireCapableBeanFactory.java:569)
	at org.springframework.beans.factory.support.AbstractAutowireCapableBeanFactory.createBean(AbstractAutowireCapableBeanFactory.java:529)
	at org.springframework.beans.factory.support.AbstractBeanFactory.lambda$doGetBean$0(AbstractBeanFactory.java:339)
	at org.springframework.beans.factory.support.DefaultSingletonBeanRegistry.getSingleton(DefaultSingletonBeanRegistry.java:373)
	at org.springframework.beans.factory.support.AbstractBeanFactory.doGetBean(AbstractBeanFactory.java:337)
	at org.springframework.beans.factory.support.AbstractBeanFactory.getBean(AbstractBeanFactory.java:202)
	at org.springframework.beans.factory.support.DefaultListableBeanFactory.doResolveDependency(DefaultListableBeanFactory.java:1683)
	at org.springframework.beans.factory.support.DefaultListableBeanFactory.resolveDependency(DefaultListableBeanFactory.java:1628)
	at org.springframework.beans.factory.support.ConstructorResolver.resolveAutowiredArgument(ConstructorResolver.java:913)
	at org.springframework.beans.factory.support.ConstructorResolver.createArgumentArray(ConstructorResolver.java:791)
	... 56 common frames omitted
Caused by: org.springframework.beans.factory.BeanCreationException: Error creating bean with name 'userRepository' defined in az.company.qwisedemoapp.domain.repository.UserRepository defined in @EnableJpaRepositories declared on JpaRepositoriesRegistrar.EnableJpaRepositoriesConfiguration: Cannot resolve reference to bean 'jpaSharedEM_entityManagerFactory' while setting bean property 'entityManager'
	at org.springframework.beans.factory.support.BeanDefinitionValueResolver.resolveReference(BeanDefinitionValueResolver.java:377)
	at org.springframework.beans.factory.support.BeanDefinitionValueResolver.resolveValueIfNecessary(BeanDefinitionValueResolver.java:135)
	at org.springframework.beans.factory.support.AbstractAutowireCapableBeanFactory.applyPropertyValues(AbstractAutowireCapableBeanFactory.java:1725)
	at org.springframework.beans.factory.support.AbstractAutowireCapableBeanFactory.populateBean(AbstractAutowireCapableBeanFactory.java:1474)
	at org.springframework.beans.factory.support.AbstractAutowireCapableBeanFactory.doCreateBean(AbstractAutowireCapableBeanFactory.java:606)
	at org.springframework.beans.factory.support.AbstractAutowireCapableBeanFactory.createBean(AbstractAutowireCapableBeanFactory.java:529)
	at org.springframework.beans.factory.support.AbstractBeanFactory.lambda$doGetBean$0(AbstractBeanFactory.java:339)
	at org.springframework.beans.factory.support.DefaultSingletonBeanRegistry.getSingleton(DefaultSingletonBeanRegistry.java:373)
	at org.springframework.beans.factory.support.AbstractBeanFactory.doGetBean(AbstractBeanFactory.java:337)
	at org.springframework.beans.factory.support.AbstractBeanFactory.getBean(AbstractBeanFactory.java:202)
	at org.springframework.beans.factory.support.DefaultListableBeanFactory.doResolveDependency(DefaultListableBeanFactory.java:1683)
	at org.springframework.beans.factory.support.DefaultListableBeanFactory.resolveDependency(DefaultListableBeanFactory.java:1628)
	at org.springframework.beans.factory.support.ConstructorResolver.resolveAutowiredArgument(ConstructorResolver.java:913)
	at org.springframework.beans.factory.support.ConstructorResolver.createArgumentArray(ConstructorResolver.java:791)
	... 69 common frames omitted
Caused by: org.springframework.beans.factory.BeanCreationException: Error creating bean with name 'jpaSharedEM_entityManagerFactory': Cannot resolve reference to bean 'entityManagerFactory' while setting constructor argument
	at org.springframework.beans.factory.support.BeanDefinitionValueResolver.resolveReference(BeanDefinitionValueResolver.java:377)
	at org.springframework.beans.factory.support.BeanDefinitionValueResolver.resolveValueIfNecessary(BeanDefinitionValueResolver.java:135)
	at org.springframework.beans.factory.support.ConstructorResolver.resolveConstructorArguments(ConstructorResolver.java:691)
	at org.springframework.beans.factory.support.ConstructorResolver.instantiateUsingFactoryMethod(ConstructorResolver.java:513)
	at org.springframework.beans.factory.support.AbstractAutowireCapableBeanFactory.instantiateUsingFactoryMethod(AbstractAutowireCapableBeanFactory.java:1375)
	at org.springframework.beans.factory.support.AbstractAutowireCapableBeanFactory.createBeanInstance(AbstractAutowireCapableBeanFactory.java:1205)
	at org.springframework.beans.factory.support.AbstractAutowireCapableBeanFactory.doCreateBean(AbstractAutowireCapableBeanFactory.java:569)
	at org.springframework.beans.factory.support.AbstractAutowireCapableBeanFactory.createBean(AbstractAutowireCapableBeanFactory.java:529)
	at org.springframework.beans.factory.support.AbstractBeanFactory.lambda$doGetBean$0(AbstractBeanFactory.java:339)
	at org.springframework.beans.factory.support.DefaultSingletonBeanRegistry.getSingleton(DefaultSingletonBeanRegistry.java:373)
	at org.springframework.beans.factory.support.AbstractBeanFactory.doGetBean(AbstractBeanFactory.java:337)
	at org.springframework.beans.factory.support.AbstractBeanFactory.getBean(AbstractBeanFactory.java:202)
	at org.springframework.beans.factory.support.BeanDefinitionValueResolver.resolveReference(BeanDefinitionValueResolver.java:365)
	... 82 common frames omitted
Caused by: org.springframework.beans.factory.BeanCreationException: Error creating bean with name 'entityManagerFactory' defined in class path resource [org/springframework/boot/autoconfigure/orm/jpa/HibernateJpaConfiguration.class]: [PersistenceUnit: default] Unable to build Hibernate SessionFactory; nested exception is org.hibernate.exception.GenericJDBCException: Unable to open JDBC Connection for DDL execution [FATAL: password authentication failed for user "guest"] [n/a]
	at org.springframework.beans.factory.support.AbstractAutowireCapableBeanFactory.initializeBean(AbstractAutowireCapableBeanFactory.java:1826)
	at org.springframework.beans.factory.support.AbstractAutowireCapableBeanFactory.doCreateBean(AbstractAutowireCapableBeanFactory.java:607)
	at org.springframework.beans.factory.support.AbstractAutowireCapableBeanFactory.createBean(AbstractAutowireCapableBeanFactory.java:529)
	at org.springframework.beans.factory.support.AbstractBeanFactory.lambda$doGetBean$0(AbstractBeanFactory.java:339)
	at org.springframework.beans.factory.support.DefaultSingletonBeanRegistry.getSingleton(DefaultSingletonBeanRegistry.java:373)
	at org.springframework.beans.factory.support.AbstractBeanFactory.doGetBean(AbstractBeanFactory.java:337)
	at org.springframework.beans.factory.support.AbstractBeanFactory.getBean(AbstractBeanFactory.java:202)
	at org.springframework.beans.factory.support.BeanDefinitionValueResolver.resolveReference(BeanDefinitionValueResolver.java:365)
	... 94 common frames omitted
Caused by: jakarta.persistence.PersistenceException: [PersistenceUnit: default] Unable to build Hibernate SessionFactory; nested exception is org.hibernate.exception.GenericJDBCException: Unable to open JDBC Connection for DDL execution [FATAL: password authentication failed for user "guest"] [n/a]
	at org.springframework.orm.jpa.AbstractEntityManagerFactoryBean.buildNativeEntityManagerFactory(AbstractEntityManagerFactoryBean.java:431)
	at org.springframework.orm.jpa.AbstractEntityManagerFactoryBean.afterPropertiesSet(AbstractEntityManagerFactoryBean.java:400)
	at org.springframework.orm.jpa.LocalContainerEntityManagerFactoryBean.afterPropertiesSet(LocalContainerEntityManagerFactoryBean.java:366)
	at org.springframework.beans.factory.support.AbstractAutowireCapableBeanFactory.invokeInitMethods(AbstractAutowireCapableBeanFactory.java:1873)
	at org.springframework.beans.factory.support.AbstractAutowireCapableBeanFactory.initializeBean(AbstractAutowireCapableBeanFactory.java:1822)
	... 101 common frames omitted
Caused by: org.hibernate.exception.GenericJDBCException: Unable to open JDBC Connection for DDL execution [FATAL: password authentication failed for user "guest"] [n/a]
	at org.hibernate.exception.internal.StandardSQLExceptionConverter.convert(StandardSQLExceptionConverter.java:63)
	at org.hibernate.engine.jdbc.spi.SqlExceptionHelper.convert(SqlExceptionHelper.java:108)
	at org.hibernate.engine.jdbc.spi.SqlExceptionHelper.convert(SqlExceptionHelper.java:94)
	at org.hibernate.resource.transaction.backend.jdbc.internal.DdlTransactionIsolatorNonJtaImpl.getIsolatedConnection(DdlTransactionIsolatorNonJtaImpl.java:74)
	at org.hibernate.resource.transaction.backend.jdbc.internal.DdlTransactionIsolatorNonJtaImpl.getIsolatedConnection(DdlTransactionIsolatorNonJtaImpl.java:39)
	at org.hibernate.tool.schema.internal.exec.ImprovedExtractionContextImpl.getJdbcConnection(ImprovedExtractionContextImpl.java:63)
	at org.hibernate.tool.schema.extract.spi.ExtractionContext.getQueryResults(ExtractionContext.java:43)
	at org.hibernate.tool.schema.extract.internal.SequenceInformationExtractorLegacyImpl.extractMetadata(SequenceInformationExtractorLegacyImpl.java:39)
	at org.hibernate.tool.schema.extract.internal.DatabaseInformationImpl.initializeSequences(DatabaseInformationImpl.java:66)
	at org.hibernate.tool.schema.extract.internal.DatabaseInformationImpl.<init>(DatabaseInformationImpl.java:60)
	at org.hibernate.tool.schema.internal.Helper.buildDatabaseInformation(Helper.java:185)
	at org.hibernate.tool.schema.internal.AbstractSchemaMigrator.doMigration(AbstractSchemaMigrator.java:93)
	at org.hibernate.tool.schema.spi.SchemaManagementToolCoordinator.performDatabaseAction(SchemaManagementToolCoordinator.java:280)
	at org.hibernate.tool.schema.spi.SchemaManagementToolCoordinator.lambda$process$5(SchemaManagementToolCoordinator.java:144)
	at java.base/java.util.HashMap.forEach(HashMap.java:1429)
	at org.hibernate.tool.schema.spi.SchemaManagementToolCoordinator.process(SchemaManagementToolCoordinator.java:141)
	at org.hibernate.boot.internal.SessionFactoryObserverForSchemaExport.sessionFactoryCreated(SessionFactoryObserverForSchemaExport.java:37)
	at org.hibernate.internal.SessionFactoryObserverChain.sessionFactoryCreated(SessionFactoryObserverChain.java:35)
	at org.hibernate.internal.SessionFactoryImpl.<init>(SessionFactoryImpl.java:324)
	at org.hibernate.boot.internal.SessionFactoryBuilderImpl.build(SessionFactoryBuilderImpl.java:463)
	at org.hibernate.jpa.boot.internal.EntityManagerFactoryBuilderImpl.build(EntityManagerFactoryBuilderImpl.java:1517)
	at org.springframework.orm.jpa.vendor.SpringHibernateJpaPersistenceProvider.createContainerEntityManagerFactory(SpringHibernateJpaPersistenceProvider.java:66)
	at org.springframework.orm.jpa.LocalContainerEntityManagerFactoryBean.createNativeEntityManagerFactory(LocalContainerEntityManagerFactoryBean.java:390)
	at org.springframework.orm.jpa.AbstractEntityManagerFactoryBean.buildNativeEntityManagerFactory(AbstractEntityManagerFactoryBean.java:419)
	... 105 common frames omitted
Caused by: org.postgresql.util.PSQLException: FATAL: password authentication failed for user "guest"
	at org.postgresql.core.v3.ConnectionFactoryImpl.doAuthentication(ConnectionFactoryImpl.java:777)
	at org.postgresql.core.v3.ConnectionFactoryImpl.tryConnect(ConnectionFactoryImpl.java:234)
	at org.postgresql.core.v3.ConnectionFactoryImpl.openConnectionImpl(ConnectionFactoryImpl.java:289)
	at org.postgresql.core.ConnectionFactory.openConnection(ConnectionFactory.java:57)
	at org.postgresql.jdbc.PgConnection.<init>(PgConnection.java:277)
	at org.postgresql.Driver.makeConnection(Driver.java:448)
	at org.postgresql.Driver.connect(Driver.java:298)
	at com.zaxxer.hikari.util.DriverDataSource.getConnection(DriverDataSource.java:144)
	at com.zaxxer.hikari.pool.PoolBase.newConnection(PoolBase.java:368)
	at com.zaxxer.hikari.pool.PoolBase.newPoolEntry(PoolBase.java:205)
	at com.zaxxer.hikari.pool.HikariPool.createPoolEntry(HikariPool.java:488)
	at com.zaxxer.hikari.pool.HikariPool.checkFailFast(HikariPool.java:576)
	at com.zaxxer.hikari.pool.HikariPool.<init>(HikariPool.java:97)
	at com.zaxxer.hikari.HikariDataSource.getConnection(HikariDataSource.java:111)
	at org.hibernate.engine.jdbc.connections.internal.DatasourceConnectionProviderImpl.getConnection(DatasourceConnectionProviderImpl.java:126)
	at org.hibernate.engine.jdbc.env.internal.JdbcEnvironmentInitiator$ConnectionProviderJdbcConnectionAccess.obtainConnection(JdbcEnvironmentInitiator.java:483)
	at org.hibernate.resource.transaction.backend.jdbc.internal.DdlTransactionIsolatorNonJtaImpl.getIsolatedConnection(DdlTransactionIsolatorNonJtaImpl.java:46)
	... 125 common frames omitted
2025-10-16 12:39:39 [background-preinit] INFO  o.h.validator.internal.util.Version - HV000001: Hibernate Validator 8.0.2.Final
2025-10-16 12:39:39 [main] INFO  a.c.q.QwiseDemoAppApplication - Starting QwiseDemoAppApplication using Java 21.0.2 with PID 16716 (C:\Workspace\Workspace\qwise-app\build\classes\java\main started by ACER in C:\Workspace\Workspace\qwise-app)
2025-10-16 12:39:39 [main] INFO  a.c.q.QwiseDemoAppApplication - No active profile set, falling back to 1 default profile: "default"
2025-10-16 12:39:41 [main] INFO  o.s.d.r.c.RepositoryConfigurationDelegate - Bootstrapping Spring Data JPA repositories in DEFAULT mode.
2025-10-16 12:39:41 [main] INFO  o.s.d.r.c.RepositoryConfigurationDelegate - Finished Spring Data repository scanning in 186 ms. Found 13 JPA repository interfaces.
2025-10-16 12:39:43 [main] INFO  o.s.b.w.e.tomcat.TomcatWebServer - Tomcat initialized with port 7775 (http)
2025-10-16 12:39:43 [main] INFO  o.a.coyote.http11.Http11NioProtocol - Initializing ProtocolHandler ["http-nio-7775"]
2025-10-16 12:39:43 [main] INFO  o.a.catalina.core.StandardService - Starting service [Tomcat]
2025-10-16 12:39:43 [main] INFO  o.a.catalina.core.StandardEngine - Starting Servlet engine: [Apache Tomcat/10.1.43]
2025-10-16 12:39:43 [main] INFO  o.a.c.c.C.[Tomcat].[localhost].[/] - Initializing Spring embedded WebApplicationContext
2025-10-16 12:39:43 [main] INFO  o.s.b.w.s.c.ServletWebServerApplicationContext - Root WebApplicationContext: initialization completed in 3838 ms
2025-10-16 12:39:43 [main] INFO  o.h.jpa.internal.util.LogHelper - HHH000204: Processing PersistenceUnitInfo [name: default]
2025-10-16 12:39:44 [main] INFO  org.hibernate.Version - HHH000412: Hibernate ORM core version 6.6.22.Final
2025-10-16 12:39:44 [main] INFO  o.h.c.i.RegionFactoryInitiator - HHH000026: Second-level cache disabled
2025-10-16 12:39:45 [main] INFO  o.s.o.j.p.SpringPersistenceUnitInfo - No LoadTimeWeaver setup: ignoring JPA class transformer
2025-10-16 12:39:45 [main] INFO  com.zaxxer.hikari.HikariDataSource - HikariPool-1 - Starting...
2025-10-16 12:39:46 [main] WARN  o.h.e.jdbc.spi.SqlExceptionHelper - SQL Error: 0, SQLState: 08001
2025-10-16 12:39:46 [main] ERROR o.h.e.jdbc.spi.SqlExceptionHelper - Connection to localhost:5432 refused. Check that the hostname and port are correct and that the postmaster is accepting TCP/IP connections.
2025-10-16 12:39:46 [main] WARN  o.h.e.j.e.i.JdbcEnvironmentInitiator - HHH000342: Could not obtain connection to query metadata
org.hibernate.exception.JDBCConnectionException: unable to obtain isolated JDBC connection [Connection to localhost:5432 refused. Check that the hostname and port are correct and that the postmaster is accepting TCP/IP connections.] [n/a]
	at org.hibernate.exception.internal.SQLStateConversionDelegate.convert(SQLStateConversionDelegate.java:100)
	at org.hibernate.exception.internal.StandardSQLExceptionConverter.convert(StandardSQLExceptionConverter.java:58)
	at org.hibernate.engine.jdbc.spi.SqlExceptionHelper.convert(SqlExceptionHelper.java:108)
	at org.hibernate.engine.jdbc.spi.SqlExceptionHelper.convert(SqlExceptionHelper.java:94)
	at org.hibernate.resource.transaction.backend.jdbc.internal.JdbcIsolationDelegate.delegateWork(JdbcIsolationDelegate.java:116)
	at org.hibernate.engine.jdbc.env.internal.JdbcEnvironmentInitiator.getJdbcEnvironmentUsingJdbcMetadata(JdbcEnvironmentInitiator.java:336)
	at org.hibernate.engine.jdbc.env.internal.JdbcEnvironmentInitiator.initiateService(JdbcEnvironmentInitiator.java:129)
	at org.hibernate.engine.jdbc.env.internal.JdbcEnvironmentInitiator.initiateService(JdbcEnvironmentInitiator.java:81)
	at org.hibernate.boot.registry.internal.StandardServiceRegistryImpl.initiateService(StandardServiceRegistryImpl.java:130)
	at org.hibernate.service.internal.AbstractServiceRegistryImpl.createService(AbstractServiceRegistryImpl.java:263)
	at org.hibernate.service.internal.AbstractServiceRegistryImpl.initializeService(AbstractServiceRegistryImpl.java:238)
	at org.hibernate.service.internal.AbstractServiceRegistryImpl.getService(AbstractServiceRegistryImpl.java:215)
	at org.hibernate.boot.model.relational.Database.<init>(Database.java:45)
	at org.hibernate.boot.internal.InFlightMetadataCollectorImpl.getDatabase(InFlightMetadataCollectorImpl.java:226)
	at org.hibernate.boot.internal.InFlightMetadataCollectorImpl.<init>(InFlightMetadataCollectorImpl.java:194)
	at org.hibernate.boot.model.process.spi.MetadataBuildingProcess.complete(MetadataBuildingProcess.java:171)
	at org.hibernate.jpa.boot.internal.EntityManagerFactoryBuilderImpl.metadata(EntityManagerFactoryBuilderImpl.java:1442)
	at org.hibernate.jpa.boot.internal.EntityManagerFactoryBuilderImpl.build(EntityManagerFactoryBuilderImpl.java:1513)
	at org.springframework.orm.jpa.vendor.SpringHibernateJpaPersistenceProvider.createContainerEntityManagerFactory(SpringHibernateJpaPersistenceProvider.java:66)
	at org.springframework.orm.jpa.LocalContainerEntityManagerFactoryBean.createNativeEntityManagerFactory(LocalContainerEntityManagerFactoryBean.java:390)
	at org.springframework.orm.jpa.AbstractEntityManagerFactoryBean.buildNativeEntityManagerFactory(AbstractEntityManagerFactoryBean.java:419)
	at org.springframework.orm.jpa.AbstractEntityManagerFactoryBean.afterPropertiesSet(AbstractEntityManagerFactoryBean.java:400)
	at org.springframework.orm.jpa.LocalContainerEntityManagerFactoryBean.afterPropertiesSet(LocalContainerEntityManagerFactoryBean.java:366)
	at org.springframework.beans.factory.support.AbstractAutowireCapableBeanFactory.invokeInitMethods(AbstractAutowireCapableBeanFactory.java:1873)
	at org.springframework.beans.factory.support.AbstractAutowireCapableBeanFactory.initializeBean(AbstractAutowireCapableBeanFactory.java:1822)
	at org.springframework.beans.factory.support.AbstractAutowireCapableBeanFactory.doCreateBean(AbstractAutowireCapableBeanFactory.java:607)
	at org.springframework.beans.factory.support.AbstractAutowireCapableBeanFactory.createBean(AbstractAutowireCapableBeanFactory.java:529)
	at org.springframework.beans.factory.support.AbstractBeanFactory.lambda$doGetBean$0(AbstractBeanFactory.java:339)
	at org.springframework.beans.factory.support.DefaultSingletonBeanRegistry.getSingleton(DefaultSingletonBeanRegistry.java:373)
	at org.springframework.beans.factory.support.AbstractBeanFactory.doGetBean(AbstractBeanFactory.java:337)
	at org.springframework.beans.factory.support.AbstractBeanFactory.getBean(AbstractBeanFactory.java:202)
	at org.springframework.beans.factory.support.BeanDefinitionValueResolver.resolveReference(BeanDefinitionValueResolver.java:365)
	at org.springframework.beans.factory.support.BeanDefinitionValueResolver.resolveValueIfNecessary(BeanDefinitionValueResolver.java:135)
	at org.springframework.beans.factory.support.ConstructorResolver.resolveConstructorArguments(ConstructorResolver.java:691)
	at org.springframework.beans.factory.support.ConstructorResolver.instantiateUsingFactoryMethod(ConstructorResolver.java:513)
	at org.springframework.beans.factory.support.AbstractAutowireCapableBeanFactory.instantiateUsingFactoryMethod(AbstractAutowireCapableBeanFactory.java:1375)
	at org.springframework.beans.factory.support.AbstractAutowireCapableBeanFactory.createBeanInstance(AbstractAutowireCapableBeanFactory.java:1205)
	at org.springframework.beans.factory.support.AbstractAutowireCapableBeanFactory.doCreateBean(AbstractAutowireCapableBeanFactory.java:569)
	at org.springframework.beans.factory.support.AbstractAutowireCapableBeanFactory.createBean(AbstractAutowireCapableBeanFactory.java:529)
	at org.springframework.beans.factory.support.AbstractBeanFactory.lambda$doGetBean$0(AbstractBeanFactory.java:339)
	at org.springframework.beans.factory.support.DefaultSingletonBeanRegistry.getSingleton(DefaultSingletonBeanRegistry.java:373)
	at org.springframework.beans.factory.support.AbstractBeanFactory.doGetBean(AbstractBeanFactory.java:337)
	at org.springframework.beans.factory.support.AbstractBeanFactory.getBean(AbstractBeanFactory.java:202)
	at org.springframework.beans.factory.support.BeanDefinitionValueResolver.resolveReference(BeanDefinitionValueResolver.java:365)
	at org.springframework.beans.factory.support.BeanDefinitionValueResolver.resolveValueIfNecessary(BeanDefinitionValueResolver.java:135)
	at org.springframework.beans.factory.support.AbstractAutowireCapableBeanFactory.applyPropertyValues(AbstractAutowireCapableBeanFactory.java:1725)
	at org.springframework.beans.factory.support.AbstractAutowireCapableBeanFactory.populateBean(AbstractAutowireCapableBeanFactory.java:1474)
	at org.springframework.beans.factory.support.AbstractAutowireCapableBeanFactory.doCreateBean(AbstractAutowireCapableBeanFactory.java:606)
	at org.springframework.beans.factory.support.AbstractAutowireCapableBeanFactory.createBean(AbstractAutowireCapableBeanFactory.java:529)
	at org.springframework.beans.factory.support.AbstractBeanFactory.lambda$doGetBean$0(AbstractBeanFactory.java:339)
	at org.springframework.beans.factory.support.DefaultSingletonBeanRegistry.getSingleton(DefaultSingletonBeanRegistry.java:373)
	at org.springframework.beans.factory.support.AbstractBeanFactory.doGetBean(AbstractBeanFactory.java:337)
	at org.springframework.beans.factory.support.AbstractBeanFactory.getBean(AbstractBeanFactory.java:202)
	at org.springframework.beans.factory.support.DefaultListableBeanFactory.doResolveDependency(DefaultListableBeanFactory.java:1683)
	at org.springframework.beans.factory.support.DefaultListableBeanFactory.resolveDependency(DefaultListableBeanFactory.java:1628)
	at org.springframework.beans.factory.support.ConstructorResolver.resolveAutowiredArgument(ConstructorResolver.java:913)
	at org.springframework.beans.factory.support.ConstructorResolver.createArgumentArray(ConstructorResolver.java:791)
	at org.springframework.beans.factory.support.ConstructorResolver.autowireConstructor(ConstructorResolver.java:240)
	at org.springframework.beans.factory.support.AbstractAutowireCapableBeanFactory.autowireConstructor(AbstractAutowireCapableBeanFactory.java:1395)
	at org.springframework.beans.factory.support.AbstractAutowireCapableBeanFactory.createBeanInstance(AbstractAutowireCapableBeanFactory.java:1232)
	at org.springframework.beans.factory.support.AbstractAutowireCapableBeanFactory.doCreateBean(AbstractAutowireCapableBeanFactory.java:569)
	at org.springframework.beans.factory.support.AbstractAutowireCapableBeanFactory.createBean(AbstractAutowireCapableBeanFactory.java:529)
	at org.springframework.beans.factory.support.AbstractBeanFactory.lambda$doGetBean$0(AbstractBeanFactory.java:339)
	at org.springframework.beans.factory.support.DefaultSingletonBeanRegistry.getSingleton(DefaultSingletonBeanRegistry.java:373)
	at org.springframework.beans.factory.support.AbstractBeanFactory.doGetBean(AbstractBeanFactory.java:337)
	at org.springframework.beans.factory.support.AbstractBeanFactory.getBean(AbstractBeanFactory.java:202)
	at org.springframework.beans.factory.support.DefaultListableBeanFactory.doResolveDependency(DefaultListableBeanFactory.java:1683)
	at org.springframework.beans.factory.support.DefaultListableBeanFactory.resolveDependency(DefaultListableBeanFactory.java:1628)
	at org.springframework.beans.factory.support.ConstructorResolver.resolveAutowiredArgument(ConstructorResolver.java:913)
	at org.springframework.beans.factory.support.ConstructorResolver.createArgumentArray(ConstructorResolver.java:791)
	at org.springframework.beans.factory.support.ConstructorResolver.autowireConstructor(ConstructorResolver.java:240)
	at org.springframework.beans.factory.support.AbstractAutowireCapableBeanFactory.autowireConstructor(AbstractAutowireCapableBeanFactory.java:1395)
	at org.springframework.beans.factory.support.AbstractAutowireCapableBeanFactory.createBeanInstance(AbstractAutowireCapableBeanFactory.java:1232)
	at org.springframework.beans.factory.support.AbstractAutowireCapableBeanFactory.doCreateBean(AbstractAutowireCapableBeanFactory.java:569)
	at org.springframework.beans.factory.support.AbstractAutowireCapableBeanFactory.createBean(AbstractAutowireCapableBeanFactory.java:529)
	at org.springframework.beans.factory.support.AbstractBeanFactory.lambda$doGetBean$0(AbstractBeanFactory.java:339)
	at org.springframework.beans.factory.support.DefaultSingletonBeanRegistry.getSingleton(DefaultSingletonBeanRegistry.java:373)
	at org.springframework.beans.factory.support.AbstractBeanFactory.doGetBean(AbstractBeanFactory.java:337)
	at org.springframework.beans.factory.support.AbstractBeanFactory.getBean(AbstractBeanFactory.java:207)
	at org.springframework.boot.web.servlet.ServletContextInitializerBeans.getOrderedBeansOfType(ServletContextInitializerBeans.java:230)
	at org.springframework.boot.web.servlet.ServletContextInitializerBeans.addAsRegistrationBean(ServletContextInitializerBeans.java:184)
	at org.springframework.boot.web.servlet.ServletContextInitializerBeans.addAsRegistrationBean(ServletContextInitializerBeans.java:179)
	at org.springframework.boot.web.servlet.ServletContextInitializerBeans.addAdaptableBeans(ServletContextInitializerBeans.java:164)
	at org.springframework.boot.web.servlet.ServletContextInitializerBeans.<init>(ServletContextInitializerBeans.java:96)
	at org.springframework.boot.web.servlet.context.ServletWebServerApplicationContext.getServletContextInitializerBeans(ServletWebServerApplicationContext.java:271)
	at org.springframework.boot.web.servlet.context.ServletWebServerApplicationContext.selfInitialize(ServletWebServerApplicationContext.java:245)
	at org.springframework.boot.web.embedded.tomcat.TomcatStarter.onStartup(TomcatStarter.java:52)
	at org.apache.catalina.core.StandardContext.startInternal(StandardContext.java:4464)
	at org.apache.catalina.util.LifecycleBase.start(LifecycleBase.java:164)
	at org.apache.catalina.core.ContainerBase$StartChild.call(ContainerBase.java:1203)
	at org.apache.catalina.core.ContainerBase$StartChild.call(ContainerBase.java:1193)
	at java.base/java.util.concurrent.FutureTask.run$$$capture(FutureTask.java:317)
	at java.base/java.util.concurrent.FutureTask.run(FutureTask.java)
	at org.apache.tomcat.util.threads.InlineExecutorService.execute(InlineExecutorService.java:75)
	at java.base/java.util.concurrent.AbstractExecutorService.submit(AbstractExecutorService.java:145)
	at org.apache.catalina.core.ContainerBase.startInternal(ContainerBase.java:749)
	at org.apache.catalina.core.StandardHost.startInternal(StandardHost.java:772)
	at org.apache.catalina.util.LifecycleBase.start(LifecycleBase.java:164)
	at org.apache.catalina.core.ContainerBase$StartChild.call(ContainerBase.java:1203)
	at org.apache.catalina.core.ContainerBase$StartChild.call(ContainerBase.java:1193)
	at java.base/java.util.concurrent.FutureTask.run$$$capture(FutureTask.java:317)
	at java.base/java.util.concurrent.FutureTask.run(FutureTask.java)
	at org.apache.tomcat.util.threads.InlineExecutorService.execute(InlineExecutorService.java:75)
	at java.base/java.util.concurrent.AbstractExecutorService.submit(AbstractExecutorService.java:145)
	at org.apache.catalina.core.ContainerBase.startInternal(ContainerBase.java:749)
	at org.apache.catalina.core.StandardEngine.startInternal(StandardEngine.java:203)
	at org.apache.catalina.util.LifecycleBase.start(LifecycleBase.java:164)
	at org.apache.catalina.core.StandardService.startInternal(StandardService.java:412)
	at org.apache.catalina.util.LifecycleBase.start(LifecycleBase.java:164)
	at org.apache.catalina.core.StandardServer.startInternal(StandardServer.java:870)
	at org.apache.catalina.util.LifecycleBase.start(LifecycleBase.java:164)
	at org.apache.catalina.startup.Tomcat.start(Tomcat.java:438)
	at org.springframework.boot.web.embedded.tomcat.TomcatWebServer.initialize(TomcatWebServer.java:128)
	at org.springframework.boot.web.embedded.tomcat.TomcatWebServer.<init>(TomcatWebServer.java:107)
	at org.springframework.boot.web.embedded.tomcat.TomcatServletWebServerFactory.getTomcatWebServer(TomcatServletWebServerFactory.java:517)
	at org.springframework.boot.web.embedded.tomcat.TomcatServletWebServerFactory.getWebServer(TomcatServletWebServerFactory.java:219)
	at org.springframework.boot.web.servlet.context.ServletWebServerApplicationContext.createWebServer(ServletWebServerApplicationContext.java:193)
	at org.springframework.boot.web.servlet.context.ServletWebServerApplicationContext.onRefresh(ServletWebServerApplicationContext.java:167)
	at org.springframework.context.support.AbstractApplicationContext.refresh(AbstractApplicationContext.java:621)
	at org.springframework.boot.web.servlet.context.ServletWebServerApplicationContext.refresh(ServletWebServerApplicationContext.java:146)
	at org.springframework.boot.SpringApplication.refresh(SpringApplication.java:752)
	at org.springframework.boot.SpringApplication.refreshContext(SpringApplication.java:439)
	at org.springframework.boot.SpringApplication.run(SpringApplication.java:318)
	at org.springframework.boot.SpringApplication.run(SpringApplication.java:1361)
	at org.springframework.boot.SpringApplication.run(SpringApplication.java:1350)
	at az.company.qwisedemoapp.QwiseDemoAppApplication.main(QwiseDemoAppApplication.java:10)
Caused by: org.postgresql.util.PSQLException: Connection to localhost:5432 refused. Check that the hostname and port are correct and that the postmaster is accepting TCP/IP connections.
	at org.postgresql.core.v3.ConnectionFactoryImpl.openConnectionImpl(ConnectionFactoryImpl.java:373)
	at org.postgresql.core.ConnectionFactory.openConnection(ConnectionFactory.java:57)
	at org.postgresql.jdbc.PgConnection.<init>(PgConnection.java:277)
	at org.postgresql.Driver.makeConnection(Driver.java:448)
	at org.postgresql.Driver.connect(Driver.java:298)
	at com.zaxxer.hikari.util.DriverDataSource.getConnection(DriverDataSource.java:144)
	at com.zaxxer.hikari.pool.PoolBase.newConnection(PoolBase.java:368)
	at com.zaxxer.hikari.pool.PoolBase.newPoolEntry(PoolBase.java:205)
	at com.zaxxer.hikari.pool.HikariPool.createPoolEntry(HikariPool.java:488)
	at com.zaxxer.hikari.pool.HikariPool.checkFailFast(HikariPool.java:576)
	at com.zaxxer.hikari.pool.HikariPool.<init>(HikariPool.java:97)
	at com.zaxxer.hikari.HikariDataSource.getConnection(HikariDataSource.java:111)
	at org.hibernate.engine.jdbc.connections.internal.DatasourceConnectionProviderImpl.getConnection(DatasourceConnectionProviderImpl.java:126)
	at org.hibernate.engine.jdbc.env.internal.JdbcEnvironmentInitiator$ConnectionProviderJdbcConnectionAccess.obtainConnection(JdbcEnvironmentInitiator.java:483)
	at org.hibernate.resource.transaction.backend.jdbc.internal.JdbcIsolationDelegate.delegateWork(JdbcIsolationDelegate.java:61)
	... 121 common frames omitted
Caused by: java.net.ConnectException: Connection refused: getsockopt
	at java.base/sun.nio.ch.Net.pollConnect(Native Method)
	at java.base/sun.nio.ch.Net.pollConnectNow(Net.java:682)
	at java.base/sun.nio.ch.NioSocketImpl.timedFinishConnect(NioSocketImpl.java:542)
	at java.base/sun.nio.ch.NioSocketImpl.connect(NioSocketImpl.java:592)
	at java.base/java.net.SocksSocketImpl.connect(SocksSocketImpl.java:327)
	at java.base/java.net.Socket.connect(Socket.java:751)
	at org.postgresql.core.PGStream.createSocket(PGStream.java:261)
	at org.postgresql.core.PGStream.<init>(PGStream.java:122)
	at org.postgresql.core.v3.ConnectionFactoryImpl.tryConnect(ConnectionFactoryImpl.java:146)
	at org.postgresql.core.v3.ConnectionFactoryImpl.openConnectionImpl(ConnectionFactoryImpl.java:289)
	... 135 common frames omitted
2025-10-16 12:39:46 [main] WARN  org.hibernate.orm.deprecation - HHH90000025: PostgreSQLDialect does not need to be specified explicitly using 'hibernate.dialect' (remove the property setting and it will be selected by default)
2025-10-16 12:39:46 [main] INFO  o.hibernate.orm.connections.pooling - HHH10001005: Database info:
	Database JDBC URL [Connecting through datasource 'HikariDataSource (null)']
	Database driver: undefined/unknown
	Database version: 12.0
	Autocommit mode: undefined/unknown
	Isolation level: undefined/unknown
	Minimum pool size: undefined/unknown
	Maximum pool size: undefined/unknown
2025-10-16 12:39:50 [main] INFO  o.h.e.t.j.p.i.JtaPlatformInitiator - HHH000489: No JTA platform available (set 'hibernate.transaction.jta.platform' to enable JTA platform integration)
2025-10-16 12:39:50 [main] INFO  com.zaxxer.hikari.HikariDataSource - HikariPool-1 - Starting...
2025-10-16 12:39:51 [main] WARN  o.h.e.jdbc.spi.SqlExceptionHelper - SQL Error: 0, SQLState: 08001
2025-10-16 12:39:51 [main] ERROR o.h.e.jdbc.spi.SqlExceptionHelper - Connection to localhost:5432 refused. Check that the hostname and port are correct and that the postmaster is accepting TCP/IP connections.
2025-10-16 12:39:51 [main] ERROR o.s.o.j.LocalContainerEntityManagerFactoryBean - Failed to initialize JPA EntityManagerFactory: [PersistenceUnit: default] Unable to build Hibernate SessionFactory; nested exception is org.hibernate.exception.JDBCConnectionException: Unable to open JDBC Connection for DDL execution [Connection to localhost:5432 refused. Check that the hostname and port are correct and that the postmaster is accepting TCP/IP connections.] [n/a]
2025-10-16 12:39:51 [main] ERROR o.s.b.w.e.tomcat.TomcatStarter - Error starting Tomcat context. Exception: org.springframework.beans.factory.UnsatisfiedDependencyException. Message: Error creating bean with name 'jwtFilter' defined in file [C:\Workspace\Workspace\qwise-app\build\classes\java\main\az\company\qwisedemoapp\filter\JwtFilter.class]: Unsatisfied dependency expressed through constructor parameter 1: Error creating bean with name 'customUserDetailsService' defined in file [C:\Workspace\Workspace\qwise-app\build\classes\java\main\az\company\qwisedemoapp\service\auth\CustomUserDetailsService.class]: Unsatisfied dependency expressed through constructor parameter 0: Error creating bean with name 'userRepository' defined in az.company.qwisedemoapp.domain.repository.UserRepository defined in @EnableJpaRepositories declared on JpaRepositoriesRegistrar.EnableJpaRepositoriesConfiguration: Cannot resolve reference to bean 'jpaSharedEM_entityManagerFactory' while setting bean property 'entityManager'
2025-10-16 12:39:51 [main] INFO  o.a.catalina.core.StandardService - Stopping service [Tomcat]
2025-10-16 12:39:51 [main] WARN  o.s.b.w.s.c.AnnotationConfigServletWebServerApplicationContext - Exception encountered during context initialization - cancelling refresh attempt: org.springframework.context.ApplicationContextException: Unable to start web server
2025-10-16 12:39:51 [main] INFO  o.s.b.a.l.ConditionEvaluationReportLogger - 

Error starting ApplicationContext. To display the condition evaluation report re-run your application with 'debug' enabled.
2025-10-16 12:39:51 [main] ERROR o.s.boot.SpringApplication - Application run failed
org.springframework.context.ApplicationContextException: Unable to start web server
	at org.springframework.boot.web.servlet.context.ServletWebServerApplicationContext.onRefresh(ServletWebServerApplicationContext.java:170)
	at org.springframework.context.support.AbstractApplicationContext.refresh(AbstractApplicationContext.java:621)
	at org.springframework.boot.web.servlet.context.ServletWebServerApplicationContext.refresh(ServletWebServerApplicationContext.java:146)
	at org.springframework.boot.SpringApplication.refresh(SpringApplication.java:752)
	at org.springframework.boot.SpringApplication.refreshContext(SpringApplication.java:439)
	at org.springframework.boot.SpringApplication.run(SpringApplication.java:318)
	at org.springframework.boot.SpringApplication.run(SpringApplication.java:1361)
	at org.springframework.boot.SpringApplication.run(SpringApplication.java:1350)
	at az.company.qwisedemoapp.QwiseDemoAppApplication.main(QwiseDemoAppApplication.java:10)
Caused by: org.springframework.boot.web.server.WebServerException: Unable to start embedded Tomcat
	at org.springframework.boot.web.embedded.tomcat.TomcatWebServer.initialize(TomcatWebServer.java:147)
	at org.springframework.boot.web.embedded.tomcat.TomcatWebServer.<init>(TomcatWebServer.java:107)
	at org.springframework.boot.web.embedded.tomcat.TomcatServletWebServerFactory.getTomcatWebServer(TomcatServletWebServerFactory.java:517)
	at org.springframework.boot.web.embedded.tomcat.TomcatServletWebServerFactory.getWebServer(TomcatServletWebServerFactory.java:219)
	at org.springframework.boot.web.servlet.context.ServletWebServerApplicationContext.createWebServer(ServletWebServerApplicationContext.java:193)
	at org.springframework.boot.web.servlet.context.ServletWebServerApplicationContext.onRefresh(ServletWebServerApplicationContext.java:167)
	... 8 common frames omitted
Caused by: org.springframework.beans.factory.UnsatisfiedDependencyException: Error creating bean with name 'jwtFilter' defined in file [C:\Workspace\Workspace\qwise-app\build\classes\java\main\az\company\qwisedemoapp\filter\JwtFilter.class]: Unsatisfied dependency expressed through constructor parameter 1: Error creating bean with name 'customUserDetailsService' defined in file [C:\Workspace\Workspace\qwise-app\build\classes\java\main\az\company\qwisedemoapp\service\auth\CustomUserDetailsService.class]: Unsatisfied dependency expressed through constructor parameter 0: Error creating bean with name 'userRepository' defined in az.company.qwisedemoapp.domain.repository.UserRepository defined in @EnableJpaRepositories declared on JpaRepositoriesRegistrar.EnableJpaRepositoriesConfiguration: Cannot resolve reference to bean 'jpaSharedEM_entityManagerFactory' while setting bean property 'entityManager'
	at org.springframework.beans.factory.support.ConstructorResolver.createArgumentArray(ConstructorResolver.java:804)
	at org.springframework.beans.factory.support.ConstructorResolver.autowireConstructor(ConstructorResolver.java:240)
	at org.springframework.beans.factory.support.AbstractAutowireCapableBeanFactory.autowireConstructor(AbstractAutowireCapableBeanFactory.java:1395)
	at org.springframework.beans.factory.support.AbstractAutowireCapableBeanFactory.createBeanInstance(AbstractAutowireCapableBeanFactory.java:1232)
	at org.springframework.beans.factory.support.AbstractAutowireCapableBeanFactory.doCreateBean(AbstractAutowireCapableBeanFactory.java:569)
	at org.springframework.beans.factory.support.AbstractAutowireCapableBeanFactory.createBean(AbstractAutowireCapableBeanFactory.java:529)
	at org.springframework.beans.factory.support.AbstractBeanFactory.lambda$doGetBean$0(AbstractBeanFactory.java:339)
	at org.springframework.beans.factory.support.DefaultSingletonBeanRegistry.getSingleton(DefaultSingletonBeanRegistry.java:373)
	at org.springframework.beans.factory.support.AbstractBeanFactory.doGetBean(AbstractBeanFactory.java:337)
	at org.springframework.beans.factory.support.AbstractBeanFactory.getBean(AbstractBeanFactory.java:207)
	at org.springframework.boot.web.servlet.ServletContextInitializerBeans.getOrderedBeansOfType(ServletContextInitializerBeans.java:230)
	at org.springframework.boot.web.servlet.ServletContextInitializerBeans.addAsRegistrationBean(ServletContextInitializerBeans.java:184)
	at org.springframework.boot.web.servlet.ServletContextInitializerBeans.addAsRegistrationBean(ServletContextInitializerBeans.java:179)
	at org.springframework.boot.web.servlet.ServletContextInitializerBeans.addAdaptableBeans(ServletContextInitializerBeans.java:164)
	at org.springframework.boot.web.servlet.ServletContextInitializerBeans.<init>(ServletContextInitializerBeans.java:96)
	at org.springframework.boot.web.servlet.context.ServletWebServerApplicationContext.getServletContextInitializerBeans(ServletWebServerApplicationContext.java:271)
	at org.springframework.boot.web.servlet.context.ServletWebServerApplicationContext.selfInitialize(ServletWebServerApplicationContext.java:245)
	at org.springframework.boot.web.embedded.tomcat.TomcatStarter.onStartup(TomcatStarter.java:52)
	at org.apache.catalina.core.StandardContext.startInternal(StandardContext.java:4464)
	at org.apache.catalina.util.LifecycleBase.start(LifecycleBase.java:164)
	at org.apache.catalina.core.ContainerBase$StartChild.call(ContainerBase.java:1203)
	at org.apache.catalina.core.ContainerBase$StartChild.call(ContainerBase.java:1193)
	at java.base/java.util.concurrent.FutureTask.run$$$capture(FutureTask.java:317)
	at java.base/java.util.concurrent.FutureTask.run(FutureTask.java)
	at org.apache.tomcat.util.threads.InlineExecutorService.execute(InlineExecutorService.java:75)
	at java.base/java.util.concurrent.AbstractExecutorService.submit(AbstractExecutorService.java:145)
	at org.apache.catalina.core.ContainerBase.startInternal(ContainerBase.java:749)
	at org.apache.catalina.core.StandardHost.startInternal(StandardHost.java:772)
	at org.apache.catalina.util.LifecycleBase.start(LifecycleBase.java:164)
	at org.apache.catalina.core.ContainerBase$StartChild.call(ContainerBase.java:1203)
	at org.apache.catalina.core.ContainerBase$StartChild.call(ContainerBase.java:1193)
	at java.base/java.util.concurrent.FutureTask.run$$$capture(FutureTask.java:317)
	at java.base/java.util.concurrent.FutureTask.run(FutureTask.java)
	at org.apache.tomcat.util.threads.InlineExecutorService.execute(InlineExecutorService.java:75)
	at java.base/java.util.concurrent.AbstractExecutorService.submit(AbstractExecutorService.java:145)
	at org.apache.catalina.core.ContainerBase.startInternal(ContainerBase.java:749)
	at org.apache.catalina.core.StandardEngine.startInternal(StandardEngine.java:203)
	at org.apache.catalina.util.LifecycleBase.start(LifecycleBase.java:164)
	at org.apache.catalina.core.StandardService.startInternal(StandardService.java:412)
	at org.apache.catalina.util.LifecycleBase.start(LifecycleBase.java:164)
	at org.apache.catalina.core.StandardServer.startInternal(StandardServer.java:870)
	at org.apache.catalina.util.LifecycleBase.start(LifecycleBase.java:164)
	at org.apache.catalina.startup.Tomcat.start(Tomcat.java:438)
	at org.springframework.boot.web.embedded.tomcat.TomcatWebServer.initialize(TomcatWebServer.java:128)
	... 13 common frames omitted
Caused by: org.springframework.beans.factory.UnsatisfiedDependencyException: Error creating bean with name 'customUserDetailsService' defined in file [C:\Workspace\Workspace\qwise-app\build\classes\java\main\az\company\qwisedemoapp\service\auth\CustomUserDetailsService.class]: Unsatisfied dependency expressed through constructor parameter 0: Error creating bean with name 'userRepository' defined in az.company.qwisedemoapp.domain.repository.UserRepository defined in @EnableJpaRepositories declared on JpaRepositoriesRegistrar.EnableJpaRepositoriesConfiguration: Cannot resolve reference to bean 'jpaSharedEM_entityManagerFactory' while setting bean property 'entityManager'
	at org.springframework.beans.factory.support.ConstructorResolver.createArgumentArray(ConstructorResolver.java:804)
	at org.springframework.beans.factory.support.ConstructorResolver.autowireConstructor(ConstructorResolver.java:240)
	at org.springframework.beans.factory.support.AbstractAutowireCapableBeanFactory.autowireConstructor(AbstractAutowireCapableBeanFactory.java:1395)
	at org.springframework.beans.factory.support.AbstractAutowireCapableBeanFactory.createBeanInstance(AbstractAutowireCapableBeanFactory.java:1232)
	at org.springframework.beans.factory.support.AbstractAutowireCapableBeanFactory.doCreateBean(AbstractAutowireCapableBeanFactory.java:569)
	at org.springframework.beans.factory.support.AbstractAutowireCapableBeanFactory.createBean(AbstractAutowireCapableBeanFactory.java:529)
	at org.springframework.beans.factory.support.AbstractBeanFactory.lambda$doGetBean$0(AbstractBeanFactory.java:339)
	at org.springframework.beans.factory.support.DefaultSingletonBeanRegistry.getSingleton(DefaultSingletonBeanRegistry.java:373)
	at org.springframework.beans.factory.support.AbstractBeanFactory.doGetBean(AbstractBeanFactory.java:337)
	at org.springframework.beans.factory.support.AbstractBeanFactory.getBean(AbstractBeanFactory.java:202)
	at org.springframework.beans.factory.support.DefaultListableBeanFactory.doResolveDependency(DefaultListableBeanFactory.java:1683)
	at org.springframework.beans.factory.support.DefaultListableBeanFactory.resolveDependency(DefaultListableBeanFactory.java:1628)
	at org.springframework.beans.factory.support.ConstructorResolver.resolveAutowiredArgument(ConstructorResolver.java:913)
	at org.springframework.beans.factory.support.ConstructorResolver.createArgumentArray(ConstructorResolver.java:791)
	... 56 common frames omitted
Caused by: org.springframework.beans.factory.BeanCreationException: Error creating bean with name 'userRepository' defined in az.company.qwisedemoapp.domain.repository.UserRepository defined in @EnableJpaRepositories declared on JpaRepositoriesRegistrar.EnableJpaRepositoriesConfiguration: Cannot resolve reference to bean 'jpaSharedEM_entityManagerFactory' while setting bean property 'entityManager'
	at org.springframework.beans.factory.support.BeanDefinitionValueResolver.resolveReference(BeanDefinitionValueResolver.java:377)
	at org.springframework.beans.factory.support.BeanDefinitionValueResolver.resolveValueIfNecessary(BeanDefinitionValueResolver.java:135)
	at org.springframework.beans.factory.support.AbstractAutowireCapableBeanFactory.applyPropertyValues(AbstractAutowireCapableBeanFactory.java:1725)
	at org.springframework.beans.factory.support.AbstractAutowireCapableBeanFactory.populateBean(AbstractAutowireCapableBeanFactory.java:1474)
	at org.springframework.beans.factory.support.AbstractAutowireCapableBeanFactory.doCreateBean(AbstractAutowireCapableBeanFactory.java:606)
	at org.springframework.beans.factory.support.AbstractAutowireCapableBeanFactory.createBean(AbstractAutowireCapableBeanFactory.java:529)
	at org.springframework.beans.factory.support.AbstractBeanFactory.lambda$doGetBean$0(AbstractBeanFactory.java:339)
	at org.springframework.beans.factory.support.DefaultSingletonBeanRegistry.getSingleton(DefaultSingletonBeanRegistry.java:373)
	at org.springframework.beans.factory.support.AbstractBeanFactory.doGetBean(AbstractBeanFactory.java:337)
	at org.springframework.beans.factory.support.AbstractBeanFactory.getBean(AbstractBeanFactory.java:202)
	at org.springframework.beans.factory.support.DefaultListableBeanFactory.doResolveDependency(DefaultListableBeanFactory.java:1683)
	at org.springframework.beans.factory.support.DefaultListableBeanFactory.resolveDependency(DefaultListableBeanFactory.java:1628)
	at org.springframework.beans.factory.support.ConstructorResolver.resolveAutowiredArgument(ConstructorResolver.java:913)
	at org.springframework.beans.factory.support.ConstructorResolver.createArgumentArray(ConstructorResolver.java:791)
	... 69 common frames omitted
Caused by: org.springframework.beans.factory.BeanCreationException: Error creating bean with name 'jpaSharedEM_entityManagerFactory': Cannot resolve reference to bean 'entityManagerFactory' while setting constructor argument
	at org.springframework.beans.factory.support.BeanDefinitionValueResolver.resolveReference(BeanDefinitionValueResolver.java:377)
	at org.springframework.beans.factory.support.BeanDefinitionValueResolver.resolveValueIfNecessary(BeanDefinitionValueResolver.java:135)
	at org.springframework.beans.factory.support.ConstructorResolver.resolveConstructorArguments(ConstructorResolver.java:691)
	at org.springframework.beans.factory.support.ConstructorResolver.instantiateUsingFactoryMethod(ConstructorResolver.java:513)
	at org.springframework.beans.factory.support.AbstractAutowireCapableBeanFactory.instantiateUsingFactoryMethod(AbstractAutowireCapableBeanFactory.java:1375)
	at org.springframework.beans.factory.support.AbstractAutowireCapableBeanFactory.createBeanInstance(AbstractAutowireCapableBeanFactory.java:1205)
	at org.springframework.beans.factory.support.AbstractAutowireCapableBeanFactory.doCreateBean(AbstractAutowireCapableBeanFactory.java:569)
	at org.springframework.beans.factory.support.AbstractAutowireCapableBeanFactory.createBean(AbstractAutowireCapableBeanFactory.java:529)
	at org.springframework.beans.factory.support.AbstractBeanFactory.lambda$doGetBean$0(AbstractBeanFactory.java:339)
	at org.springframework.beans.factory.support.DefaultSingletonBeanRegistry.getSingleton(DefaultSingletonBeanRegistry.java:373)
	at org.springframework.beans.factory.support.AbstractBeanFactory.doGetBean(AbstractBeanFactory.java:337)
	at org.springframework.beans.factory.support.AbstractBeanFactory.getBean(AbstractBeanFactory.java:202)
	at org.springframework.beans.factory.support.BeanDefinitionValueResolver.resolveReference(BeanDefinitionValueResolver.java:365)
	... 82 common frames omitted
Caused by: org.springframework.beans.factory.BeanCreationException: Error creating bean with name 'entityManagerFactory' defined in class path resource [org/springframework/boot/autoconfigure/orm/jpa/HibernateJpaConfiguration.class]: [PersistenceUnit: default] Unable to build Hibernate SessionFactory; nested exception is org.hibernate.exception.JDBCConnectionException: Unable to open JDBC Connection for DDL execution [Connection to localhost:5432 refused. Check that the hostname and port are correct and that the postmaster is accepting TCP/IP connections.] [n/a]
	at org.springframework.beans.factory.support.AbstractAutowireCapableBeanFactory.initializeBean(AbstractAutowireCapableBeanFactory.java:1826)
	at org.springframework.beans.factory.support.AbstractAutowireCapableBeanFactory.doCreateBean(AbstractAutowireCapableBeanFactory.java:607)
	at org.springframework.beans.factory.support.AbstractAutowireCapableBeanFactory.createBean(AbstractAutowireCapableBeanFactory.java:529)
	at org.springframework.beans.factory.support.AbstractBeanFactory.lambda$doGetBean$0(AbstractBeanFactory.java:339)
	at org.springframework.beans.factory.support.DefaultSingletonBeanRegistry.getSingleton(DefaultSingletonBeanRegistry.java:373)
	at org.springframework.beans.factory.support.AbstractBeanFactory.doGetBean(AbstractBeanFactory.java:337)
	at org.springframework.beans.factory.support.AbstractBeanFactory.getBean(AbstractBeanFactory.java:202)
	at org.springframework.beans.factory.support.BeanDefinitionValueResolver.resolveReference(BeanDefinitionValueResolver.java:365)
	... 94 common frames omitted
Caused by: jakarta.persistence.PersistenceException: [PersistenceUnit: default] Unable to build Hibernate SessionFactory; nested exception is org.hibernate.exception.JDBCConnectionException: Unable to open JDBC Connection for DDL execution [Connection to localhost:5432 refused. Check that the hostname and port are correct and that the postmaster is accepting TCP/IP connections.] [n/a]
	at org.springframework.orm.jpa.AbstractEntityManagerFactoryBean.buildNativeEntityManagerFactory(AbstractEntityManagerFactoryBean.java:431)
	at org.springframework.orm.jpa.AbstractEntityManagerFactoryBean.afterPropertiesSet(AbstractEntityManagerFactoryBean.java:400)
	at org.springframework.orm.jpa.LocalContainerEntityManagerFactoryBean.afterPropertiesSet(LocalContainerEntityManagerFactoryBean.java:366)
	at org.springframework.beans.factory.support.AbstractAutowireCapableBeanFactory.invokeInitMethods(AbstractAutowireCapableBeanFactory.java:1873)
	at org.springframework.beans.factory.support.AbstractAutowireCapableBeanFactory.initializeBean(AbstractAutowireCapableBeanFactory.java:1822)
	... 101 common frames omitted
Caused by: org.hibernate.exception.JDBCConnectionException: Unable to open JDBC Connection for DDL execution [Connection to localhost:5432 refused. Check that the hostname and port are correct and that the postmaster is accepting TCP/IP connections.] [n/a]
	at org.hibernate.exception.internal.SQLStateConversionDelegate.convert(SQLStateConversionDelegate.java:100)
	at org.hibernate.exception.internal.StandardSQLExceptionConverter.convert(StandardSQLExceptionConverter.java:58)
	at org.hibernate.engine.jdbc.spi.SqlExceptionHelper.convert(SqlExceptionHelper.java:108)
	at org.hibernate.engine.jdbc.spi.SqlExceptionHelper.convert(SqlExceptionHelper.java:94)
	at org.hibernate.resource.transaction.backend.jdbc.internal.DdlTransactionIsolatorNonJtaImpl.getIsolatedConnection(DdlTransactionIsolatorNonJtaImpl.java:74)
	at org.hibernate.resource.transaction.backend.jdbc.internal.DdlTransactionIsolatorNonJtaImpl.getIsolatedConnection(DdlTransactionIsolatorNonJtaImpl.java:39)
	at org.hibernate.tool.schema.internal.exec.ImprovedExtractionContextImpl.getJdbcConnection(ImprovedExtractionContextImpl.java:63)
	at org.hibernate.tool.schema.extract.spi.ExtractionContext.getQueryResults(ExtractionContext.java:43)
	at org.hibernate.tool.schema.extract.internal.SequenceInformationExtractorLegacyImpl.extractMetadata(SequenceInformationExtractorLegacyImpl.java:39)
	at org.hibernate.tool.schema.extract.internal.DatabaseInformationImpl.initializeSequences(DatabaseInformationImpl.java:66)
	at org.hibernate.tool.schema.extract.internal.DatabaseInformationImpl.<init>(DatabaseInformationImpl.java:60)
	at org.hibernate.tool.schema.internal.Helper.buildDatabaseInformation(Helper.java:185)
	at org.hibernate.tool.schema.internal.AbstractSchemaMigrator.doMigration(AbstractSchemaMigrator.java:93)
	at org.hibernate.tool.schema.spi.SchemaManagementToolCoordinator.performDatabaseAction(SchemaManagementToolCoordinator.java:280)
	at org.hibernate.tool.schema.spi.SchemaManagementToolCoordinator.lambda$process$5(SchemaManagementToolCoordinator.java:144)
	at java.base/java.util.HashMap.forEach(HashMap.java:1429)
	at org.hibernate.tool.schema.spi.SchemaManagementToolCoordinator.process(SchemaManagementToolCoordinator.java:141)
	at org.hibernate.boot.internal.SessionFactoryObserverForSchemaExport.sessionFactoryCreated(SessionFactoryObserverForSchemaExport.java:37)
	at org.hibernate.internal.SessionFactoryObserverChain.sessionFactoryCreated(SessionFactoryObserverChain.java:35)
	at org.hibernate.internal.SessionFactoryImpl.<init>(SessionFactoryImpl.java:324)
	at org.hibernate.boot.internal.SessionFactoryBuilderImpl.build(SessionFactoryBuilderImpl.java:463)
	at org.hibernate.jpa.boot.internal.EntityManagerFactoryBuilderImpl.build(EntityManagerFactoryBuilderImpl.java:1517)
	at org.springframework.orm.jpa.vendor.SpringHibernateJpaPersistenceProvider.createContainerEntityManagerFactory(SpringHibernateJpaPersistenceProvider.java:66)
	at org.springframework.orm.jpa.LocalContainerEntityManagerFactoryBean.createNativeEntityManagerFactory(LocalContainerEntityManagerFactoryBean.java:390)
	at org.springframework.orm.jpa.AbstractEntityManagerFactoryBean.buildNativeEntityManagerFactory(AbstractEntityManagerFactoryBean.java:419)
	... 105 common frames omitted
Caused by: org.postgresql.util.PSQLException: Connection to localhost:5432 refused. Check that the hostname and port are correct and that the postmaster is accepting TCP/IP connections.
	at org.postgresql.core.v3.ConnectionFactoryImpl.openConnectionImpl(ConnectionFactoryImpl.java:373)
	at org.postgresql.core.ConnectionFactory.openConnection(ConnectionFactory.java:57)
	at org.postgresql.jdbc.PgConnection.<init>(PgConnection.java:277)
	at org.postgresql.Driver.makeConnection(Driver.java:448)
	at org.postgresql.Driver.connect(Driver.java:298)
	at com.zaxxer.hikari.util.DriverDataSource.getConnection(DriverDataSource.java:144)
	at com.zaxxer.hikari.pool.PoolBase.newConnection(PoolBase.java:368)
	at com.zaxxer.hikari.pool.PoolBase.newPoolEntry(PoolBase.java:205)
	at com.zaxxer.hikari.pool.HikariPool.createPoolEntry(HikariPool.java:488)
	at com.zaxxer.hikari.pool.HikariPool.checkFailFast(HikariPool.java:576)
	at com.zaxxer.hikari.pool.HikariPool.<init>(HikariPool.java:97)
	at com.zaxxer.hikari.HikariDataSource.getConnection(HikariDataSource.java:111)
	at org.hibernate.engine.jdbc.connections.internal.DatasourceConnectionProviderImpl.getConnection(DatasourceConnectionProviderImpl.java:126)
	at org.hibernate.engine.jdbc.env.internal.JdbcEnvironmentInitiator$ConnectionProviderJdbcConnectionAccess.obtainConnection(JdbcEnvironmentInitiator.java:483)
	at org.hibernate.resource.transaction.backend.jdbc.internal.DdlTransactionIsolatorNonJtaImpl.getIsolatedConnection(DdlTransactionIsolatorNonJtaImpl.java:46)
	... 125 common frames omitted
Caused by: java.net.ConnectException: Connection refused: getsockopt
	at java.base/sun.nio.ch.Net.pollConnect(Native Method)
	at java.base/sun.nio.ch.Net.pollConnectNow(Net.java:682)
	at java.base/sun.nio.ch.NioSocketImpl.timedFinishConnect(NioSocketImpl.java:542)
	at java.base/sun.nio.ch.NioSocketImpl.connect(NioSocketImpl.java:592)
	at java.base/java.net.SocksSocketImpl.connect(SocksSocketImpl.java:327)
	at java.base/java.net.Socket.connect(Socket.java:751)
	at org.postgresql.core.PGStream.createSocket(PGStream.java:261)
	at org.postgresql.core.PGStream.<init>(PGStream.java:122)
	at org.postgresql.core.v3.ConnectionFactoryImpl.tryConnect(ConnectionFactoryImpl.java:146)
	at org.postgresql.core.v3.ConnectionFactoryImpl.openConnectionImpl(ConnectionFactoryImpl.java:289)
	... 139 common frames omitted
2025-10-16 12:41:12 [background-preinit] INFO  o.h.validator.internal.util.Version - HV000001: Hibernate Validator 8.0.2.Final
2025-10-16 12:41:12 [main] INFO  a.c.q.QwiseDemoAppApplication - Starting QwiseDemoAppApplication using Java 21.0.2 with PID 11056 (C:\Workspace\Workspace\qwise-app\build\classes\java\main started by ACER in C:\Workspace\Workspace\qwise-app)
2025-10-16 12:41:12 [main] INFO  a.c.q.QwiseDemoAppApplication - No active profile set, falling back to 1 default profile: "default"
2025-10-16 12:41:14 [main] INFO  o.s.d.r.c.RepositoryConfigurationDelegate - Bootstrapping Spring Data JPA repositories in DEFAULT mode.
2025-10-16 12:41:14 [main] INFO  o.s.d.r.c.RepositoryConfigurationDelegate - Finished Spring Data repository scanning in 178 ms. Found 13 JPA repository interfaces.
2025-10-16 12:41:15 [main] INFO  o.s.b.w.e.tomcat.TomcatWebServer - Tomcat initialized with port 7775 (http)
2025-10-16 12:41:15 [main] INFO  o.a.coyote.http11.Http11NioProtocol - Initializing ProtocolHandler ["http-nio-7775"]
2025-10-16 12:41:15 [main] INFO  o.a.catalina.core.StandardService - Starting service [Tomcat]
2025-10-16 12:41:15 [main] INFO  o.a.catalina.core.StandardEngine - Starting Servlet engine: [Apache Tomcat/10.1.43]
2025-10-16 12:41:15 [main] INFO  o.a.c.c.C.[Tomcat].[localhost].[/] - Initializing Spring embedded WebApplicationContext
2025-10-16 12:41:15 [main] INFO  o.s.b.w.s.c.ServletWebServerApplicationContext - Root WebApplicationContext: initialization completed in 3551 ms
2025-10-16 12:41:16 [main] INFO  o.h.jpa.internal.util.LogHelper - HHH000204: Processing PersistenceUnitInfo [name: default]
2025-10-16 12:41:16 [main] INFO  org.hibernate.Version - HHH000412: Hibernate ORM core version 6.6.22.Final
2025-10-16 12:41:16 [main] INFO  o.h.c.i.RegionFactoryInitiator - HHH000026: Second-level cache disabled
2025-10-16 12:41:17 [main] INFO  o.s.o.j.p.SpringPersistenceUnitInfo - No LoadTimeWeaver setup: ignoring JPA class transformer
2025-10-16 12:41:17 [main] INFO  com.zaxxer.hikari.HikariDataSource - HikariPool-1 - Starting...
2025-10-16 12:41:18 [main] INFO  com.zaxxer.hikari.pool.HikariPool - HikariPool-1 - Added connection org.postgresql.jdbc.PgConnection@c7443f
2025-10-16 12:41:18 [main] INFO  com.zaxxer.hikari.HikariDataSource - HikariPool-1 - Start completed.
2025-10-16 12:41:18 [main] WARN  org.hibernate.orm.deprecation - HHH90000025: PostgreSQLDialect does not need to be specified explicitly using 'hibernate.dialect' (remove the property setting and it will be selected by default)
2025-10-16 12:41:18 [main] INFO  o.hibernate.orm.connections.pooling - HHH10001005: Database info:
	Database JDBC URL [Connecting through datasource 'HikariDataSource (HikariPool-1)']
	Database driver: undefined/unknown
	Database version: 18.0
	Autocommit mode: undefined/unknown
	Isolation level: undefined/unknown
	Minimum pool size: undefined/unknown
	Maximum pool size: undefined/unknown
2025-10-16 12:41:23 [main] INFO  o.h.e.t.j.p.i.JtaPlatformInitiator - HHH000489: No JTA platform available (set 'hibernate.transaction.jta.platform' to enable JTA platform integration)
2025-10-16 12:41:23 [main] WARN  o.h.e.jdbc.spi.SqlExceptionHelper - SQL Warning Code: 0, SQLState: 00000
2025-10-16 12:41:23 [main] WARN  o.h.e.jdbc.spi.SqlExceptionHelper - constraint "uk71lqwbwtklmljk3qlsugr1mig" of relation "password_reset_tokens" does not exist, skipping
2025-10-16 12:41:23 [main] WARN  o.h.e.jdbc.spi.SqlExceptionHelper - SQL Warning Code: 0, SQLState: 00000
2025-10-16 12:41:23 [main] WARN  o.h.e.jdbc.spi.SqlExceptionHelper - constraint "uk6dotkott2kjsp8vw4d0m25fb7" of relation "users" does not exist, skipping
2025-10-16 12:41:23 [main] INFO  o.s.o.j.LocalContainerEntityManagerFactoryBean - Initialized JPA EntityManagerFactory for persistence unit 'default'
2025-10-16 12:41:25 [main] INFO  o.s.d.j.r.query.QueryEnhancerFactory - Hibernate is in classpath; If applicable, HQL parser will be used.
2025-10-16 12:41:26 [main] INFO  o.s.s.c.a.a.c.InitializeAuthenticationProviderBeanManagerConfigurer$InitializeAuthenticationProviderManagerConfigurer - Global AuthenticationManager configured with AuthenticationProvider bean with name customAuthenticationProvider
2025-10-16 12:41:26 [main] WARN  o.s.s.c.a.a.c.InitializeUserDetailsBeanManagerConfigurer$InitializeUserDetailsManagerConfigurer - Global AuthenticationManager configured with an AuthenticationProvider bean. UserDetailsService beans will not be used by Spring Security for automatically configuring username/password login. Consider removing the AuthenticationProvider bean. Alternatively, consider using the UserDetailsService in a manually instantiated DaoAuthenticationProvider. If the current configuration is intentional, to turn off this warning, increase the logging level of 'org.springframework.security.config.annotation.authentication.configuration.InitializeUserDetailsBeanManagerConfigurer' to ERROR
2025-10-16 12:41:27 [main] WARN  o.s.b.a.o.j.JpaBaseConfiguration$JpaWebConfiguration - spring.jpa.open-in-view is enabled by default. Therefore, database queries may be performed during view rendering. Explicitly configure spring.jpa.open-in-view to disable this warning
2025-10-16 12:41:28 [main] INFO  o.s.b.a.e.web.EndpointLinksResolver - Exposing 1 endpoint beneath base path '/actuator'
2025-10-16 12:41:30 [main] INFO  o.a.coyote.http11.Http11NioProtocol - Starting ProtocolHandler ["http-nio-7775"]
2025-10-16 12:41:30 [main] INFO  o.s.b.w.e.tomcat.TomcatWebServer - Tomcat started on port 7775 (http) with context path '/'
2025-10-16 12:41:30 [main] INFO  a.c.q.QwiseDemoAppApplication - Started QwiseDemoAppApplication in 19.3 seconds (process running for 21.051)
2025-10-16 12:41:55 [http-nio-7775-exec-1] INFO  o.a.c.c.C.[Tomcat].[localhost].[/] - Initializing Spring DispatcherServlet 'dispatcherServlet'
2025-10-16 12:41:55 [http-nio-7775-exec-1] INFO  o.s.web.servlet.DispatcherServlet - Initializing Servlet 'dispatcherServlet'
2025-10-16 12:41:55 [http-nio-7775-exec-1] INFO  o.s.web.servlet.DispatcherServlet - Completed initialization in 3 ms
2025-10-16 12:42:37 [HikariPool-1:housekeeper] WARN  com.zaxxer.hikari.pool.HikariPool - HikariPool-1 - Thread starvation or clock leap detected (housekeeper delta=48s969ms402µs).
2025-10-16 12:42:53 [http-nio-7775-exec-1] INFO  a.c.qwisedemoapp.filter.JwtFilter - Authorization header not found
2025-10-16 12:42:58 [http-nio-7775-exec-1] INFO  a.c.qwisedemoapp.filter.JwtFilter - Invalid token
2025-10-16 12:42:59 [http-nio-7775-exec-1] INFO  a.c.qwisedemoapp.filter.JwtFilter - Auth header: null
2025-10-16 12:43:00 [http-nio-7775-exec-1] INFO  a.c.qwisedemoapp.filter.JwtFilter - Extracted username from JWT: null
2025-10-16 12:43:02 [http-nio-7775-exec-1] INFO  a.c.qwisedemoapp.filter.JwtFilter - Current authentication: null
2025-10-16 12:44:28 [SpringApplicationShutdownHook] INFO  o.s.b.w.e.tomcat.GracefulShutdown - Commencing graceful shutdown. Waiting for active requests to complete
2025-10-16 12:44:28 [tomcat-shutdown] INFO  o.s.b.w.e.tomcat.GracefulShutdown - Graceful shutdown complete
2025-10-16 12:44:28 [SpringApplicationShutdownHook] INFO  o.s.o.j.LocalContainerEntityManagerFactoryBean - Closing JPA EntityManagerFactory for persistence unit 'default'
2025-10-16 12:44:28 [SpringApplicationShutdownHook] INFO  com.zaxxer.hikari.HikariDataSource - HikariPool-1 - Shutdown initiated...
2025-10-16 12:44:28 [SpringApplicationShutdownHook] INFO  com.zaxxer.hikari.HikariDataSource - HikariPool-1 - Shutdown completed.
2025-10-16 12:44:38 [background-preinit] INFO  o.h.validator.internal.util.Version - HV000001: Hibernate Validator 8.0.2.Final
2025-10-16 12:44:38 [main] INFO  a.c.q.QwiseDemoAppApplication - Starting QwiseDemoAppApplication using Java 21.0.2 with PID 11120 (C:\Workspace\Workspace\qwise-app\build\classes\java\main started by ACER in C:\Workspace\Workspace\qwise-app)
2025-10-16 12:44:38 [main] INFO  a.c.q.QwiseDemoAppApplication - No active profile set, falling back to 1 default profile: "default"
2025-10-16 12:44:41 [main] INFO  o.s.d.r.c.RepositoryConfigurationDelegate - Bootstrapping Spring Data JPA repositories in DEFAULT mode.
2025-10-16 12:44:41 [main] INFO  o.s.d.r.c.RepositoryConfigurationDelegate - Finished Spring Data repository scanning in 217 ms. Found 13 JPA repository interfaces.
2025-10-16 12:44:42 [main] INFO  o.s.b.w.e.tomcat.TomcatWebServer - Tomcat initialized with port 7775 (http)
2025-10-16 12:44:42 [main] INFO  o.a.coyote.http11.Http11NioProtocol - Initializing ProtocolHandler ["http-nio-7775"]
2025-10-16 12:44:42 [main] INFO  o.a.catalina.core.StandardService - Starting service [Tomcat]
2025-10-16 12:44:42 [main] INFO  o.a.catalina.core.StandardEngine - Starting Servlet engine: [Apache Tomcat/10.1.43]
2025-10-16 12:44:43 [main] INFO  o.a.c.c.C.[Tomcat].[localhost].[/] - Initializing Spring embedded WebApplicationContext
2025-10-16 12:44:43 [main] INFO  o.s.b.w.s.c.ServletWebServerApplicationContext - Root WebApplicationContext: initialization completed in 3980 ms
2025-10-16 12:44:43 [main] INFO  o.h.jpa.internal.util.LogHelper - HHH000204: Processing PersistenceUnitInfo [name: default]
2025-10-16 12:44:43 [main] INFO  org.hibernate.Version - HHH000412: Hibernate ORM core version 6.6.22.Final
2025-10-16 12:44:43 [main] INFO  o.h.c.i.RegionFactoryInitiator - HHH000026: Second-level cache disabled
2025-10-16 12:44:44 [main] INFO  o.s.o.j.p.SpringPersistenceUnitInfo - No LoadTimeWeaver setup: ignoring JPA class transformer
2025-10-16 12:44:44 [main] INFO  com.zaxxer.hikari.HikariDataSource - HikariPool-1 - Starting...
2025-10-16 12:44:44 [main] INFO  com.zaxxer.hikari.pool.HikariPool - HikariPool-1 - Added connection org.postgresql.jdbc.PgConnection@41463c56
2025-10-16 12:44:44 [main] INFO  com.zaxxer.hikari.HikariDataSource - HikariPool-1 - Start completed.
2025-10-16 12:44:44 [main] WARN  org.hibernate.orm.deprecation - HHH90000025: PostgreSQLDialect does not need to be specified explicitly using 'hibernate.dialect' (remove the property setting and it will be selected by default)
2025-10-16 12:44:44 [main] INFO  o.hibernate.orm.connections.pooling - HHH10001005: Database info:
	Database JDBC URL [Connecting through datasource 'HikariDataSource (HikariPool-1)']
	Database driver: undefined/unknown
	Database version: 18.0
	Autocommit mode: undefined/unknown
	Isolation level: undefined/unknown
	Minimum pool size: undefined/unknown
	Maximum pool size: undefined/unknown
2025-10-16 12:44:47 [main] INFO  o.h.e.t.j.p.i.JtaPlatformInitiator - HHH000489: No JTA platform available (set 'hibernate.transaction.jta.platform' to enable JTA platform integration)
2025-10-16 12:44:51 [main] INFO  o.s.o.j.LocalContainerEntityManagerFactoryBean - Initialized JPA EntityManagerFactory for persistence unit 'default'
2025-10-16 12:44:52 [main] INFO  o.s.d.j.r.query.QueryEnhancerFactory - Hibernate is in classpath; If applicable, HQL parser will be used.
2025-10-16 12:44:53 [main] INFO  o.s.s.c.a.a.c.InitializeAuthenticationProviderBeanManagerConfigurer$InitializeAuthenticationProviderManagerConfigurer - Global AuthenticationManager configured with AuthenticationProvider bean with name customAuthenticationProvider
2025-10-16 12:44:53 [main] WARN  o.s.s.c.a.a.c.InitializeUserDetailsBeanManagerConfigurer$InitializeUserDetailsManagerConfigurer - Global AuthenticationManager configured with an AuthenticationProvider bean. UserDetailsService beans will not be used by Spring Security for automatically configuring username/password login. Consider removing the AuthenticationProvider bean. Alternatively, consider using the UserDetailsService in a manually instantiated DaoAuthenticationProvider. If the current configuration is intentional, to turn off this warning, increase the logging level of 'org.springframework.security.config.annotation.authentication.configuration.InitializeUserDetailsBeanManagerConfigurer' to ERROR
2025-10-16 12:44:54 [main] WARN  o.s.b.a.o.j.JpaBaseConfiguration$JpaWebConfiguration - spring.jpa.open-in-view is enabled by default. Therefore, database queries may be performed during view rendering. Explicitly configure spring.jpa.open-in-view to disable this warning
2025-10-16 12:44:54 [main] INFO  o.s.b.a.e.web.EndpointLinksResolver - Exposing 1 endpoint beneath base path '/actuator'
2025-10-16 12:44:55 [main] INFO  o.a.coyote.http11.Http11NioProtocol - Starting ProtocolHandler ["http-nio-7775"]
2025-10-16 12:44:55 [main] INFO  o.s.b.w.e.tomcat.TomcatWebServer - Tomcat started on port 7775 (http) with context path '/'
2025-10-16 12:44:55 [main] INFO  a.c.q.QwiseDemoAppApplication - Started QwiseDemoAppApplication in 18.61 seconds (process running for 20.063)
2025-10-16 12:44:56 [RMI TCP Connection(2)-172.20.176.1] INFO  o.a.c.c.C.[Tomcat].[localhost].[/] - Initializing Spring DispatcherServlet 'dispatcherServlet'
2025-10-16 12:44:56 [RMI TCP Connection(2)-172.20.176.1] INFO  o.s.web.servlet.DispatcherServlet - Initializing Servlet 'dispatcherServlet'
2025-10-16 12:44:56 [RMI TCP Connection(2)-172.20.176.1] INFO  o.s.web.servlet.DispatcherServlet - Completed initialization in 4 ms
2025-10-16 12:47:10 [http-nio-7775-exec-1] INFO  a.c.qwisedemoapp.filter.JwtFilter - Authorization header not found
2025-10-16 12:47:10 [http-nio-7775-exec-2] INFO  a.c.qwisedemoapp.filter.JwtFilter - Authorization header not found
2025-10-16 12:47:10 [http-nio-7775-exec-1] INFO  a.c.qwisedemoapp.filter.JwtFilter - Invalid token
2025-10-16 12:47:10 [http-nio-7775-exec-2] INFO  a.c.qwisedemoapp.filter.JwtFilter - Invalid token
2025-10-16 12:47:10 [http-nio-7775-exec-1] INFO  a.c.qwisedemoapp.filter.JwtFilter - Auth header: null
2025-10-16 12:47:10 [http-nio-7775-exec-1] INFO  a.c.qwisedemoapp.filter.JwtFilter - Extracted username from JWT: null
2025-10-16 12:47:10 [http-nio-7775-exec-2] INFO  a.c.qwisedemoapp.filter.JwtFilter - Auth header: null
2025-10-16 12:47:10 [http-nio-7775-exec-1] INFO  a.c.qwisedemoapp.filter.JwtFilter - Current authentication: null
2025-10-16 12:47:10 [http-nio-7775-exec-2] INFO  a.c.qwisedemoapp.filter.JwtFilter - Extracted username from JWT: null
2025-10-16 12:47:10 [http-nio-7775-exec-2] INFO  a.c.qwisedemoapp.filter.JwtFilter - Current authentication: null
2025-10-16 12:47:10 [http-nio-7775-exec-3] INFO  a.c.qwisedemoapp.filter.JwtFilter - Authorization header not found
2025-10-16 12:47:10 [http-nio-7775-exec-3] INFO  a.c.qwisedemoapp.filter.JwtFilter - Invalid token
2025-10-16 12:47:10 [http-nio-7775-exec-3] INFO  a.c.qwisedemoapp.filter.JwtFilter - Auth header: null
2025-10-16 12:47:10 [http-nio-7775-exec-3] INFO  a.c.qwisedemoapp.filter.JwtFilter - Extracted username from JWT: null
2025-10-16 12:47:10 [http-nio-7775-exec-3] INFO  a.c.qwisedemoapp.filter.JwtFilter - Current authentication: null
2025-10-16 12:47:10 [http-nio-7775-exec-4] INFO  a.c.qwisedemoapp.filter.JwtFilter - Authorization header not found
2025-10-16 12:47:10 [http-nio-7775-exec-4] INFO  a.c.qwisedemoapp.filter.JwtFilter - Invalid token
2025-10-16 12:47:10 [http-nio-7775-exec-4] INFO  a.c.qwisedemoapp.filter.JwtFilter - Auth header: null
2025-10-16 12:47:10 [http-nio-7775-exec-4] INFO  a.c.qwisedemoapp.filter.JwtFilter - Extracted username from JWT: null
2025-10-16 12:47:10 [http-nio-7775-exec-4] INFO  a.c.qwisedemoapp.filter.JwtFilter - Current authentication: null
2025-10-16 12:48:12 [SpringApplicationShutdownHook] INFO  o.s.b.w.e.tomcat.GracefulShutdown - Commencing graceful shutdown. Waiting for active requests to complete
2025-10-16 12:48:12 [tomcat-shutdown] INFO  o.s.b.w.e.tomcat.GracefulShutdown - Graceful shutdown complete
2025-10-16 12:48:12 [SpringApplicationShutdownHook] INFO  o.s.o.j.LocalContainerEntityManagerFactoryBean - Closing JPA EntityManagerFactory for persistence unit 'default'
2025-10-16 12:48:12 [SpringApplicationShutdownHook] INFO  com.zaxxer.hikari.HikariDataSource - HikariPool-1 - Shutdown initiated...
2025-10-16 12:48:12 [SpringApplicationShutdownHook] INFO  com.zaxxer.hikari.HikariDataSource - HikariPool-1 - Shutdown completed.
2025-10-16 12:48:29 [background-preinit] INFO  o.h.validator.internal.util.Version - HV000001: Hibernate Validator 8.0.2.Final
2025-10-16 12:48:29 [main] INFO  a.c.q.QwiseDemoAppApplication - Starting QwiseDemoAppApplication using Java 21.0.2 with PID 9764 (C:\Workspace\Workspace\qwise-app\build\classes\java\main started by ACER in C:\Workspace\Workspace\qwise-app)
2025-10-16 12:48:29 [main] INFO  a.c.q.QwiseDemoAppApplication - No active profile set, falling back to 1 default profile: "default"
2025-10-16 12:48:31 [main] INFO  o.s.d.r.c.RepositoryConfigurationDelegate - Bootstrapping Spring Data JPA repositories in DEFAULT mode.
2025-10-16 12:48:31 [main] INFO  o.s.d.r.c.RepositoryConfigurationDelegate - Finished Spring Data repository scanning in 158 ms. Found 13 JPA repository interfaces.
2025-10-16 12:48:33 [main] INFO  o.s.b.w.e.tomcat.TomcatWebServer - Tomcat initialized with port 7775 (http)
2025-10-16 12:48:33 [main] INFO  o.a.coyote.http11.Http11NioProtocol - Initializing ProtocolHandler ["http-nio-7775"]
2025-10-16 12:48:33 [main] INFO  o.a.catalina.core.StandardService - Starting service [Tomcat]
2025-10-16 12:48:33 [main] INFO  o.a.catalina.core.StandardEngine - Starting Servlet engine: [Apache Tomcat/10.1.43]
2025-10-16 12:48:33 [main] INFO  o.a.c.c.C.[Tomcat].[localhost].[/] - Initializing Spring embedded WebApplicationContext
2025-10-16 12:48:33 [main] INFO  o.s.b.w.s.c.ServletWebServerApplicationContext - Root WebApplicationContext: initialization completed in 3497 ms
2025-10-16 12:48:33 [main] INFO  o.h.jpa.internal.util.LogHelper - HHH000204: Processing PersistenceUnitInfo [name: default]
2025-10-16 12:48:33 [main] INFO  org.hibernate.Version - HHH000412: Hibernate ORM core version 6.6.22.Final
2025-10-16 12:48:33 [main] INFO  o.h.c.i.RegionFactoryInitiator - HHH000026: Second-level cache disabled
2025-10-16 12:48:34 [main] INFO  o.s.o.j.p.SpringPersistenceUnitInfo - No LoadTimeWeaver setup: ignoring JPA class transformer
2025-10-16 12:48:34 [main] INFO  com.zaxxer.hikari.HikariDataSource - HikariPool-1 - Starting...
2025-10-16 12:48:34 [main] INFO  com.zaxxer.hikari.pool.HikariPool - HikariPool-1 - Added connection org.postgresql.jdbc.PgConnection@2245ccaa
2025-10-16 12:48:34 [main] INFO  com.zaxxer.hikari.HikariDataSource - HikariPool-1 - Start completed.
2025-10-16 12:48:34 [main] WARN  org.hibernate.orm.deprecation - HHH90000025: PostgreSQLDialect does not need to be specified explicitly using 'hibernate.dialect' (remove the property setting and it will be selected by default)
2025-10-16 12:48:34 [main] INFO  o.hibernate.orm.connections.pooling - HHH10001005: Database info:
	Database JDBC URL [Connecting through datasource 'HikariDataSource (HikariPool-1)']
	Database driver: undefined/unknown
	Database version: 18.0
	Autocommit mode: undefined/unknown
	Isolation level: undefined/unknown
	Minimum pool size: undefined/unknown
	Maximum pool size: undefined/unknown
2025-10-16 12:48:37 [main] INFO  o.h.e.t.j.p.i.JtaPlatformInitiator - HHH000489: No JTA platform available (set 'hibernate.transaction.jta.platform' to enable JTA platform integration)
2025-10-16 12:48:40 [main] INFO  o.s.o.j.LocalContainerEntityManagerFactoryBean - Initialized JPA EntityManagerFactory for persistence unit 'default'
2025-10-16 12:48:41 [main] INFO  o.s.d.j.r.query.QueryEnhancerFactory - Hibernate is in classpath; If applicable, HQL parser will be used.
2025-10-16 12:48:42 [main] INFO  o.s.s.c.a.a.c.InitializeAuthenticationProviderBeanManagerConfigurer$InitializeAuthenticationProviderManagerConfigurer - Global AuthenticationManager configured with AuthenticationProvider bean with name customAuthenticationProvider
2025-10-16 12:48:42 [main] WARN  o.s.s.c.a.a.c.InitializeUserDetailsBeanManagerConfigurer$InitializeUserDetailsManagerConfigurer - Global AuthenticationManager configured with an AuthenticationProvider bean. UserDetailsService beans will not be used by Spring Security for automatically configuring username/password login. Consider removing the AuthenticationProvider bean. Alternatively, consider using the UserDetailsService in a manually instantiated DaoAuthenticationProvider. If the current configuration is intentional, to turn off this warning, increase the logging level of 'org.springframework.security.config.annotation.authentication.configuration.InitializeUserDetailsBeanManagerConfigurer' to ERROR
2025-10-16 12:48:42 [main] WARN  o.s.b.a.o.j.JpaBaseConfiguration$JpaWebConfiguration - spring.jpa.open-in-view is enabled by default. Therefore, database queries may be performed during view rendering. Explicitly configure spring.jpa.open-in-view to disable this warning
2025-10-16 12:48:43 [main] INFO  o.s.b.a.e.web.EndpointLinksResolver - Exposing 1 endpoint beneath base path '/actuator'
2025-10-16 12:48:44 [main] INFO  o.a.coyote.http11.Http11NioProtocol - Starting ProtocolHandler ["http-nio-7775"]
2025-10-16 12:48:44 [main] INFO  o.s.b.w.e.tomcat.TomcatWebServer - Tomcat started on port 7775 (http) with context path '/'
2025-10-16 12:48:44 [main] INFO  a.c.q.QwiseDemoAppApplication - Started QwiseDemoAppApplication in 15.912 seconds (process running for 17.551)
2025-10-16 12:49:43 [SpringApplicationShutdownHook] INFO  o.s.b.w.e.tomcat.GracefulShutdown - Commencing graceful shutdown. Waiting for active requests to complete
2025-10-16 12:49:43 [tomcat-shutdown] INFO  o.s.b.w.e.tomcat.GracefulShutdown - Graceful shutdown complete
2025-10-16 12:49:43 [SpringApplicationShutdownHook] INFO  o.s.o.j.LocalContainerEntityManagerFactoryBean - Closing JPA EntityManagerFactory for persistence unit 'default'
2025-10-16 12:49:43 [SpringApplicationShutdownHook] INFO  com.zaxxer.hikari.HikariDataSource - HikariPool-1 - Shutdown initiated...
2025-10-16 12:49:43 [SpringApplicationShutdownHook] INFO  com.zaxxer.hikari.HikariDataSource - HikariPool-1 - Shutdown completed.
2025-10-16 12:49:52 [background-preinit] INFO  o.h.validator.internal.util.Version - HV000001: Hibernate Validator 8.0.2.Final
2025-10-16 12:49:52 [main] INFO  a.c.q.QwiseDemoAppApplication - Starting QwiseDemoAppApplication using Java 21.0.2 with PID 3568 (C:\Workspace\Workspace\qwise-app\build\classes\java\main started by ACER in C:\Workspace\Workspace\qwise-app)
2025-10-16 12:49:52 [main] INFO  a.c.q.QwiseDemoAppApplication - No active profile set, falling back to 1 default profile: "default"
2025-10-16 12:49:55 [main] INFO  o.s.d.r.c.RepositoryConfigurationDelegate - Bootstrapping Spring Data JPA repositories in DEFAULT mode.
2025-10-16 12:49:55 [main] INFO  o.s.d.r.c.RepositoryConfigurationDelegate - Finished Spring Data repository scanning in 205 ms. Found 13 JPA repository interfaces.
2025-10-16 12:49:57 [main] INFO  o.s.b.w.e.tomcat.TomcatWebServer - Tomcat initialized with port 7775 (http)
2025-10-16 12:49:57 [main] INFO  o.a.coyote.http11.Http11NioProtocol - Initializing ProtocolHandler ["http-nio-7775"]
2025-10-16 12:49:57 [main] INFO  o.a.catalina.core.StandardService - Starting service [Tomcat]
2025-10-16 12:49:57 [main] INFO  o.a.catalina.core.StandardEngine - Starting Servlet engine: [Apache Tomcat/10.1.43]
2025-10-16 12:49:57 [main] INFO  o.a.c.c.C.[Tomcat].[localhost].[/] - Initializing Spring embedded WebApplicationContext
2025-10-16 12:49:57 [main] INFO  o.s.b.w.s.c.ServletWebServerApplicationContext - Root WebApplicationContext: initialization completed in 4168 ms
2025-10-16 12:49:57 [main] INFO  o.h.jpa.internal.util.LogHelper - HHH000204: Processing PersistenceUnitInfo [name: default]
2025-10-16 12:49:57 [main] INFO  org.hibernate.Version - HHH000412: Hibernate ORM core version 6.6.22.Final
2025-10-16 12:49:57 [main] INFO  o.h.c.i.RegionFactoryInitiator - HHH000026: Second-level cache disabled
2025-10-16 12:49:58 [main] INFO  o.s.o.j.p.SpringPersistenceUnitInfo - No LoadTimeWeaver setup: ignoring JPA class transformer
2025-10-16 12:49:58 [main] INFO  com.zaxxer.hikari.HikariDataSource - HikariPool-1 - Starting...
2025-10-16 12:49:58 [main] INFO  com.zaxxer.hikari.pool.HikariPool - HikariPool-1 - Added connection org.postgresql.jdbc.PgConnection@1bfafce1
2025-10-16 12:49:58 [main] INFO  com.zaxxer.hikari.HikariDataSource - HikariPool-1 - Start completed.
2025-10-16 12:49:58 [main] WARN  org.hibernate.orm.deprecation - HHH90000025: PostgreSQLDialect does not need to be specified explicitly using 'hibernate.dialect' (remove the property setting and it will be selected by default)
2025-10-16 12:49:58 [main] INFO  o.hibernate.orm.connections.pooling - HHH10001005: Database info:
	Database JDBC URL [Connecting through datasource 'HikariDataSource (HikariPool-1)']
	Database driver: undefined/unknown
	Database version: 18.0
	Autocommit mode: undefined/unknown
	Isolation level: undefined/unknown
	Minimum pool size: undefined/unknown
	Maximum pool size: undefined/unknown
2025-10-16 12:50:01 [main] INFO  o.h.e.t.j.p.i.JtaPlatformInitiator - HHH000489: No JTA platform available (set 'hibernate.transaction.jta.platform' to enable JTA platform integration)
2025-10-16 12:50:04 [main] INFO  o.s.o.j.LocalContainerEntityManagerFactoryBean - Initialized JPA EntityManagerFactory for persistence unit 'default'
2025-10-16 12:50:05 [main] INFO  o.s.d.j.r.query.QueryEnhancerFactory - Hibernate is in classpath; If applicable, HQL parser will be used.
2025-10-16 12:50:07 [main] INFO  o.s.s.c.a.a.c.InitializeAuthenticationProviderBeanManagerConfigurer$InitializeAuthenticationProviderManagerConfigurer - Global AuthenticationManager configured with AuthenticationProvider bean with name customAuthenticationProvider
2025-10-16 12:50:07 [main] WARN  o.s.s.c.a.a.c.InitializeUserDetailsBeanManagerConfigurer$InitializeUserDetailsManagerConfigurer - Global AuthenticationManager configured with an AuthenticationProvider bean. UserDetailsService beans will not be used by Spring Security for automatically configuring username/password login. Consider removing the AuthenticationProvider bean. Alternatively, consider using the UserDetailsService in a manually instantiated DaoAuthenticationProvider. If the current configuration is intentional, to turn off this warning, increase the logging level of 'org.springframework.security.config.annotation.authentication.configuration.InitializeUserDetailsBeanManagerConfigurer' to ERROR
2025-10-16 12:50:07 [main] WARN  o.s.b.a.o.j.JpaBaseConfiguration$JpaWebConfiguration - spring.jpa.open-in-view is enabled by default. Therefore, database queries may be performed during view rendering. Explicitly configure spring.jpa.open-in-view to disable this warning
2025-10-16 12:50:08 [main] INFO  o.s.b.a.e.web.EndpointLinksResolver - Exposing 1 endpoint beneath base path '/actuator'
2025-10-16 12:50:09 [main] INFO  o.a.coyote.http11.Http11NioProtocol - Starting ProtocolHandler ["http-nio-7775"]
2025-10-16 12:50:09 [main] INFO  o.s.b.w.e.tomcat.TomcatWebServer - Tomcat started on port 7775 (http) with context path '/'
2025-10-16 12:50:09 [main] INFO  a.c.q.QwiseDemoAppApplication - Started QwiseDemoAppApplication in 17.746 seconds (process running for 19.668)
2025-10-16 12:50:52 [SpringApplicationShutdownHook] INFO  o.s.b.w.e.tomcat.GracefulShutdown - Commencing graceful shutdown. Waiting for active requests to complete
2025-10-16 12:50:52 [tomcat-shutdown] INFO  o.s.b.w.e.tomcat.GracefulShutdown - Graceful shutdown complete
2025-10-16 12:50:52 [SpringApplicationShutdownHook] INFO  o.s.o.j.LocalContainerEntityManagerFactoryBean - Closing JPA EntityManagerFactory for persistence unit 'default'
2025-10-16 12:50:52 [SpringApplicationShutdownHook] INFO  com.zaxxer.hikari.HikariDataSource - HikariPool-1 - Shutdown initiated...
2025-10-16 12:50:52 [SpringApplicationShutdownHook] INFO  com.zaxxer.hikari.HikariDataSource - HikariPool-1 - Shutdown completed.
2025-10-16 12:50:58 [background-preinit] INFO  o.h.validator.internal.util.Version - HV000001: Hibernate Validator 8.0.2.Final
2025-10-16 12:50:58 [main] INFO  a.c.q.QwiseDemoAppApplication - Starting QwiseDemoAppApplication using Java 21.0.2 with PID 4836 (C:\Workspace\Workspace\qwise-app\build\classes\java\main started by ACER in C:\Workspace\Workspace\qwise-app)
2025-10-16 12:50:58 [main] INFO  a.c.q.QwiseDemoAppApplication - No active profile set, falling back to 1 default profile: "default"
2025-10-16 12:51:01 [main] INFO  o.s.d.r.c.RepositoryConfigurationDelegate - Bootstrapping Spring Data JPA repositories in DEFAULT mode.
2025-10-16 12:51:01 [main] INFO  o.s.d.r.c.RepositoryConfigurationDelegate - Finished Spring Data repository scanning in 168 ms. Found 13 JPA repository interfaces.
2025-10-16 12:51:02 [main] INFO  o.s.b.w.e.tomcat.TomcatWebServer - Tomcat initialized with port 7775 (http)
2025-10-16 12:51:02 [main] INFO  o.a.coyote.http11.Http11NioProtocol - Initializing ProtocolHandler ["http-nio-7775"]
2025-10-16 12:51:02 [main] INFO  o.a.catalina.core.StandardService - Starting service [Tomcat]
2025-10-16 12:51:02 [main] INFO  o.a.catalina.core.StandardEngine - Starting Servlet engine: [Apache Tomcat/10.1.43]
2025-10-16 12:51:02 [main] INFO  o.a.c.c.C.[Tomcat].[localhost].[/] - Initializing Spring embedded WebApplicationContext
2025-10-16 12:51:02 [main] INFO  o.s.b.w.s.c.ServletWebServerApplicationContext - Root WebApplicationContext: initialization completed in 3266 ms
2025-10-16 12:51:02 [main] INFO  o.h.jpa.internal.util.LogHelper - HHH000204: Processing PersistenceUnitInfo [name: default]
2025-10-16 12:51:02 [main] INFO  org.hibernate.Version - HHH000412: Hibernate ORM core version 6.6.22.Final
2025-10-16 12:51:02 [main] INFO  o.h.c.i.RegionFactoryInitiator - HHH000026: Second-level cache disabled
2025-10-16 12:51:03 [main] INFO  o.s.o.j.p.SpringPersistenceUnitInfo - No LoadTimeWeaver setup: ignoring JPA class transformer
2025-10-16 12:51:03 [main] INFO  com.zaxxer.hikari.HikariDataSource - HikariPool-1 - Starting...
2025-10-16 12:51:03 [main] INFO  com.zaxxer.hikari.pool.HikariPool - HikariPool-1 - Added connection org.postgresql.jdbc.PgConnection@53dbe7b2
2025-10-16 12:51:03 [main] INFO  com.zaxxer.hikari.HikariDataSource - HikariPool-1 - Start completed.
2025-10-16 12:51:03 [main] WARN  org.hibernate.orm.deprecation - HHH90000025: PostgreSQLDialect does not need to be specified explicitly using 'hibernate.dialect' (remove the property setting and it will be selected by default)
2025-10-16 12:51:03 [main] INFO  o.hibernate.orm.connections.pooling - HHH10001005: Database info:
	Database JDBC URL [Connecting through datasource 'HikariDataSource (HikariPool-1)']
	Database driver: undefined/unknown
	Database version: 18.0
	Autocommit mode: undefined/unknown
	Isolation level: undefined/unknown
	Minimum pool size: undefined/unknown
	Maximum pool size: undefined/unknown
2025-10-16 12:51:05 [main] INFO  o.h.e.t.j.p.i.JtaPlatformInitiator - HHH000489: No JTA platform available (set 'hibernate.transaction.jta.platform' to enable JTA platform integration)
2025-10-16 12:51:08 [main] INFO  o.s.o.j.LocalContainerEntityManagerFactoryBean - Initialized JPA EntityManagerFactory for persistence unit 'default'
2025-10-16 12:51:09 [main] INFO  o.s.d.j.r.query.QueryEnhancerFactory - Hibernate is in classpath; If applicable, HQL parser will be used.
2025-10-16 12:51:10 [main] INFO  o.s.s.c.a.a.c.InitializeAuthenticationProviderBeanManagerConfigurer$InitializeAuthenticationProviderManagerConfigurer - Global AuthenticationManager configured with AuthenticationProvider bean with name customAuthenticationProvider
2025-10-16 12:51:10 [main] WARN  o.s.s.c.a.a.c.InitializeUserDetailsBeanManagerConfigurer$InitializeUserDetailsManagerConfigurer - Global AuthenticationManager configured with an AuthenticationProvider bean. UserDetailsService beans will not be used by Spring Security for automatically configuring username/password login. Consider removing the AuthenticationProvider bean. Alternatively, consider using the UserDetailsService in a manually instantiated DaoAuthenticationProvider. If the current configuration is intentional, to turn off this warning, increase the logging level of 'org.springframework.security.config.annotation.authentication.configuration.InitializeUserDetailsBeanManagerConfigurer' to ERROR
2025-10-16 12:51:10 [main] WARN  o.s.b.a.o.j.JpaBaseConfiguration$JpaWebConfiguration - spring.jpa.open-in-view is enabled by default. Therefore, database queries may be performed during view rendering. Explicitly configure spring.jpa.open-in-view to disable this warning
2025-10-16 12:51:10 [main] INFO  o.s.b.a.e.web.EndpointLinksResolver - Exposing 1 endpoint beneath base path '/actuator'
2025-10-16 12:51:11 [main] INFO  o.a.coyote.http11.Http11NioProtocol - Starting ProtocolHandler ["http-nio-7775"]
2025-10-16 12:51:11 [main] INFO  o.s.b.w.e.tomcat.TomcatWebServer - Tomcat started on port 7775 (http) with context path '/'
2025-10-16 12:51:12 [main] INFO  a.c.q.QwiseDemoAppApplication - Started QwiseDemoAppApplication in 13.995 seconds (process running for 15.06)
2025-10-16 12:51:12 [RMI TCP Connection(2)-172.20.176.1] INFO  o.a.c.c.C.[Tomcat].[localhost].[/] - Initializing Spring DispatcherServlet 'dispatcherServlet'
2025-10-16 12:51:12 [RMI TCP Connection(2)-172.20.176.1] INFO  o.s.web.servlet.DispatcherServlet - Initializing Servlet 'dispatcherServlet'
2025-10-16 12:51:12 [RMI TCP Connection(2)-172.20.176.1] INFO  o.s.web.servlet.DispatcherServlet - Completed initialization in 6 ms
2025-10-16 12:51:19 [http-nio-7775-exec-1] INFO  a.c.qwisedemoapp.filter.JwtFilter - Authorization header not found
2025-10-16 12:51:19 [http-nio-7775-exec-1] INFO  a.c.qwisedemoapp.filter.JwtFilter - Invalid token
2025-10-16 12:51:19 [http-nio-7775-exec-1] INFO  a.c.qwisedemoapp.filter.JwtFilter - Auth header: null
2025-10-16 12:51:19 [http-nio-7775-exec-1] INFO  a.c.qwisedemoapp.filter.JwtFilter - Extracted username from JWT: null
2025-10-16 12:51:19 [http-nio-7775-exec-1] INFO  a.c.qwisedemoapp.filter.JwtFilter - Current authentication: null
2025-10-16 12:51:19 [http-nio-7775-exec-2] INFO  a.c.qwisedemoapp.filter.JwtFilter - Authorization header not found
2025-10-16 12:51:19 [http-nio-7775-exec-2] INFO  a.c.qwisedemoapp.filter.JwtFilter - Invalid token
2025-10-16 12:51:19 [http-nio-7775-exec-2] INFO  a.c.qwisedemoapp.filter.JwtFilter - Auth header: null
2025-10-16 12:51:19 [http-nio-7775-exec-2] INFO  a.c.qwisedemoapp.filter.JwtFilter - Extracted username from JWT: null
2025-10-16 12:51:19 [http-nio-7775-exec-2] INFO  a.c.qwisedemoapp.filter.JwtFilter - Current authentication: null
2025-10-16 12:51:19 [http-nio-7775-exec-6] INFO  a.c.qwisedemoapp.filter.JwtFilter - Authorization header not found
2025-10-16 12:51:19 [http-nio-7775-exec-6] INFO  a.c.qwisedemoapp.filter.JwtFilter - Invalid token
2025-10-16 12:51:19 [http-nio-7775-exec-3] INFO  a.c.qwisedemoapp.filter.JwtFilter - Authorization header not found
2025-10-16 12:51:19 [http-nio-7775-exec-3] INFO  a.c.qwisedemoapp.filter.JwtFilter - Invalid token
2025-10-16 12:51:19 [http-nio-7775-exec-3] INFO  a.c.qwisedemoapp.filter.JwtFilter - Auth header: null
2025-10-16 12:51:19 [http-nio-7775-exec-6] INFO  a.c.qwisedemoapp.filter.JwtFilter - Auth header: null
2025-10-16 12:51:19 [http-nio-7775-exec-6] INFO  a.c.qwisedemoapp.filter.JwtFilter - Extracted username from JWT: null
2025-10-16 12:51:19 [http-nio-7775-exec-6] INFO  a.c.qwisedemoapp.filter.JwtFilter - Current authentication: null
2025-10-16 12:51:19 [http-nio-7775-exec-3] INFO  a.c.qwisedemoapp.filter.JwtFilter - Extracted username from JWT: null
2025-10-16 12:51:19 [http-nio-7775-exec-3] INFO  a.c.qwisedemoapp.filter.JwtFilter - Current authentication: null
2025-10-16 12:51:19 [http-nio-7775-exec-4] INFO  a.c.qwisedemoapp.filter.JwtFilter - Authorization header not found
2025-10-16 12:51:19 [http-nio-7775-exec-4] INFO  a.c.qwisedemoapp.filter.JwtFilter - Invalid token
2025-10-16 12:51:19 [http-nio-7775-exec-4] INFO  a.c.qwisedemoapp.filter.JwtFilter - Auth header: null
2025-10-16 12:51:19 [http-nio-7775-exec-4] INFO  a.c.qwisedemoapp.filter.JwtFilter - Extracted username from JWT: null
2025-10-16 12:51:19 [http-nio-7775-exec-4] INFO  a.c.qwisedemoapp.filter.JwtFilter - Current authentication: null
2025-10-16 12:51:19 [http-nio-7775-exec-5] INFO  a.c.qwisedemoapp.filter.JwtFilter - Authorization header not found
2025-10-16 12:51:19 [http-nio-7775-exec-5] INFO  a.c.qwisedemoapp.filter.JwtFilter - Invalid token
2025-10-16 12:51:19 [http-nio-7775-exec-5] INFO  a.c.qwisedemoapp.filter.JwtFilter - Auth header: null
2025-10-16 12:51:19 [http-nio-7775-exec-5] INFO  a.c.qwisedemoapp.filter.JwtFilter - Extracted username from JWT: null
2025-10-16 12:51:19 [http-nio-7775-exec-5] INFO  a.c.qwisedemoapp.filter.JwtFilter - Current authentication: null
2025-10-16 12:51:20 [http-nio-7775-exec-7] INFO  a.c.qwisedemoapp.filter.JwtFilter - Authorization header not found
2025-10-16 12:51:20 [http-nio-7775-exec-7] INFO  a.c.qwisedemoapp.filter.JwtFilter - Invalid token
2025-10-16 12:51:20 [http-nio-7775-exec-7] INFO  a.c.qwisedemoapp.filter.JwtFilter - Auth header: null
2025-10-16 12:51:20 [http-nio-7775-exec-7] INFO  a.c.qwisedemoapp.filter.JwtFilter - Extracted username from JWT: null
2025-10-16 12:51:20 [http-nio-7775-exec-7] INFO  a.c.qwisedemoapp.filter.JwtFilter - Current authentication: null
2025-10-16 12:51:20 [http-nio-7775-exec-8] INFO  a.c.qwisedemoapp.filter.JwtFilter - Authorization header not found
2025-10-16 12:51:20 [http-nio-7775-exec-8] INFO  a.c.qwisedemoapp.filter.JwtFilter - Invalid token
2025-10-16 12:51:20 [http-nio-7775-exec-8] INFO  a.c.qwisedemoapp.filter.JwtFilter - Auth header: null
2025-10-16 12:51:20 [http-nio-7775-exec-8] INFO  a.c.qwisedemoapp.filter.JwtFilter - Extracted username from JWT: null
2025-10-16 12:51:20 [http-nio-7775-exec-8] INFO  a.c.qwisedemoapp.filter.JwtFilter - Current authentication: null
2025-10-16 12:51:20 [http-nio-7775-exec-9] INFO  a.c.qwisedemoapp.filter.JwtFilter - Authorization header not found
2025-10-16 12:51:20 [http-nio-7775-exec-9] INFO  a.c.qwisedemoapp.filter.JwtFilter - Invalid token
2025-10-16 12:51:20 [http-nio-7775-exec-9] INFO  a.c.qwisedemoapp.filter.JwtFilter - Auth header: null
2025-10-16 12:51:20 [http-nio-7775-exec-9] INFO  a.c.qwisedemoapp.filter.JwtFilter - Extracted username from JWT: null
2025-10-16 12:51:20 [http-nio-7775-exec-9] INFO  a.c.qwisedemoapp.filter.JwtFilter - Current authentication: null
2025-10-16 12:51:21 [http-nio-7775-exec-9] INFO  o.s.api.AbstractOpenApiResource - Init duration for springdoc-openapi is: 1509 ms
2025-10-16 12:51:35 [http-nio-7775-exec-10] INFO  a.c.qwisedemoapp.filter.JwtFilter - Authorization header not found
2025-10-16 12:51:35 [http-nio-7775-exec-10] INFO  a.c.qwisedemoapp.filter.JwtFilter - Invalid token
2025-10-16 12:51:35 [http-nio-7775-exec-10] INFO  a.c.qwisedemoapp.filter.JwtFilter - Auth header: null
2025-10-16 12:51:35 [http-nio-7775-exec-10] INFO  a.c.qwisedemoapp.filter.JwtFilter - Extracted username from JWT: null
2025-10-16 12:51:35 [http-nio-7775-exec-10] INFO  a.c.qwisedemoapp.filter.JwtFilter - Current authentication: null
2025-10-16 12:52:12 [http-nio-7775-exec-2] INFO  a.c.qwisedemoapp.filter.JwtFilter - Authorization header not found
2025-10-16 12:52:12 [http-nio-7775-exec-2] INFO  a.c.qwisedemoapp.filter.JwtFilter - Invalid token
2025-10-16 12:52:12 [http-nio-7775-exec-2] INFO  a.c.qwisedemoapp.filter.JwtFilter - Auth header: null
2025-10-16 12:52:12 [http-nio-7775-exec-2] INFO  a.c.qwisedemoapp.filter.JwtFilter - Extracted username from JWT: null
2025-10-16 12:52:12 [http-nio-7775-exec-2] INFO  a.c.qwisedemoapp.filter.JwtFilter - Current authentication: null
2025-10-16 12:52:53 [SpringApplicationShutdownHook] INFO  o.s.b.w.e.tomcat.GracefulShutdown - Commencing graceful shutdown. Waiting for active requests to complete
2025-10-16 12:52:53 [tomcat-shutdown] INFO  o.s.b.w.e.tomcat.GracefulShutdown - Graceful shutdown complete
2025-10-16 12:52:53 [SpringApplicationShutdownHook] INFO  o.s.o.j.LocalContainerEntityManagerFactoryBean - Closing JPA EntityManagerFactory for persistence unit 'default'
2025-10-16 12:52:53 [SpringApplicationShutdownHook] INFO  com.zaxxer.hikari.HikariDataSource - HikariPool-1 - Shutdown initiated...
2025-10-16 12:52:53 [SpringApplicationShutdownHook] INFO  com.zaxxer.hikari.HikariDataSource - HikariPool-1 - Shutdown completed.
2025-10-16 12:53:00 [background-preinit] INFO  o.h.validator.internal.util.Version - HV000001: Hibernate Validator 8.0.2.Final
2025-10-16 12:53:00 [main] INFO  a.c.q.QwiseDemoAppApplication - Starting QwiseDemoAppApplication using Java 21.0.2 with PID 16872 (C:\Workspace\Workspace\qwise-app\build\classes\java\main started by ACER in C:\Workspace\Workspace\qwise-app)
2025-10-16 12:53:00 [main] INFO  a.c.q.QwiseDemoAppApplication - No active profile set, falling back to 1 default profile: "default"
2025-10-16 12:53:02 [main] INFO  o.s.d.r.c.RepositoryConfigurationDelegate - Bootstrapping Spring Data JPA repositories in DEFAULT mode.
2025-10-16 12:53:02 [main] INFO  o.s.d.r.c.RepositoryConfigurationDelegate - Finished Spring Data repository scanning in 168 ms. Found 13 JPA repository interfaces.
2025-10-16 12:53:03 [main] INFO  o.s.b.w.e.tomcat.TomcatWebServer - Tomcat initialized with port 7775 (http)
2025-10-16 12:53:03 [main] INFO  o.a.coyote.http11.Http11NioProtocol - Initializing ProtocolHandler ["http-nio-7775"]
2025-10-16 12:53:03 [main] INFO  o.a.catalina.core.StandardService - Starting service [Tomcat]
2025-10-16 12:53:03 [main] INFO  o.a.catalina.core.StandardEngine - Starting Servlet engine: [Apache Tomcat/10.1.43]
2025-10-16 12:53:03 [main] INFO  o.a.c.c.C.[Tomcat].[localhost].[/] - Initializing Spring embedded WebApplicationContext
2025-10-16 12:53:03 [main] INFO  o.s.b.w.s.c.ServletWebServerApplicationContext - Root WebApplicationContext: initialization completed in 3081 ms
2025-10-16 12:53:04 [main] INFO  o.h.jpa.internal.util.LogHelper - HHH000204: Processing PersistenceUnitInfo [name: default]
2025-10-16 12:53:04 [main] INFO  org.hibernate.Version - HHH000412: Hibernate ORM core version 6.6.22.Final
2025-10-16 12:53:04 [main] INFO  o.h.c.i.RegionFactoryInitiator - HHH000026: Second-level cache disabled
2025-10-16 12:53:04 [main] INFO  o.s.o.j.p.SpringPersistenceUnitInfo - No LoadTimeWeaver setup: ignoring JPA class transformer
2025-10-16 12:53:04 [main] INFO  com.zaxxer.hikari.HikariDataSource - HikariPool-1 - Starting...
2025-10-16 12:53:05 [main] INFO  com.zaxxer.hikari.pool.HikariPool - HikariPool-1 - Added connection org.postgresql.jdbc.PgConnection@490fbeaa
2025-10-16 12:53:05 [main] INFO  com.zaxxer.hikari.HikariDataSource - HikariPool-1 - Start completed.
2025-10-16 12:53:05 [main] WARN  org.hibernate.orm.deprecation - HHH90000025: PostgreSQLDialect does not need to be specified explicitly using 'hibernate.dialect' (remove the property setting and it will be selected by default)
2025-10-16 12:53:05 [main] INFO  o.hibernate.orm.connections.pooling - HHH10001005: Database info:
	Database JDBC URL [Connecting through datasource 'HikariDataSource (HikariPool-1)']
	Database driver: undefined/unknown
	Database version: 18.0
	Autocommit mode: undefined/unknown
	Isolation level: undefined/unknown
	Minimum pool size: undefined/unknown
	Maximum pool size: undefined/unknown
2025-10-16 12:53:07 [main] INFO  o.h.e.t.j.p.i.JtaPlatformInitiator - HHH000489: No JTA platform available (set 'hibernate.transaction.jta.platform' to enable JTA platform integration)
2025-10-16 12:53:10 [main] INFO  o.s.o.j.LocalContainerEntityManagerFactoryBean - Initialized JPA EntityManagerFactory for persistence unit 'default'
2025-10-16 12:53:11 [main] INFO  o.s.d.j.r.query.QueryEnhancerFactory - Hibernate is in classpath; If applicable, HQL parser will be used.
2025-10-16 12:53:12 [main] INFO  o.s.s.c.a.a.c.InitializeAuthenticationProviderBeanManagerConfigurer$InitializeAuthenticationProviderManagerConfigurer - Global AuthenticationManager configured with AuthenticationProvider bean with name customAuthenticationProvider
2025-10-16 12:53:12 [main] WARN  o.s.s.c.a.a.c.InitializeUserDetailsBeanManagerConfigurer$InitializeUserDetailsManagerConfigurer - Global AuthenticationManager configured with an AuthenticationProvider bean. UserDetailsService beans will not be used by Spring Security for automatically configuring username/password login. Consider removing the AuthenticationProvider bean. Alternatively, consider using the UserDetailsService in a manually instantiated DaoAuthenticationProvider. If the current configuration is intentional, to turn off this warning, increase the logging level of 'org.springframework.security.config.annotation.authentication.configuration.InitializeUserDetailsBeanManagerConfigurer' to ERROR
2025-10-16 12:53:12 [main] WARN  o.s.b.a.o.j.JpaBaseConfiguration$JpaWebConfiguration - spring.jpa.open-in-view is enabled by default. Therefore, database queries may be performed during view rendering. Explicitly configure spring.jpa.open-in-view to disable this warning
2025-10-16 12:53:13 [main] INFO  o.s.b.a.e.web.EndpointLinksResolver - Exposing 1 endpoint beneath base path '/actuator'
2025-10-16 12:53:13 [main] INFO  o.a.coyote.http11.Http11NioProtocol - Starting ProtocolHandler ["http-nio-7775"]
2025-10-16 12:53:14 [main] INFO  o.s.b.w.e.tomcat.TomcatWebServer - Tomcat started on port 7775 (http) with context path '/'
2025-10-16 12:53:14 [main] INFO  a.c.q.QwiseDemoAppApplication - Started QwiseDemoAppApplication in 14.154 seconds (process running for 15.397)
2025-10-16 12:53:14 [RMI TCP Connection(3)-172.20.176.1] INFO  o.a.c.c.C.[Tomcat].[localhost].[/] - Initializing Spring DispatcherServlet 'dispatcherServlet'
2025-10-16 12:53:14 [RMI TCP Connection(3)-172.20.176.1] INFO  o.s.web.servlet.DispatcherServlet - Initializing Servlet 'dispatcherServlet'
2025-10-16 12:53:14 [RMI TCP Connection(3)-172.20.176.1] INFO  o.s.web.servlet.DispatcherServlet - Completed initialization in 5 ms
2025-10-16 12:53:31 [http-nio-7775-exec-1] INFO  a.c.qwisedemoapp.filter.JwtFilter - Authorization header not found
2025-10-16 12:53:31 [http-nio-7775-exec-1] INFO  a.c.qwisedemoapp.filter.JwtFilter - Invalid token
2025-10-16 12:53:31 [http-nio-7775-exec-1] INFO  a.c.qwisedemoapp.filter.JwtFilter - Auth header: null
2025-10-16 12:53:31 [http-nio-7775-exec-1] INFO  a.c.qwisedemoapp.filter.JwtFilter - Extracted username from JWT: null
2025-10-16 12:53:31 [http-nio-7775-exec-1] INFO  a.c.qwisedemoapp.filter.JwtFilter - Current authentication: null
2025-10-16 12:53:59 [SpringApplicationShutdownHook] INFO  o.s.b.w.e.tomcat.GracefulShutdown - Commencing graceful shutdown. Waiting for active requests to complete
2025-10-16 12:53:59 [tomcat-shutdown] INFO  o.s.b.w.e.tomcat.GracefulShutdown - Graceful shutdown complete
2025-10-16 12:53:59 [SpringApplicationShutdownHook] INFO  o.s.o.j.LocalContainerEntityManagerFactoryBean - Closing JPA EntityManagerFactory for persistence unit 'default'
2025-10-16 12:53:59 [SpringApplicationShutdownHook] INFO  com.zaxxer.hikari.HikariDataSource - HikariPool-1 - Shutdown initiated...
2025-10-16 12:53:59 [SpringApplicationShutdownHook] INFO  com.zaxxer.hikari.HikariDataSource - HikariPool-1 - Shutdown completed.
2025-10-16 12:54:07 [background-preinit] INFO  o.h.validator.internal.util.Version - HV000001: Hibernate Validator 8.0.2.Final
2025-10-16 12:54:07 [main] INFO  a.c.q.QwiseDemoAppApplication - Starting QwiseDemoAppApplication using Java 21.0.2 with PID 3984 (C:\Workspace\Workspace\qwise-app\build\classes\java\main started by ACER in C:\Workspace\Workspace\qwise-app)
2025-10-16 12:54:07 [main] INFO  a.c.q.QwiseDemoAppApplication - No active profile set, falling back to 1 default profile: "default"
2025-10-16 12:54:09 [main] INFO  o.s.d.r.c.RepositoryConfigurationDelegate - Bootstrapping Spring Data JPA repositories in DEFAULT mode.
2025-10-16 12:54:09 [main] INFO  o.s.d.r.c.RepositoryConfigurationDelegate - Finished Spring Data repository scanning in 174 ms. Found 13 JPA repository interfaces.
2025-10-16 12:54:10 [main] INFO  o.s.b.w.e.tomcat.TomcatWebServer - Tomcat initialized with port 7775 (http)
2025-10-16 12:54:10 [main] INFO  o.a.coyote.http11.Http11NioProtocol - Initializing ProtocolHandler ["http-nio-7775"]
2025-10-16 12:54:10 [main] INFO  o.a.catalina.core.StandardService - Starting service [Tomcat]
2025-10-16 12:54:10 [main] INFO  o.a.catalina.core.StandardEngine - Starting Servlet engine: [Apache Tomcat/10.1.43]
2025-10-16 12:54:10 [main] INFO  o.a.c.c.C.[Tomcat].[localhost].[/] - Initializing Spring embedded WebApplicationContext
2025-10-16 12:54:10 [main] INFO  o.s.b.w.s.c.ServletWebServerApplicationContext - Root WebApplicationContext: initialization completed in 3567 ms
2025-10-16 12:54:11 [main] INFO  o.h.jpa.internal.util.LogHelper - HHH000204: Processing PersistenceUnitInfo [name: default]
2025-10-16 12:54:11 [main] INFO  org.hibernate.Version - HHH000412: Hibernate ORM core version 6.6.22.Final
2025-10-16 12:54:11 [main] INFO  o.h.c.i.RegionFactoryInitiator - HHH000026: Second-level cache disabled
2025-10-16 12:54:11 [main] INFO  o.s.o.j.p.SpringPersistenceUnitInfo - No LoadTimeWeaver setup: ignoring JPA class transformer
2025-10-16 12:54:12 [main] INFO  com.zaxxer.hikari.HikariDataSource - HikariPool-1 - Starting...
2025-10-16 12:54:12 [main] INFO  com.zaxxer.hikari.pool.HikariPool - HikariPool-1 - Added connection org.postgresql.jdbc.PgConnection@5da1a97f
2025-10-16 12:54:12 [main] INFO  com.zaxxer.hikari.HikariDataSource - HikariPool-1 - Start completed.
2025-10-16 12:54:12 [main] WARN  org.hibernate.orm.deprecation - HHH90000025: PostgreSQLDialect does not need to be specified explicitly using 'hibernate.dialect' (remove the property setting and it will be selected by default)
2025-10-16 12:54:12 [main] INFO  o.hibernate.orm.connections.pooling - HHH10001005: Database info:
	Database JDBC URL [Connecting through datasource 'HikariDataSource (HikariPool-1)']
	Database driver: undefined/unknown
	Database version: 18.0
	Autocommit mode: undefined/unknown
	Isolation level: undefined/unknown
	Minimum pool size: undefined/unknown
	Maximum pool size: undefined/unknown
2025-10-16 12:54:14 [main] INFO  o.h.e.t.j.p.i.JtaPlatformInitiator - HHH000489: No JTA platform available (set 'hibernate.transaction.jta.platform' to enable JTA platform integration)
2025-10-16 12:54:17 [main] INFO  o.s.o.j.LocalContainerEntityManagerFactoryBean - Initialized JPA EntityManagerFactory for persistence unit 'default'
2025-10-16 12:54:18 [main] INFO  o.s.d.j.r.query.QueryEnhancerFactory - Hibernate is in classpath; If applicable, HQL parser will be used.
2025-10-16 12:54:19 [main] INFO  o.s.s.c.a.a.c.InitializeAuthenticationProviderBeanManagerConfigurer$InitializeAuthenticationProviderManagerConfigurer - Global AuthenticationManager configured with AuthenticationProvider bean with name customAuthenticationProvider
2025-10-16 12:54:19 [main] WARN  o.s.s.c.a.a.c.InitializeUserDetailsBeanManagerConfigurer$InitializeUserDetailsManagerConfigurer - Global AuthenticationManager configured with an AuthenticationProvider bean. UserDetailsService beans will not be used by Spring Security for automatically configuring username/password login. Consider removing the AuthenticationProvider bean. Alternatively, consider using the UserDetailsService in a manually instantiated DaoAuthenticationProvider. If the current configuration is intentional, to turn off this warning, increase the logging level of 'org.springframework.security.config.annotation.authentication.configuration.InitializeUserDetailsBeanManagerConfigurer' to ERROR
2025-10-16 12:54:19 [main] WARN  o.s.b.a.o.j.JpaBaseConfiguration$JpaWebConfiguration - spring.jpa.open-in-view is enabled by default. Therefore, database queries may be performed during view rendering. Explicitly configure spring.jpa.open-in-view to disable this warning
2025-10-16 12:54:19 [main] INFO  o.s.b.a.e.web.EndpointLinksResolver - Exposing 1 endpoint beneath base path '/actuator'
2025-10-16 12:54:20 [main] INFO  o.a.coyote.http11.Http11NioProtocol - Starting ProtocolHandler ["http-nio-7775"]
2025-10-16 12:54:20 [main] INFO  o.s.b.w.e.tomcat.TomcatWebServer - Tomcat started on port 7775 (http) with context path '/'
2025-10-16 12:54:20 [main] INFO  a.c.q.QwiseDemoAppApplication - Started QwiseDemoAppApplication in 14.569 seconds (process running for 16.02)
2025-10-16 12:54:21 [RMI TCP Connection(5)-172.20.176.1] INFO  o.a.c.c.C.[Tomcat].[localhost].[/] - Initializing Spring DispatcherServlet 'dispatcherServlet'
2025-10-16 12:54:21 [RMI TCP Connection(5)-172.20.176.1] INFO  o.s.web.servlet.DispatcherServlet - Initializing Servlet 'dispatcherServlet'
2025-10-16 12:54:21 [RMI TCP Connection(5)-172.20.176.1] INFO  o.s.web.servlet.DispatcherServlet - Completed initialization in 4 ms
2025-10-16 12:54:33 [http-nio-7775-exec-1] INFO  a.c.qwisedemoapp.filter.JwtFilter - Authorization header not found
2025-10-16 12:54:33 [http-nio-7775-exec-1] INFO  a.c.qwisedemoapp.filter.JwtFilter - Invalid token
2025-10-16 12:54:33 [http-nio-7775-exec-1] INFO  a.c.qwisedemoapp.filter.JwtFilter - Auth header: null
2025-10-16 12:54:33 [http-nio-7775-exec-1] INFO  a.c.qwisedemoapp.filter.JwtFilter - Extracted username from JWT: null
2025-10-16 12:54:33 [http-nio-7775-exec-1] INFO  a.c.qwisedemoapp.filter.JwtFilter - Current authentication: null
2025-10-16 12:58:40 [SpringApplicationShutdownHook] INFO  o.s.b.w.e.tomcat.GracefulShutdown - Commencing graceful shutdown. Waiting for active requests to complete
2025-10-16 12:58:40 [tomcat-shutdown] INFO  o.s.b.w.e.tomcat.GracefulShutdown - Graceful shutdown complete
2025-10-16 12:58:40 [SpringApplicationShutdownHook] INFO  o.s.o.j.LocalContainerEntityManagerFactoryBean - Closing JPA EntityManagerFactory for persistence unit 'default'
2025-10-16 12:58:40 [SpringApplicationShutdownHook] INFO  com.zaxxer.hikari.HikariDataSource - HikariPool-1 - Shutdown initiated...
2025-10-16 12:58:40 [SpringApplicationShutdownHook] INFO  com.zaxxer.hikari.HikariDataSource - HikariPool-1 - Shutdown completed.
2025-10-16 12:58:47 [background-preinit] INFO  o.h.validator.internal.util.Version - HV000001: Hibernate Validator 8.0.2.Final
2025-10-16 12:58:47 [main] INFO  a.c.q.QwiseDemoAppApplication - Starting QwiseDemoAppApplication using Java 21.0.2 with PID 8784 (C:\Workspace\Workspace\qwise-app\build\classes\java\main started by ACER in C:\Workspace\Workspace\qwise-app)
2025-10-16 12:58:47 [main] INFO  a.c.q.QwiseDemoAppApplication - No active profile set, falling back to 1 default profile: "default"
2025-10-16 12:58:49 [main] INFO  o.s.d.r.c.RepositoryConfigurationDelegate - Bootstrapping Spring Data JPA repositories in DEFAULT mode.
2025-10-16 12:58:49 [main] INFO  o.s.d.r.c.RepositoryConfigurationDelegate - Finished Spring Data repository scanning in 164 ms. Found 13 JPA repository interfaces.
2025-10-16 12:58:50 [main] INFO  o.s.b.w.e.tomcat.TomcatWebServer - Tomcat initialized with port 7775 (http)
2025-10-16 12:58:50 [main] INFO  o.a.coyote.http11.Http11NioProtocol - Initializing ProtocolHandler ["http-nio-7775"]
2025-10-16 12:58:50 [main] INFO  o.a.catalina.core.StandardService - Starting service [Tomcat]
2025-10-16 12:58:50 [main] INFO  o.a.catalina.core.StandardEngine - Starting Servlet engine: [Apache Tomcat/10.1.43]
2025-10-16 12:58:51 [main] INFO  o.a.c.c.C.[Tomcat].[localhost].[/] - Initializing Spring embedded WebApplicationContext
2025-10-16 12:58:51 [main] INFO  o.s.b.w.s.c.ServletWebServerApplicationContext - Root WebApplicationContext: initialization completed in 3360 ms
2025-10-16 12:58:51 [main] INFO  o.h.jpa.internal.util.LogHelper - HHH000204: Processing PersistenceUnitInfo [name: default]
2025-10-16 12:58:51 [main] INFO  org.hibernate.Version - HHH000412: Hibernate ORM core version 6.6.22.Final
2025-10-16 12:58:51 [main] INFO  o.h.c.i.RegionFactoryInitiator - HHH000026: Second-level cache disabled
2025-10-16 12:58:52 [main] INFO  o.s.o.j.p.SpringPersistenceUnitInfo - No LoadTimeWeaver setup: ignoring JPA class transformer
2025-10-16 12:58:52 [main] INFO  com.zaxxer.hikari.HikariDataSource - HikariPool-1 - Starting...
2025-10-16 12:58:52 [main] INFO  com.zaxxer.hikari.pool.HikariPool - HikariPool-1 - Added connection org.postgresql.jdbc.PgConnection@234bfc8c
2025-10-16 12:58:52 [main] INFO  com.zaxxer.hikari.HikariDataSource - HikariPool-1 - Start completed.
2025-10-16 12:58:52 [main] WARN  org.hibernate.orm.deprecation - HHH90000025: PostgreSQLDialect does not need to be specified explicitly using 'hibernate.dialect' (remove the property setting and it will be selected by default)
2025-10-16 12:58:52 [main] INFO  o.hibernate.orm.connections.pooling - HHH10001005: Database info:
	Database JDBC URL [Connecting through datasource 'HikariDataSource (HikariPool-1)']
	Database driver: undefined/unknown
	Database version: 18.0
	Autocommit mode: undefined/unknown
	Isolation level: undefined/unknown
	Minimum pool size: undefined/unknown
	Maximum pool size: undefined/unknown
2025-10-16 12:58:55 [main] INFO  o.h.e.t.j.p.i.JtaPlatformInitiator - HHH000489: No JTA platform available (set 'hibernate.transaction.jta.platform' to enable JTA platform integration)
2025-10-16 12:58:58 [main] INFO  o.s.o.j.LocalContainerEntityManagerFactoryBean - Initialized JPA EntityManagerFactory for persistence unit 'default'
2025-10-16 12:58:59 [main] INFO  o.s.d.j.r.query.QueryEnhancerFactory - Hibernate is in classpath; If applicable, HQL parser will be used.
2025-10-16 12:59:00 [main] INFO  o.s.s.c.a.a.c.InitializeAuthenticationProviderBeanManagerConfigurer$InitializeAuthenticationProviderManagerConfigurer - Global AuthenticationManager configured with AuthenticationProvider bean with name customAuthenticationProvider
2025-10-16 12:59:00 [main] WARN  o.s.s.c.a.a.c.InitializeUserDetailsBeanManagerConfigurer$InitializeUserDetailsManagerConfigurer - Global AuthenticationManager configured with an AuthenticationProvider bean. UserDetailsService beans will not be used by Spring Security for automatically configuring username/password login. Consider removing the AuthenticationProvider bean. Alternatively, consider using the UserDetailsService in a manually instantiated DaoAuthenticationProvider. If the current configuration is intentional, to turn off this warning, increase the logging level of 'org.springframework.security.config.annotation.authentication.configuration.InitializeUserDetailsBeanManagerConfigurer' to ERROR
2025-10-16 12:59:00 [main] WARN  o.s.b.a.o.j.JpaBaseConfiguration$JpaWebConfiguration - spring.jpa.open-in-view is enabled by default. Therefore, database queries may be performed during view rendering. Explicitly configure spring.jpa.open-in-view to disable this warning
2025-10-16 12:59:01 [main] INFO  o.s.b.a.e.web.EndpointLinksResolver - Exposing 1 endpoint beneath base path '/actuator'
2025-10-16 12:59:01 [main] INFO  o.a.coyote.http11.Http11NioProtocol - Starting ProtocolHandler ["http-nio-7775"]
2025-10-16 12:59:01 [main] INFO  o.s.b.w.e.tomcat.TomcatWebServer - Tomcat started on port 7775 (http) with context path '/'
2025-10-16 12:59:01 [main] INFO  a.c.q.QwiseDemoAppApplication - Started QwiseDemoAppApplication in 15.236 seconds (process running for 16.349)
2025-10-16 12:59:02 [RMI TCP Connection(5)-172.20.176.1] INFO  o.a.c.c.C.[Tomcat].[localhost].[/] - Initializing Spring DispatcherServlet 'dispatcherServlet'
2025-10-16 12:59:02 [RMI TCP Connection(5)-172.20.176.1] INFO  o.s.web.servlet.DispatcherServlet - Initializing Servlet 'dispatcherServlet'
2025-10-16 12:59:02 [RMI TCP Connection(5)-172.20.176.1] INFO  o.s.web.servlet.DispatcherServlet - Completed initialization in 5 ms
2025-10-16 12:59:10 [http-nio-7775-exec-1] INFO  a.c.qwisedemoapp.filter.JwtFilter - Authorization header not found
2025-10-16 12:59:10 [http-nio-7775-exec-1] INFO  a.c.qwisedemoapp.filter.JwtFilter - Invalid token
2025-10-16 12:59:10 [http-nio-7775-exec-1] INFO  a.c.qwisedemoapp.filter.JwtFilter - Auth header: null
2025-10-16 12:59:10 [http-nio-7775-exec-1] INFO  a.c.qwisedemoapp.filter.JwtFilter - Extracted username from JWT: null
2025-10-16 12:59:10 [http-nio-7775-exec-1] INFO  a.c.qwisedemoapp.filter.JwtFilter - Current authentication: null
2025-10-16 13:00:13 [SpringApplicationShutdownHook] INFO  o.s.b.w.e.tomcat.GracefulShutdown - Commencing graceful shutdown. Waiting for active requests to complete
2025-10-16 13:00:13 [tomcat-shutdown] INFO  o.s.b.w.e.tomcat.GracefulShutdown - Graceful shutdown complete
2025-10-16 13:00:13 [SpringApplicationShutdownHook] INFO  o.s.o.j.LocalContainerEntityManagerFactoryBean - Closing JPA EntityManagerFactory for persistence unit 'default'
2025-10-16 13:00:13 [SpringApplicationShutdownHook] INFO  com.zaxxer.hikari.HikariDataSource - HikariPool-1 - Shutdown initiated...
2025-10-16 13:00:13 [SpringApplicationShutdownHook] INFO  com.zaxxer.hikari.HikariDataSource - HikariPool-1 - Shutdown completed.
2025-10-16 13:00:20 [background-preinit] INFO  o.h.validator.internal.util.Version - HV000001: Hibernate Validator 8.0.2.Final
2025-10-16 13:00:20 [main] INFO  a.c.q.QwiseDemoAppApplication - Starting QwiseDemoAppApplication using Java 21.0.2 with PID 4744 (C:\Workspace\Workspace\qwise-app\build\classes\java\main started by ACER in C:\Workspace\Workspace\qwise-app)
2025-10-16 13:00:20 [main] INFO  a.c.q.QwiseDemoAppApplication - No active profile set, falling back to 1 default profile: "default"
2025-10-16 13:00:22 [main] INFO  o.s.d.r.c.RepositoryConfigurationDelegate - Bootstrapping Spring Data JPA repositories in DEFAULT mode.
2025-10-16 13:00:22 [main] INFO  o.s.d.r.c.RepositoryConfigurationDelegate - Finished Spring Data repository scanning in 181 ms. Found 13 JPA repository interfaces.
2025-10-16 13:00:23 [main] INFO  o.s.b.w.e.tomcat.TomcatWebServer - Tomcat initialized with port 7775 (http)
2025-10-16 13:00:23 [main] INFO  o.a.coyote.http11.Http11NioProtocol - Initializing ProtocolHandler ["http-nio-7775"]
2025-10-16 13:00:23 [main] INFO  o.a.catalina.core.StandardService - Starting service [Tomcat]
2025-10-16 13:00:23 [main] INFO  o.a.catalina.core.StandardEngine - Starting Servlet engine: [Apache Tomcat/10.1.43]
2025-10-16 13:00:23 [main] INFO  o.a.c.c.C.[Tomcat].[localhost].[/] - Initializing Spring embedded WebApplicationContext
2025-10-16 13:00:23 [main] INFO  o.s.b.w.s.c.ServletWebServerApplicationContext - Root WebApplicationContext: initialization completed in 3147 ms
2025-10-16 13:00:24 [main] INFO  o.h.jpa.internal.util.LogHelper - HHH000204: Processing PersistenceUnitInfo [name: default]
2025-10-16 13:00:24 [main] INFO  org.hibernate.Version - HHH000412: Hibernate ORM core version 6.6.22.Final
2025-10-16 13:00:24 [main] INFO  o.h.c.i.RegionFactoryInitiator - HHH000026: Second-level cache disabled
2025-10-16 13:00:24 [main] INFO  o.s.o.j.p.SpringPersistenceUnitInfo - No LoadTimeWeaver setup: ignoring JPA class transformer
2025-10-16 13:00:24 [main] INFO  com.zaxxer.hikari.HikariDataSource - HikariPool-1 - Starting...
2025-10-16 13:00:25 [main] INFO  com.zaxxer.hikari.pool.HikariPool - HikariPool-1 - Added connection org.postgresql.jdbc.PgConnection@4d90d91f
2025-10-16 13:00:25 [main] INFO  com.zaxxer.hikari.HikariDataSource - HikariPool-1 - Start completed.
2025-10-16 13:00:25 [main] WARN  org.hibernate.orm.deprecation - HHH90000025: PostgreSQLDialect does not need to be specified explicitly using 'hibernate.dialect' (remove the property setting and it will be selected by default)
2025-10-16 13:00:25 [main] INFO  o.hibernate.orm.connections.pooling - HHH10001005: Database info:
	Database JDBC URL [Connecting through datasource 'HikariDataSource (HikariPool-1)']
	Database driver: undefined/unknown
	Database version: 18.0
	Autocommit mode: undefined/unknown
	Isolation level: undefined/unknown
	Minimum pool size: undefined/unknown
	Maximum pool size: undefined/unknown
2025-10-16 13:00:27 [main] INFO  o.h.e.t.j.p.i.JtaPlatformInitiator - HHH000489: No JTA platform available (set 'hibernate.transaction.jta.platform' to enable JTA platform integration)
2025-10-16 13:00:30 [main] INFO  o.s.o.j.LocalContainerEntityManagerFactoryBean - Initialized JPA EntityManagerFactory for persistence unit 'default'
2025-10-16 13:00:31 [main] INFO  o.s.d.j.r.query.QueryEnhancerFactory - Hibernate is in classpath; If applicable, HQL parser will be used.
2025-10-16 13:00:32 [main] INFO  o.s.s.c.a.a.c.InitializeAuthenticationProviderBeanManagerConfigurer$InitializeAuthenticationProviderManagerConfigurer - Global AuthenticationManager configured with AuthenticationProvider bean with name customAuthenticationProvider
2025-10-16 13:00:32 [main] WARN  o.s.s.c.a.a.c.InitializeUserDetailsBeanManagerConfigurer$InitializeUserDetailsManagerConfigurer - Global AuthenticationManager configured with an AuthenticationProvider bean. UserDetailsService beans will not be used by Spring Security for automatically configuring username/password login. Consider removing the AuthenticationProvider bean. Alternatively, consider using the UserDetailsService in a manually instantiated DaoAuthenticationProvider. If the current configuration is intentional, to turn off this warning, increase the logging level of 'org.springframework.security.config.annotation.authentication.configuration.InitializeUserDetailsBeanManagerConfigurer' to ERROR
2025-10-16 13:00:32 [main] WARN  o.s.b.a.o.j.JpaBaseConfiguration$JpaWebConfiguration - spring.jpa.open-in-view is enabled by default. Therefore, database queries may be performed during view rendering. Explicitly configure spring.jpa.open-in-view to disable this warning
2025-10-16 13:00:33 [main] INFO  o.s.b.a.e.web.EndpointLinksResolver - Exposing 1 endpoint beneath base path '/actuator'
2025-10-16 13:00:34 [main] INFO  o.a.coyote.http11.Http11NioProtocol - Starting ProtocolHandler ["http-nio-7775"]
2025-10-16 13:00:34 [main] INFO  o.s.b.w.e.tomcat.TomcatWebServer - Tomcat started on port 7775 (http) with context path '/'
2025-10-16 13:00:34 [main] INFO  a.c.q.QwiseDemoAppApplication - Started QwiseDemoAppApplication in 14.5 seconds (process running for 15.698)
2025-10-16 13:00:34 [RMI TCP Connection(6)-172.20.176.1] INFO  o.a.c.c.C.[Tomcat].[localhost].[/] - Initializing Spring DispatcherServlet 'dispatcherServlet'
2025-10-16 13:00:34 [RMI TCP Connection(6)-172.20.176.1] INFO  o.s.web.servlet.DispatcherServlet - Initializing Servlet 'dispatcherServlet'
2025-10-16 13:00:34 [RMI TCP Connection(6)-172.20.176.1] INFO  o.s.web.servlet.DispatcherServlet - Completed initialization in 4 ms
2025-10-16 13:00:39 [http-nio-7775-exec-1] INFO  a.c.qwisedemoapp.filter.JwtFilter - Authorization header not found
2025-10-16 13:00:39 [http-nio-7775-exec-1] INFO  a.c.qwisedemoapp.filter.JwtFilter - Invalid token
2025-10-16 13:00:39 [http-nio-7775-exec-1] INFO  a.c.qwisedemoapp.filter.JwtFilter - Auth header: null
2025-10-16 13:00:39 [http-nio-7775-exec-1] INFO  a.c.qwisedemoapp.filter.JwtFilter - Extracted username from JWT: null
2025-10-16 13:00:39 [http-nio-7775-exec-1] INFO  a.c.qwisedemoapp.filter.JwtFilter - Current authentication: null
2025-10-16 13:01:05 [SpringApplicationShutdownHook] INFO  o.s.b.w.e.tomcat.GracefulShutdown - Commencing graceful shutdown. Waiting for active requests to complete
2025-10-16 13:01:05 [tomcat-shutdown] INFO  o.s.b.w.e.tomcat.GracefulShutdown - Graceful shutdown complete
2025-10-16 13:01:05 [SpringApplicationShutdownHook] INFO  o.s.o.j.LocalContainerEntityManagerFactoryBean - Closing JPA EntityManagerFactory for persistence unit 'default'
2025-10-16 13:01:05 [SpringApplicationShutdownHook] INFO  com.zaxxer.hikari.HikariDataSource - HikariPool-1 - Shutdown initiated...
2025-10-16 13:01:05 [SpringApplicationShutdownHook] INFO  com.zaxxer.hikari.HikariDataSource - HikariPool-1 - Shutdown completed.
2025-10-16 13:01:39 [background-preinit] INFO  o.h.validator.internal.util.Version - HV000001: Hibernate Validator 8.0.2.Final
2025-10-16 13:01:39 [main] INFO  a.c.q.QwiseDemoAppApplication - Starting QwiseDemoAppApplication using Java 21.0.2 with PID 8104 (C:\Workspace\Workspace\qwise-app\build\classes\java\main started by ACER in C:\Workspace\Workspace\qwise-app)
2025-10-16 13:01:39 [main] INFO  a.c.q.QwiseDemoAppApplication - No active profile set, falling back to 1 default profile: "default"
2025-10-16 13:01:42 [main] INFO  o.s.d.r.c.RepositoryConfigurationDelegate - Bootstrapping Spring Data JPA repositories in DEFAULT mode.
2025-10-16 13:01:42 [main] INFO  o.s.d.r.c.RepositoryConfigurationDelegate - Finished Spring Data repository scanning in 179 ms. Found 13 JPA repository interfaces.
2025-10-16 13:01:43 [main] INFO  o.s.b.w.e.tomcat.TomcatWebServer - Tomcat initialized with port 7775 (http)
2025-10-16 13:01:43 [main] INFO  o.s.b.w.s.c.ServletWebServerApplicationContext - Root WebApplicationContext: initialization completed in 3267 ms
2025-10-16 13:01:43 [main] INFO  o.h.jpa.internal.util.LogHelper - HHH000204: Processing PersistenceUnitInfo [name: default]
2025-10-16 13:01:43 [main] INFO  org.hibernate.Version - HHH000412: Hibernate ORM core version 6.6.22.Final
2025-10-16 13:01:43 [main] INFO  o.h.c.i.RegionFactoryInitiator - HHH000026: Second-level cache disabled
2025-10-16 13:01:44 [main] INFO  o.s.o.j.p.SpringPersistenceUnitInfo - No LoadTimeWeaver setup: ignoring JPA class transformer
2025-10-16 13:01:44 [main] INFO  com.zaxxer.hikari.HikariDataSource - HikariPool-1 - Starting...
2025-10-16 13:01:44 [main] INFO  com.zaxxer.hikari.pool.HikariPool - HikariPool-1 - Added connection org.postgresql.jdbc.PgConnection@25c16cf7
2025-10-16 13:01:44 [main] INFO  com.zaxxer.hikari.HikariDataSource - HikariPool-1 - Start completed.
2025-10-16 13:01:45 [main] WARN  org.hibernate.orm.deprecation - HHH90000025: PostgreSQLDialect does not need to be specified explicitly using 'hibernate.dialect' (remove the property setting and it will be selected by default)
2025-10-16 13:01:45 [main] INFO  o.hibernate.orm.connections.pooling - HHH10001005: Database info:
	Database JDBC URL [Connecting through datasource 'HikariDataSource (HikariPool-1)']
	Database driver: undefined/unknown
	Database version: 18.0
	Autocommit mode: undefined/unknown
	Isolation level: undefined/unknown
	Minimum pool size: undefined/unknown
	Maximum pool size: undefined/unknown
2025-10-16 13:01:47 [main] INFO  o.h.e.t.j.p.i.JtaPlatformInitiator - HHH000489: No JTA platform available (set 'hibernate.transaction.jta.platform' to enable JTA platform integration)
2025-10-16 13:01:50 [main] INFO  o.s.o.j.LocalContainerEntityManagerFactoryBean - Initialized JPA EntityManagerFactory for persistence unit 'default'
2025-10-16 13:01:51 [main] INFO  o.s.d.j.r.query.QueryEnhancerFactory - Hibernate is in classpath; If applicable, HQL parser will be used.
2025-10-16 13:01:52 [main] INFO  o.s.s.c.a.a.c.InitializeAuthenticationProviderBeanManagerConfigurer$InitializeAuthenticationProviderManagerConfigurer - Global AuthenticationManager configured with AuthenticationProvider bean with name customAuthenticationProvider
2025-10-16 13:01:52 [main] WARN  o.s.s.c.a.a.c.InitializeUserDetailsBeanManagerConfigurer$InitializeUserDetailsManagerConfigurer - Global AuthenticationManager configured with an AuthenticationProvider bean. UserDetailsService beans will not be used by Spring Security for automatically configuring username/password login. Consider removing the AuthenticationProvider bean. Alternatively, consider using the UserDetailsService in a manually instantiated DaoAuthenticationProvider. If the current configuration is intentional, to turn off this warning, increase the logging level of 'org.springframework.security.config.annotation.authentication.configuration.InitializeUserDetailsBeanManagerConfigurer' to ERROR
2025-10-16 13:01:52 [main] WARN  o.s.b.a.o.j.JpaBaseConfiguration$JpaWebConfiguration - spring.jpa.open-in-view is enabled by default. Therefore, database queries may be performed during view rendering. Explicitly configure spring.jpa.open-in-view to disable this warning
2025-10-16 13:01:53 [main] INFO  o.s.b.a.e.web.EndpointLinksResolver - Exposing 1 endpoint beneath base path '/actuator'
2025-10-16 13:02:51 [background-preinit] INFO  o.h.validator.internal.util.Version - HV000001: Hibernate Validator 8.0.2.Final
2025-10-16 13:02:51 [main] INFO  a.c.q.QwiseDemoAppApplication - Starting QwiseDemoAppApplication using Java 21.0.2 with PID 11948 (C:\Workspace\Workspace\qwise-app\build\classes\java\main started by ACER in C:\Workspace\Workspace\qwise-app)
2025-10-16 13:02:51 [main] INFO  a.c.q.QwiseDemoAppApplication - No active profile set, falling back to 1 default profile: "default"
2025-10-16 13:02:53 [main] INFO  o.s.d.r.c.RepositoryConfigurationDelegate - Bootstrapping Spring Data JPA repositories in DEFAULT mode.
2025-10-16 13:02:53 [main] INFO  o.s.d.r.c.RepositoryConfigurationDelegate - Finished Spring Data repository scanning in 182 ms. Found 13 JPA repository interfaces.
2025-10-16 13:02:54 [main] INFO  o.s.b.w.e.tomcat.TomcatWebServer - Tomcat initialized with port 7775 (http)
2025-10-16 13:02:54 [main] INFO  o.a.coyote.http11.Http11NioProtocol - Initializing ProtocolHandler ["http-nio-7775"]
2025-10-16 13:02:54 [main] INFO  o.a.catalina.core.StandardService - Starting service [Tomcat]
2025-10-16 13:02:54 [main] INFO  o.a.catalina.core.StandardEngine - Starting Servlet engine: [Apache Tomcat/10.1.43]
2025-10-16 13:02:54 [main] INFO  o.a.c.c.C.[Tomcat].[localhost].[/] - Initializing Spring embedded WebApplicationContext
2025-10-16 13:02:54 [main] INFO  o.s.b.w.s.c.ServletWebServerApplicationContext - Root WebApplicationContext: initialization completed in 3584 ms
2025-10-16 13:02:55 [main] INFO  o.h.jpa.internal.util.LogHelper - HHH000204: Processing PersistenceUnitInfo [name: default]
2025-10-16 13:02:55 [main] INFO  org.hibernate.Version - HHH000412: Hibernate ORM core version 6.6.22.Final
2025-10-16 13:02:55 [main] INFO  o.h.c.i.RegionFactoryInitiator - HHH000026: Second-level cache disabled
2025-10-16 13:02:56 [main] INFO  o.s.o.j.p.SpringPersistenceUnitInfo - No LoadTimeWeaver setup: ignoring JPA class transformer
2025-10-16 13:02:56 [main] INFO  com.zaxxer.hikari.HikariDataSource - HikariPool-1 - Starting...
2025-10-16 13:02:57 [main] INFO  com.zaxxer.hikari.pool.HikariPool - HikariPool-1 - Added connection org.postgresql.jdbc.PgConnection@639cb0c8
2025-10-16 13:02:57 [main] INFO  com.zaxxer.hikari.HikariDataSource - HikariPool-1 - Start completed.
2025-10-16 13:02:57 [main] WARN  org.hibernate.orm.deprecation - HHH90000025: PostgreSQLDialect does not need to be specified explicitly using 'hibernate.dialect' (remove the property setting and it will be selected by default)
2025-10-16 13:02:57 [main] INFO  o.hibernate.orm.connections.pooling - HHH10001005: Database info:
	Database JDBC URL [Connecting through datasource 'HikariDataSource (HikariPool-1)']
	Database driver: undefined/unknown
	Database version: 18.0
	Autocommit mode: undefined/unknown
	Isolation level: undefined/unknown
	Minimum pool size: undefined/unknown
	Maximum pool size: undefined/unknown
2025-10-16 13:03:01 [main] INFO  o.h.e.t.j.p.i.JtaPlatformInitiator - HHH000489: No JTA platform available (set 'hibernate.transaction.jta.platform' to enable JTA platform integration)
2025-10-16 13:03:03 [main] INFO  o.s.o.j.LocalContainerEntityManagerFactoryBean - Initialized JPA EntityManagerFactory for persistence unit 'default'
2025-10-16 13:03:05 [main] INFO  o.s.d.j.r.query.QueryEnhancerFactory - Hibernate is in classpath; If applicable, HQL parser will be used.
2025-10-16 13:03:06 [main] INFO  o.s.s.c.a.a.c.InitializeAuthenticationProviderBeanManagerConfigurer$InitializeAuthenticationProviderManagerConfigurer - Global AuthenticationManager configured with AuthenticationProvider bean with name customAuthenticationProvider
2025-10-16 13:03:06 [main] WARN  o.s.s.c.a.a.c.InitializeUserDetailsBeanManagerConfigurer$InitializeUserDetailsManagerConfigurer - Global AuthenticationManager configured with an AuthenticationProvider bean. UserDetailsService beans will not be used by Spring Security for automatically configuring username/password login. Consider removing the AuthenticationProvider bean. Alternatively, consider using the UserDetailsService in a manually instantiated DaoAuthenticationProvider. If the current configuration is intentional, to turn off this warning, increase the logging level of 'org.springframework.security.config.annotation.authentication.configuration.InitializeUserDetailsBeanManagerConfigurer' to ERROR
2025-10-16 13:03:07 [main] WARN  o.s.b.a.o.j.JpaBaseConfiguration$JpaWebConfiguration - spring.jpa.open-in-view is enabled by default. Therefore, database queries may be performed during view rendering. Explicitly configure spring.jpa.open-in-view to disable this warning
2025-10-16 13:03:08 [main] INFO  o.s.b.a.e.web.EndpointLinksResolver - Exposing 1 endpoint beneath base path '/actuator'
2025-10-16 13:03:10 [main] INFO  o.a.coyote.http11.Http11NioProtocol - Starting ProtocolHandler ["http-nio-7775"]
2025-10-16 13:03:10 [main] INFO  o.s.b.w.e.tomcat.TomcatWebServer - Tomcat started on port 7775 (http) with context path '/'
2025-10-16 13:03:10 [main] INFO  a.c.q.QwiseDemoAppApplication - Started QwiseDemoAppApplication in 20.481 seconds (process running for 22.389)
2025-10-16 13:03:11 [http-nio-7775-exec-2] INFO  o.a.c.c.C.[Tomcat].[localhost].[/] - Initializing Spring DispatcherServlet 'dispatcherServlet'
2025-10-16 13:03:11 [http-nio-7775-exec-2] INFO  o.s.web.servlet.DispatcherServlet - Initializing Servlet 'dispatcherServlet'
2025-10-16 13:03:11 [http-nio-7775-exec-2] INFO  o.s.web.servlet.DispatcherServlet - Completed initialization in 5 ms
2025-10-16 13:03:26 [http-nio-7775-exec-2] INFO  a.c.qwisedemoapp.filter.JwtFilter - Authorization header not found
2025-10-16 13:03:28 [http-nio-7775-exec-2] INFO  a.c.qwisedemoapp.filter.JwtFilter - Invalid token
2025-10-16 13:03:28 [http-nio-7775-exec-2] INFO  a.c.qwisedemoapp.filter.JwtFilter - Auth header: null
2025-10-16 13:03:29 [http-nio-7775-exec-2] INFO  a.c.qwisedemoapp.filter.JwtFilter - Extracted username from JWT: null
2025-10-16 13:03:30 [http-nio-7775-exec-2] INFO  a.c.qwisedemoapp.filter.JwtFilter - Current authentication: null
2025-10-16 13:05:07 [SpringApplicationShutdownHook] INFO  o.s.b.w.e.tomcat.GracefulShutdown - Commencing graceful shutdown. Waiting for active requests to complete
2025-10-16 13:05:07 [tomcat-shutdown] INFO  o.s.b.w.e.tomcat.GracefulShutdown - Graceful shutdown complete
2025-10-16 13:05:07 [SpringApplicationShutdownHook] INFO  o.s.o.j.LocalContainerEntityManagerFactoryBean - Closing JPA EntityManagerFactory for persistence unit 'default'
2025-10-16 13:05:07 [SpringApplicationShutdownHook] INFO  com.zaxxer.hikari.HikariDataSource - HikariPool-1 - Shutdown initiated...
2025-10-16 13:05:07 [SpringApplicationShutdownHook] INFO  com.zaxxer.hikari.HikariDataSource - HikariPool-1 - Shutdown completed.
2025-10-16 13:05:14 [background-preinit] INFO  o.h.validator.internal.util.Version - HV000001: Hibernate Validator 8.0.2.Final
2025-10-16 13:05:14 [main] INFO  a.c.q.QwiseDemoAppApplication - Starting QwiseDemoAppApplication using Java 21.0.2 with PID 13872 (C:\Workspace\Workspace\qwise-app\build\classes\java\main started by ACER in C:\Workspace\Workspace\qwise-app)
2025-10-16 13:05:14 [main] INFO  a.c.q.QwiseDemoAppApplication - No active profile set, falling back to 1 default profile: "default"
2025-10-16 13:05:16 [main] INFO  o.s.d.r.c.RepositoryConfigurationDelegate - Bootstrapping Spring Data JPA repositories in DEFAULT mode.
2025-10-16 13:05:17 [main] INFO  o.s.d.r.c.RepositoryConfigurationDelegate - Finished Spring Data repository scanning in 180 ms. Found 13 JPA repository interfaces.
2025-10-16 13:05:18 [main] INFO  o.s.b.w.e.tomcat.TomcatWebServer - Tomcat initialized with port 7775 (http)
2025-10-16 13:05:18 [main] INFO  o.a.coyote.http11.Http11NioProtocol - Initializing ProtocolHandler ["http-nio-7775"]
2025-10-16 13:05:18 [main] INFO  o.a.catalina.core.StandardService - Starting service [Tomcat]
2025-10-16 13:05:18 [main] INFO  o.a.catalina.core.StandardEngine - Starting Servlet engine: [Apache Tomcat/10.1.43]
2025-10-16 13:05:18 [main] INFO  o.a.c.c.C.[Tomcat].[localhost].[/] - Initializing Spring embedded WebApplicationContext
2025-10-16 13:05:18 [main] INFO  o.s.b.w.s.c.ServletWebServerApplicationContext - Root WebApplicationContext: initialization completed in 3789 ms
2025-10-16 13:05:18 [main] INFO  o.h.jpa.internal.util.LogHelper - HHH000204: Processing PersistenceUnitInfo [name: default]
2025-10-16 13:05:19 [main] INFO  org.hibernate.Version - HHH000412: Hibernate ORM core version 6.6.22.Final
2025-10-16 13:05:19 [main] INFO  o.h.c.i.RegionFactoryInitiator - HHH000026: Second-level cache disabled
2025-10-16 13:05:20 [main] INFO  o.s.o.j.p.SpringPersistenceUnitInfo - No LoadTimeWeaver setup: ignoring JPA class transformer
2025-10-16 13:05:20 [main] INFO  com.zaxxer.hikari.HikariDataSource - HikariPool-1 - Starting...
2025-10-16 13:05:21 [main] INFO  com.zaxxer.hikari.pool.HikariPool - HikariPool-1 - Added connection org.postgresql.jdbc.PgConnection@7fa68ff4
2025-10-16 13:05:21 [main] INFO  com.zaxxer.hikari.HikariDataSource - HikariPool-1 - Start completed.
2025-10-16 13:05:21 [main] WARN  org.hibernate.orm.deprecation - HHH90000025: PostgreSQLDialect does not need to be specified explicitly using 'hibernate.dialect' (remove the property setting and it will be selected by default)
2025-10-16 13:05:21 [main] INFO  o.hibernate.orm.connections.pooling - HHH10001005: Database info:
	Database JDBC URL [Connecting through datasource 'HikariDataSource (HikariPool-1)']
	Database driver: undefined/unknown
	Database version: 18.0
	Autocommit mode: undefined/unknown
	Isolation level: undefined/unknown
	Minimum pool size: undefined/unknown
	Maximum pool size: undefined/unknown
2025-10-16 13:05:25 [main] INFO  o.h.e.t.j.p.i.JtaPlatformInitiator - HHH000489: No JTA platform available (set 'hibernate.transaction.jta.platform' to enable JTA platform integration)
2025-10-16 13:05:28 [main] INFO  o.s.o.j.LocalContainerEntityManagerFactoryBean - Initialized JPA EntityManagerFactory for persistence unit 'default'
2025-10-16 13:05:29 [main] INFO  o.s.d.j.r.query.QueryEnhancerFactory - Hibernate is in classpath; If applicable, HQL parser will be used.
2025-10-16 13:05:31 [main] INFO  o.s.s.c.a.a.c.InitializeAuthenticationProviderBeanManagerConfigurer$InitializeAuthenticationProviderManagerConfigurer - Global AuthenticationManager configured with AuthenticationProvider bean with name customAuthenticationProvider
2025-10-16 13:05:31 [main] WARN  o.s.s.c.a.a.c.InitializeUserDetailsBeanManagerConfigurer$InitializeUserDetailsManagerConfigurer - Global AuthenticationManager configured with an AuthenticationProvider bean. UserDetailsService beans will not be used by Spring Security for automatically configuring username/password login. Consider removing the AuthenticationProvider bean. Alternatively, consider using the UserDetailsService in a manually instantiated DaoAuthenticationProvider. If the current configuration is intentional, to turn off this warning, increase the logging level of 'org.springframework.security.config.annotation.authentication.configuration.InitializeUserDetailsBeanManagerConfigurer' to ERROR
2025-10-16 13:05:31 [main] WARN  o.s.b.a.o.j.JpaBaseConfiguration$JpaWebConfiguration - spring.jpa.open-in-view is enabled by default. Therefore, database queries may be performed during view rendering. Explicitly configure spring.jpa.open-in-view to disable this warning
2025-10-16 13:05:32 [main] INFO  o.s.b.a.e.web.EndpointLinksResolver - Exposing 1 endpoint beneath base path '/actuator'
2025-10-16 13:05:34 [main] INFO  o.a.coyote.http11.Http11NioProtocol - Starting ProtocolHandler ["http-nio-7775"]
2025-10-16 13:05:34 [main] INFO  o.s.b.w.e.tomcat.TomcatWebServer - Tomcat started on port 7775 (http) with context path '/'
2025-10-16 13:05:34 [main] INFO  a.c.q.QwiseDemoAppApplication - Started QwiseDemoAppApplication in 21.078 seconds (process running for 22.702)
2025-10-16 13:05:42 [http-nio-7775-exec-1] INFO  o.a.c.c.C.[Tomcat].[localhost].[/] - Initializing Spring DispatcherServlet 'dispatcherServlet'
2025-10-16 13:05:42 [http-nio-7775-exec-1] INFO  o.s.web.servlet.DispatcherServlet - Initializing Servlet 'dispatcherServlet'
2025-10-16 13:05:42 [http-nio-7775-exec-1] INFO  o.s.web.servlet.DispatcherServlet - Completed initialization in 4 ms
2025-10-16 13:06:06 [HikariPool-1:housekeeper] WARN  com.zaxxer.hikari.pool.HikariPool - HikariPool-1 - Thread starvation or clock leap detected (housekeeper delta=45s306ms173µs500ns).
2025-10-16 13:06:07 [http-nio-7775-exec-3] INFO  a.c.qwisedemoapp.filter.JwtFilter - Authorization header not found
2025-10-16 13:06:07 [http-nio-7775-exec-1] INFO  a.c.qwisedemoapp.filter.JwtFilter - Authorization header not found
2025-10-16 13:06:07 [http-nio-7775-exec-1] INFO  a.c.qwisedemoapp.filter.JwtFilter - Invalid token
2025-10-16 13:06:07 [http-nio-7775-exec-1] INFO  a.c.qwisedemoapp.filter.JwtFilter - Auth header: null
2025-10-16 13:06:07 [http-nio-7775-exec-1] INFO  a.c.qwisedemoapp.filter.JwtFilter - Extracted username from JWT: null
2025-10-16 13:06:07 [http-nio-7775-exec-1] INFO  a.c.qwisedemoapp.filter.JwtFilter - Current authentication: null
2025-10-16 13:06:07 [http-nio-7775-exec-2] INFO  a.c.qwisedemoapp.filter.JwtFilter - Authorization header not found
2025-10-16 13:06:07 [http-nio-7775-exec-3] INFO  a.c.qwisedemoapp.filter.JwtFilter - Invalid token
2025-10-16 13:06:07 [http-nio-7775-exec-3] INFO  a.c.qwisedemoapp.filter.JwtFilter - Auth header: null
2025-10-16 13:06:07 [http-nio-7775-exec-3] INFO  a.c.qwisedemoapp.filter.JwtFilter - Extracted username from JWT: null
2025-10-16 13:06:07 [http-nio-7775-exec-3] INFO  a.c.qwisedemoapp.filter.JwtFilter - Current authentication: null
2025-10-16 13:06:07 [http-nio-7775-exec-2] INFO  a.c.qwisedemoapp.filter.JwtFilter - Invalid token
2025-10-16 13:06:08 [http-nio-7775-exec-2] INFO  a.c.qwisedemoapp.filter.JwtFilter - Auth header: null
2025-10-16 13:06:08 [http-nio-7775-exec-2] INFO  a.c.qwisedemoapp.filter.JwtFilter - Extracted username from JWT: null
2025-10-16 13:06:08 [http-nio-7775-exec-2] INFO  a.c.qwisedemoapp.filter.JwtFilter - Current authentication: null
2025-10-16 13:06:08 [http-nio-7775-exec-4] INFO  a.c.qwisedemoapp.filter.JwtFilter - Authorization header not found
2025-10-16 13:06:08 [http-nio-7775-exec-4] INFO  a.c.qwisedemoapp.filter.JwtFilter - Invalid token
2025-10-16 13:06:08 [http-nio-7775-exec-4] INFO  a.c.qwisedemoapp.filter.JwtFilter - Auth header: null
2025-10-16 13:06:08 [http-nio-7775-exec-4] INFO  a.c.qwisedemoapp.filter.JwtFilter - Extracted username from JWT: null
2025-10-16 13:06:08 [http-nio-7775-exec-4] INFO  a.c.qwisedemoapp.filter.JwtFilter - Current authentication: null
2025-10-16 13:06:45 [http-nio-7775-exec-7] INFO  a.c.qwisedemoapp.filter.JwtFilter - Authorization header not found
2025-10-16 13:06:45 [http-nio-7775-exec-7] INFO  a.c.qwisedemoapp.filter.JwtFilter - Invalid token
2025-10-16 13:06:45 [http-nio-7775-exec-7] INFO  a.c.qwisedemoapp.filter.JwtFilter - Auth header: null
2025-10-16 13:06:45 [http-nio-7775-exec-7] INFO  a.c.qwisedemoapp.filter.JwtFilter - Extracted username from JWT: null
2025-10-16 13:06:45 [http-nio-7775-exec-7] INFO  a.c.qwisedemoapp.filter.JwtFilter - Current authentication: null
2025-10-16 13:06:45 [SpringApplicationShutdownHook] INFO  o.s.b.w.e.tomcat.GracefulShutdown - Commencing graceful shutdown. Waiting for active requests to complete
2025-10-16 13:06:45 [tomcat-shutdown] INFO  o.s.b.w.e.tomcat.GracefulShutdown - Graceful shutdown complete
2025-10-16 13:06:45 [SpringApplicationShutdownHook] INFO  o.s.o.j.LocalContainerEntityManagerFactoryBean - Closing JPA EntityManagerFactory for persistence unit 'default'
2025-10-16 13:06:45 [SpringApplicationShutdownHook] INFO  com.zaxxer.hikari.HikariDataSource - HikariPool-1 - Shutdown initiated...
2025-10-16 13:06:46 [SpringApplicationShutdownHook] INFO  com.zaxxer.hikari.HikariDataSource - HikariPool-1 - Shutdown completed.
2025-10-16 13:06:52 [background-preinit] INFO  o.h.validator.internal.util.Version - HV000001: Hibernate Validator 8.0.2.Final
2025-10-16 13:06:52 [main] INFO  a.c.q.QwiseDemoAppApplication - Starting QwiseDemoAppApplication using Java 21.0.2 with PID 2856 (C:\Workspace\Workspace\qwise-app\build\classes\java\main started by ACER in C:\Workspace\Workspace\qwise-app)
2025-10-16 13:06:52 [main] INFO  a.c.q.QwiseDemoAppApplication - No active profile set, falling back to 1 default profile: "default"
2025-10-16 13:06:54 [main] INFO  o.s.d.r.c.RepositoryConfigurationDelegate - Bootstrapping Spring Data JPA repositories in DEFAULT mode.
2025-10-16 13:06:54 [main] INFO  o.s.d.r.c.RepositoryConfigurationDelegate - Finished Spring Data repository scanning in 174 ms. Found 13 JPA repository interfaces.
2025-10-16 13:06:55 [main] INFO  o.s.b.w.e.tomcat.TomcatWebServer - Tomcat initialized with port 7775 (http)
2025-10-16 13:06:55 [main] INFO  o.a.coyote.http11.Http11NioProtocol - Initializing ProtocolHandler ["http-nio-7775"]
2025-10-16 13:06:55 [main] INFO  o.a.catalina.core.StandardService - Starting service [Tomcat]
2025-10-16 13:06:55 [main] INFO  o.a.catalina.core.StandardEngine - Starting Servlet engine: [Apache Tomcat/10.1.43]
2025-10-16 13:06:55 [main] INFO  o.a.c.c.C.[Tomcat].[localhost].[/] - Initializing Spring embedded WebApplicationContext
2025-10-16 13:06:55 [main] INFO  o.s.b.w.s.c.ServletWebServerApplicationContext - Root WebApplicationContext: initialization completed in 3319 ms
2025-10-16 13:06:56 [main] INFO  o.h.jpa.internal.util.LogHelper - HHH000204: Processing PersistenceUnitInfo [name: default]
2025-10-16 13:06:56 [main] INFO  org.hibernate.Version - HHH000412: Hibernate ORM core version 6.6.22.Final
2025-10-16 13:06:56 [main] INFO  o.h.c.i.RegionFactoryInitiator - HHH000026: Second-level cache disabled
2025-10-16 13:06:56 [main] INFO  o.s.o.j.p.SpringPersistenceUnitInfo - No LoadTimeWeaver setup: ignoring JPA class transformer
2025-10-16 13:06:56 [main] INFO  com.zaxxer.hikari.HikariDataSource - HikariPool-1 - Starting...
2025-10-16 13:06:56 [main] INFO  com.zaxxer.hikari.pool.HikariPool - HikariPool-1 - Added connection org.postgresql.jdbc.PgConnection@6aa792
2025-10-16 13:06:56 [main] INFO  com.zaxxer.hikari.HikariDataSource - HikariPool-1 - Start completed.
2025-10-16 13:06:56 [main] WARN  org.hibernate.orm.deprecation - HHH90000025: PostgreSQLDialect does not need to be specified explicitly using 'hibernate.dialect' (remove the property setting and it will be selected by default)
2025-10-16 13:06:56 [main] INFO  o.hibernate.orm.connections.pooling - HHH10001005: Database info:
	Database JDBC URL [Connecting through datasource 'HikariDataSource (HikariPool-1)']
	Database driver: undefined/unknown
	Database version: 18.0
	Autocommit mode: undefined/unknown
	Isolation level: undefined/unknown
	Minimum pool size: undefined/unknown
	Maximum pool size: undefined/unknown
2025-10-16 13:06:59 [main] INFO  o.h.e.t.j.p.i.JtaPlatformInitiator - HHH000489: No JTA platform available (set 'hibernate.transaction.jta.platform' to enable JTA platform integration)
2025-10-16 13:07:02 [main] INFO  o.s.o.j.LocalContainerEntityManagerFactoryBean - Initialized JPA EntityManagerFactory for persistence unit 'default'
2025-10-16 13:07:02 [main] INFO  o.s.d.j.r.query.QueryEnhancerFactory - Hibernate is in classpath; If applicable, HQL parser will be used.
2025-10-16 13:07:03 [main] INFO  o.s.s.c.a.a.c.InitializeAuthenticationProviderBeanManagerConfigurer$InitializeAuthenticationProviderManagerConfigurer - Global AuthenticationManager configured with AuthenticationProvider bean with name customAuthenticationProvider
2025-10-16 13:07:03 [main] WARN  o.s.s.c.a.a.c.InitializeUserDetailsBeanManagerConfigurer$InitializeUserDetailsManagerConfigurer - Global AuthenticationManager configured with an AuthenticationProvider bean. UserDetailsService beans will not be used by Spring Security for automatically configuring username/password login. Consider removing the AuthenticationProvider bean. Alternatively, consider using the UserDetailsService in a manually instantiated DaoAuthenticationProvider. If the current configuration is intentional, to turn off this warning, increase the logging level of 'org.springframework.security.config.annotation.authentication.configuration.InitializeUserDetailsBeanManagerConfigurer' to ERROR
2025-10-16 13:07:03 [main] WARN  o.s.b.a.o.j.JpaBaseConfiguration$JpaWebConfiguration - spring.jpa.open-in-view is enabled by default. Therefore, database queries may be performed during view rendering. Explicitly configure spring.jpa.open-in-view to disable this warning
2025-10-16 13:07:04 [main] INFO  o.s.b.a.e.web.EndpointLinksResolver - Exposing 1 endpoint beneath base path '/actuator'
2025-10-16 13:07:05 [main] INFO  o.a.coyote.http11.Http11NioProtocol - Starting ProtocolHandler ["http-nio-7775"]
2025-10-16 13:07:05 [main] INFO  o.s.b.w.e.tomcat.TomcatWebServer - Tomcat started on port 7775 (http) with context path '/'
2025-10-16 13:07:05 [main] INFO  a.c.q.QwiseDemoAppApplication - Started QwiseDemoAppApplication in 13.934 seconds (process running for 15.212)
2025-10-16 13:07:05 [RMI TCP Connection(6)-172.20.176.1] INFO  o.a.c.c.C.[Tomcat].[localhost].[/] - Initializing Spring DispatcherServlet 'dispatcherServlet'
2025-10-16 13:07:05 [RMI TCP Connection(6)-172.20.176.1] INFO  o.s.web.servlet.DispatcherServlet - Initializing Servlet 'dispatcherServlet'
2025-10-16 13:07:05 [RMI TCP Connection(6)-172.20.176.1] INFO  o.s.web.servlet.DispatcherServlet - Completed initialization in 5 ms
2025-10-16 13:07:08 [http-nio-7775-exec-1] INFO  a.c.qwisedemoapp.filter.JwtFilter - Authorization header not found
2025-10-16 13:07:08 [http-nio-7775-exec-1] INFO  a.c.qwisedemoapp.filter.JwtFilter - Invalid token
2025-10-16 13:07:08 [http-nio-7775-exec-1] INFO  a.c.qwisedemoapp.filter.JwtFilter - Auth header: null
2025-10-16 13:07:08 [http-nio-7775-exec-1] INFO  a.c.qwisedemoapp.filter.JwtFilter - Extracted username from JWT: null
2025-10-16 13:07:08 [http-nio-7775-exec-1] INFO  a.c.qwisedemoapp.filter.JwtFilter - Current authentication: null
2025-10-16 13:07:08 [http-nio-7775-exec-2] INFO  a.c.qwisedemoapp.filter.JwtFilter - Authorization header not found
2025-10-16 13:07:08 [http-nio-7775-exec-2] INFO  a.c.qwisedemoapp.filter.JwtFilter - Invalid token
2025-10-16 13:07:08 [http-nio-7775-exec-2] INFO  a.c.qwisedemoapp.filter.JwtFilter - Auth header: null
2025-10-16 13:07:08 [http-nio-7775-exec-2] INFO  a.c.qwisedemoapp.filter.JwtFilter - Extracted username from JWT: null
2025-10-16 13:07:08 [http-nio-7775-exec-2] INFO  a.c.qwisedemoapp.filter.JwtFilter - Current authentication: null
2025-10-16 13:07:08 [http-nio-7775-exec-3] INFO  a.c.qwisedemoapp.filter.JwtFilter - Authorization header not found
2025-10-16 13:07:08 [http-nio-7775-exec-3] INFO  a.c.qwisedemoapp.filter.JwtFilter - Invalid token
2025-10-16 13:07:08 [http-nio-7775-exec-3] INFO  a.c.qwisedemoapp.filter.JwtFilter - Auth header: null
2025-10-16 13:07:08 [http-nio-7775-exec-3] INFO  a.c.qwisedemoapp.filter.JwtFilter - Extracted username from JWT: null
2025-10-16 13:07:08 [http-nio-7775-exec-3] INFO  a.c.qwisedemoapp.filter.JwtFilter - Current authentication: null
2025-10-16 13:07:08 [http-nio-7775-exec-5] INFO  a.c.qwisedemoapp.filter.JwtFilter - Authorization header not found
2025-10-16 13:07:08 [http-nio-7775-exec-5] INFO  a.c.qwisedemoapp.filter.JwtFilter - Invalid token
2025-10-16 13:07:08 [http-nio-7775-exec-5] INFO  a.c.qwisedemoapp.filter.JwtFilter - Auth header: null
2025-10-16 13:07:08 [http-nio-7775-exec-5] INFO  a.c.qwisedemoapp.filter.JwtFilter - Extracted username from JWT: null
2025-10-16 13:07:08 [http-nio-7775-exec-5] INFO  a.c.qwisedemoapp.filter.JwtFilter - Current authentication: null
2025-10-16 13:07:08 [http-nio-7775-exec-6] INFO  a.c.qwisedemoapp.filter.JwtFilter - Authorization header not found
2025-10-16 13:07:08 [http-nio-7775-exec-6] INFO  a.c.qwisedemoapp.filter.JwtFilter - Invalid token
2025-10-16 13:07:08 [http-nio-7775-exec-6] INFO  a.c.qwisedemoapp.filter.JwtFilter - Auth header: null
2025-10-16 13:07:08 [http-nio-7775-exec-6] INFO  a.c.qwisedemoapp.filter.JwtFilter - Extracted username from JWT: null
2025-10-16 13:07:08 [http-nio-7775-exec-6] INFO  a.c.qwisedemoapp.filter.JwtFilter - Current authentication: null
2025-10-16 13:07:08 [http-nio-7775-exec-4] INFO  a.c.qwisedemoapp.filter.JwtFilter - Authorization header not found
2025-10-16 13:07:08 [http-nio-7775-exec-4] INFO  a.c.qwisedemoapp.filter.JwtFilter - Invalid token
2025-10-16 13:07:08 [http-nio-7775-exec-4] INFO  a.c.qwisedemoapp.filter.JwtFilter - Auth header: null
2025-10-16 13:07:08 [http-nio-7775-exec-4] INFO  a.c.qwisedemoapp.filter.JwtFilter - Extracted username from JWT: null
2025-10-16 13:07:08 [http-nio-7775-exec-4] INFO  a.c.qwisedemoapp.filter.JwtFilter - Current authentication: null
2025-10-16 13:07:08 [http-nio-7775-exec-7] INFO  a.c.qwisedemoapp.filter.JwtFilter - Authorization header not found
2025-10-16 13:07:08 [http-nio-7775-exec-7] INFO  a.c.qwisedemoapp.filter.JwtFilter - Invalid token
2025-10-16 13:07:08 [http-nio-7775-exec-7] INFO  a.c.qwisedemoapp.filter.JwtFilter - Auth header: null
2025-10-16 13:07:08 [http-nio-7775-exec-7] INFO  a.c.qwisedemoapp.filter.JwtFilter - Extracted username from JWT: null
2025-10-16 13:07:08 [http-nio-7775-exec-7] INFO  a.c.qwisedemoapp.filter.JwtFilter - Current authentication: null
2025-10-16 13:07:08 [http-nio-7775-exec-8] INFO  a.c.qwisedemoapp.filter.JwtFilter - Authorization header not found
2025-10-16 13:07:08 [http-nio-7775-exec-8] INFO  a.c.qwisedemoapp.filter.JwtFilter - Invalid token
2025-10-16 13:07:08 [http-nio-7775-exec-8] INFO  a.c.qwisedemoapp.filter.JwtFilter - Auth header: null
2025-10-16 13:07:08 [http-nio-7775-exec-8] INFO  a.c.qwisedemoapp.filter.JwtFilter - Extracted username from JWT: null
2025-10-16 13:07:08 [http-nio-7775-exec-8] INFO  a.c.qwisedemoapp.filter.JwtFilter - Current authentication: null
2025-10-16 13:07:09 [http-nio-7775-exec-8] INFO  o.s.api.AbstractOpenApiResource - Init duration for springdoc-openapi is: 1232 ms
2025-10-16 13:07:23 [SpringApplicationShutdownHook] INFO  o.s.b.w.e.tomcat.GracefulShutdown - Commencing graceful shutdown. Waiting for active requests to complete
2025-10-16 13:07:23 [tomcat-shutdown] INFO  o.s.b.w.e.tomcat.GracefulShutdown - Graceful shutdown complete
2025-10-16 13:07:23 [SpringApplicationShutdownHook] INFO  o.s.o.j.LocalContainerEntityManagerFactoryBean - Closing JPA EntityManagerFactory for persistence unit 'default'
2025-10-16 13:07:23 [SpringApplicationShutdownHook] INFO  com.zaxxer.hikari.HikariDataSource - HikariPool-1 - Shutdown initiated...
2025-10-16 13:07:23 [SpringApplicationShutdownHook] INFO  com.zaxxer.hikari.HikariDataSource - HikariPool-1 - Shutdown completed.
2025-10-16 13:07:58 [background-preinit] INFO  o.h.validator.internal.util.Version - HV000001: Hibernate Validator 8.0.2.Final
2025-10-16 13:07:58 [main] INFO  a.c.q.QwiseDemoAppApplication - Starting QwiseDemoAppApplication using Java 21.0.2 with PID 15192 (C:\Workspace\Workspace\qwise-app\build\classes\java\main started by ACER in C:\Workspace\Workspace\qwise-app)
2025-10-16 13:07:58 [main] INFO  a.c.q.QwiseDemoAppApplication - No active profile set, falling back to 1 default profile: "default"
2025-10-16 13:08:00 [main] INFO  o.s.d.r.c.RepositoryConfigurationDelegate - Bootstrapping Spring Data JPA repositories in DEFAULT mode.
2025-10-16 13:08:00 [main] INFO  o.s.d.r.c.RepositoryConfigurationDelegate - Finished Spring Data repository scanning in 156 ms. Found 13 JPA repository interfaces.
2025-10-16 13:08:01 [main] INFO  o.s.b.w.e.tomcat.TomcatWebServer - Tomcat initialized with port 7775 (http)
2025-10-16 13:08:01 [main] INFO  o.a.coyote.http11.Http11NioProtocol - Initializing ProtocolHandler ["http-nio-7775"]
2025-10-16 13:08:01 [main] INFO  o.a.catalina.core.StandardService - Starting service [Tomcat]
2025-10-16 13:08:01 [main] INFO  o.a.catalina.core.StandardEngine - Starting Servlet engine: [Apache Tomcat/10.1.43]
2025-10-16 13:08:01 [main] INFO  o.a.c.c.C.[Tomcat].[localhost].[/] - Initializing Spring embedded WebApplicationContext
2025-10-16 13:08:01 [main] INFO  o.s.b.w.s.c.ServletWebServerApplicationContext - Root WebApplicationContext: initialization completed in 2998 ms
2025-10-16 13:08:01 [main] INFO  o.h.jpa.internal.util.LogHelper - HHH000204: Processing PersistenceUnitInfo [name: default]
2025-10-16 13:08:02 [main] INFO  org.hibernate.Version - HHH000412: Hibernate ORM core version 6.6.22.Final
2025-10-16 13:08:02 [main] INFO  o.h.c.i.RegionFactoryInitiator - HHH000026: Second-level cache disabled
2025-10-16 13:08:02 [main] INFO  o.s.o.j.p.SpringPersistenceUnitInfo - No LoadTimeWeaver setup: ignoring JPA class transformer
2025-10-16 13:08:02 [main] INFO  com.zaxxer.hikari.HikariDataSource - HikariPool-1 - Starting...
2025-10-16 13:08:02 [main] INFO  com.zaxxer.hikari.pool.HikariPool - HikariPool-1 - Added connection org.postgresql.jdbc.PgConnection@5f4f6f89
2025-10-16 13:08:02 [main] INFO  com.zaxxer.hikari.HikariDataSource - HikariPool-1 - Start completed.
2025-10-16 13:08:02 [main] WARN  org.hibernate.orm.deprecation - HHH90000025: PostgreSQLDialect does not need to be specified explicitly using 'hibernate.dialect' (remove the property setting and it will be selected by default)
2025-10-16 13:08:02 [main] INFO  o.hibernate.orm.connections.pooling - HHH10001005: Database info:
	Database JDBC URL [Connecting through datasource 'HikariDataSource (HikariPool-1)']
	Database driver: undefined/unknown
	Database version: 18.0
	Autocommit mode: undefined/unknown
	Isolation level: undefined/unknown
	Minimum pool size: undefined/unknown
	Maximum pool size: undefined/unknown
2025-10-16 13:08:05 [main] INFO  o.h.e.t.j.p.i.JtaPlatformInitiator - HHH000489: No JTA platform available (set 'hibernate.transaction.jta.platform' to enable JTA platform integration)
2025-10-16 13:08:07 [main] INFO  o.s.o.j.LocalContainerEntityManagerFactoryBean - Initialized JPA EntityManagerFactory for persistence unit 'default'
2025-10-16 13:08:08 [main] INFO  o.s.d.j.r.query.QueryEnhancerFactory - Hibernate is in classpath; If applicable, HQL parser will be used.
2025-10-16 13:08:09 [main] INFO  o.s.s.c.a.a.c.InitializeAuthenticationProviderBeanManagerConfigurer$InitializeAuthenticationProviderManagerConfigurer - Global AuthenticationManager configured with AuthenticationProvider bean with name customAuthenticationProvider
2025-10-16 13:08:09 [main] WARN  o.s.s.c.a.a.c.InitializeUserDetailsBeanManagerConfigurer$InitializeUserDetailsManagerConfigurer - Global AuthenticationManager configured with an AuthenticationProvider bean. UserDetailsService beans will not be used by Spring Security for automatically configuring username/password login. Consider removing the AuthenticationProvider bean. Alternatively, consider using the UserDetailsService in a manually instantiated DaoAuthenticationProvider. If the current configuration is intentional, to turn off this warning, increase the logging level of 'org.springframework.security.config.annotation.authentication.configuration.InitializeUserDetailsBeanManagerConfigurer' to ERROR
2025-10-16 13:08:09 [main] WARN  o.s.b.a.o.j.JpaBaseConfiguration$JpaWebConfiguration - spring.jpa.open-in-view is enabled by default. Therefore, database queries may be performed during view rendering. Explicitly configure spring.jpa.open-in-view to disable this warning
2025-10-16 13:08:10 [main] INFO  o.s.b.a.e.web.EndpointLinksResolver - Exposing 1 endpoint beneath base path '/actuator'
2025-10-16 13:08:11 [main] INFO  o.a.coyote.http11.Http11NioProtocol - Starting ProtocolHandler ["http-nio-7775"]
2025-10-16 13:08:11 [main] INFO  o.s.b.w.e.tomcat.TomcatWebServer - Tomcat started on port 7775 (http) with context path '/'
2025-10-16 13:08:11 [main] INFO  a.c.q.QwiseDemoAppApplication - Started QwiseDemoAppApplication in 13.67 seconds (process running for 14.63)
2025-10-16 13:08:11 [RMI TCP Connection(3)-172.20.176.1] INFO  o.a.c.c.C.[Tomcat].[localhost].[/] - Initializing Spring DispatcherServlet 'dispatcherServlet'
2025-10-16 13:08:11 [RMI TCP Connection(3)-172.20.176.1] INFO  o.s.web.servlet.DispatcherServlet - Initializing Servlet 'dispatcherServlet'
2025-10-16 13:08:11 [RMI TCP Connection(3)-172.20.176.1] INFO  o.s.web.servlet.DispatcherServlet - Completed initialization in 6 ms
2025-10-16 13:08:29 [http-nio-7775-exec-1] INFO  a.c.qwisedemoapp.filter.JwtFilter - Authorization header not found
2025-10-16 13:08:29 [http-nio-7775-exec-1] INFO  a.c.qwisedemoapp.filter.JwtFilter - Invalid token
2025-10-16 13:08:29 [http-nio-7775-exec-1] INFO  a.c.qwisedemoapp.filter.JwtFilter - Auth header: null
2025-10-16 13:08:29 [http-nio-7775-exec-1] INFO  a.c.qwisedemoapp.filter.JwtFilter - Extracted username from JWT: null
2025-10-16 13:08:29 [http-nio-7775-exec-1] INFO  a.c.qwisedemoapp.filter.JwtFilter - Current authentication: null
2025-10-16 13:08:54 [http-nio-7775-exec-3] INFO  a.c.qwisedemoapp.filter.JwtFilter - Authorization header not found
2025-10-16 13:08:54 [http-nio-7775-exec-3] INFO  a.c.qwisedemoapp.filter.JwtFilter - Invalid token
2025-10-16 13:08:54 [http-nio-7775-exec-3] INFO  a.c.qwisedemoapp.filter.JwtFilter - Auth header: null
2025-10-16 13:08:54 [http-nio-7775-exec-3] INFO  a.c.qwisedemoapp.filter.JwtFilter - Extracted username from JWT: null
2025-10-16 13:08:54 [http-nio-7775-exec-3] INFO  a.c.qwisedemoapp.filter.JwtFilter - Current authentication: null
2025-10-16 13:08:54 [http-nio-7775-exec-5] INFO  a.c.qwisedemoapp.filter.JwtFilter - Authorization header not found
2025-10-16 13:08:54 [http-nio-7775-exec-4] INFO  a.c.qwisedemoapp.filter.JwtFilter - Authorization header not found
2025-10-16 13:08:54 [http-nio-7775-exec-4] INFO  a.c.qwisedemoapp.filter.JwtFilter - Invalid token
2025-10-16 13:08:54 [http-nio-7775-exec-4] INFO  a.c.qwisedemoapp.filter.JwtFilter - Auth header: null
2025-10-16 13:08:54 [http-nio-7775-exec-5] INFO  a.c.qwisedemoapp.filter.JwtFilter - Invalid token
2025-10-16 13:08:54 [http-nio-7775-exec-4] INFO  a.c.qwisedemoapp.filter.JwtFilter - Extracted username from JWT: null
2025-10-16 13:08:54 [http-nio-7775-exec-4] INFO  a.c.qwisedemoapp.filter.JwtFilter - Current authentication: null
2025-10-16 13:08:54 [http-nio-7775-exec-5] INFO  a.c.qwisedemoapp.filter.JwtFilter - Auth header: null
2025-10-16 13:08:54 [http-nio-7775-exec-5] INFO  a.c.qwisedemoapp.filter.JwtFilter - Extracted username from JWT: null
2025-10-16 13:08:54 [http-nio-7775-exec-6] INFO  a.c.qwisedemoapp.filter.JwtFilter - Authorization header not found
2025-10-16 13:08:54 [http-nio-7775-exec-5] INFO  a.c.qwisedemoapp.filter.JwtFilter - Current authentication: null
2025-10-16 13:08:54 [http-nio-7775-exec-6] INFO  a.c.qwisedemoapp.filter.JwtFilter - Invalid token
2025-10-16 13:08:54 [http-nio-7775-exec-6] INFO  a.c.qwisedemoapp.filter.JwtFilter - Auth header: null
2025-10-16 13:08:54 [http-nio-7775-exec-6] INFO  a.c.qwisedemoapp.filter.JwtFilter - Extracted username from JWT: null
2025-10-16 13:08:54 [http-nio-7775-exec-6] INFO  a.c.qwisedemoapp.filter.JwtFilter - Current authentication: null
2025-10-16 13:08:54 [http-nio-7775-exec-7] INFO  a.c.qwisedemoapp.filter.JwtFilter - Authorization header not found
2025-10-16 13:08:54 [http-nio-7775-exec-8] INFO  a.c.qwisedemoapp.filter.JwtFilter - Authorization header not found
2025-10-16 13:08:54 [http-nio-7775-exec-7] INFO  a.c.qwisedemoapp.filter.JwtFilter - Invalid token
2025-10-16 13:08:54 [http-nio-7775-exec-8] INFO  a.c.qwisedemoapp.filter.JwtFilter - Invalid token
2025-10-16 13:08:54 [http-nio-7775-exec-7] INFO  a.c.qwisedemoapp.filter.JwtFilter - Auth header: null
2025-10-16 13:08:54 [http-nio-7775-exec-8] INFO  a.c.qwisedemoapp.filter.JwtFilter - Auth header: null
2025-10-16 13:08:54 [http-nio-7775-exec-7] INFO  a.c.qwisedemoapp.filter.JwtFilter - Extracted username from JWT: null
2025-10-16 13:08:54 [http-nio-7775-exec-8] INFO  a.c.qwisedemoapp.filter.JwtFilter - Extracted username from JWT: null
2025-10-16 13:08:54 [http-nio-7775-exec-7] INFO  a.c.qwisedemoapp.filter.JwtFilter - Current authentication: null
2025-10-16 13:08:54 [http-nio-7775-exec-8] INFO  a.c.qwisedemoapp.filter.JwtFilter - Current authentication: null
2025-10-16 13:08:55 [http-nio-7775-exec-9] INFO  a.c.qwisedemoapp.filter.JwtFilter - Authorization header not found
2025-10-16 13:08:55 [http-nio-7775-exec-9] INFO  a.c.qwisedemoapp.filter.JwtFilter - Invalid token
2025-10-16 13:08:55 [http-nio-7775-exec-9] INFO  a.c.qwisedemoapp.filter.JwtFilter - Auth header: null
2025-10-16 13:08:55 [http-nio-7775-exec-9] INFO  a.c.qwisedemoapp.filter.JwtFilter - Extracted username from JWT: null
2025-10-16 13:08:55 [http-nio-7775-exec-9] INFO  a.c.qwisedemoapp.filter.JwtFilter - Current authentication: null
2025-10-16 13:08:55 [http-nio-7775-exec-10] INFO  a.c.qwisedemoapp.filter.JwtFilter - Authorization header not found
2025-10-16 13:08:55 [http-nio-7775-exec-10] INFO  a.c.qwisedemoapp.filter.JwtFilter - Invalid token
2025-10-16 13:08:55 [http-nio-7775-exec-10] INFO  a.c.qwisedemoapp.filter.JwtFilter - Auth header: null
2025-10-16 13:08:55 [http-nio-7775-exec-10] INFO  a.c.qwisedemoapp.filter.JwtFilter - Extracted username from JWT: null
2025-10-16 13:08:55 [http-nio-7775-exec-10] INFO  a.c.qwisedemoapp.filter.JwtFilter - Current authentication: null
2025-10-16 13:08:55 [http-nio-7775-exec-1] INFO  a.c.qwisedemoapp.filter.JwtFilter - Authorization header not found
2025-10-16 13:08:55 [http-nio-7775-exec-1] INFO  a.c.qwisedemoapp.filter.JwtFilter - Invalid token
2025-10-16 13:08:55 [http-nio-7775-exec-1] INFO  a.c.qwisedemoapp.filter.JwtFilter - Auth header: null
2025-10-16 13:08:55 [http-nio-7775-exec-1] INFO  a.c.qwisedemoapp.filter.JwtFilter - Extracted username from JWT: null
2025-10-16 13:08:55 [http-nio-7775-exec-1] INFO  a.c.qwisedemoapp.filter.JwtFilter - Current authentication: null
2025-10-16 13:08:56 [http-nio-7775-exec-1] INFO  o.s.api.AbstractOpenApiResource - Init duration for springdoc-openapi is: 1066 ms
2025-10-16 13:09:05 [http-nio-7775-exec-2] INFO  a.c.qwisedemoapp.filter.JwtFilter - Authorization header not found
2025-10-16 13:09:05 [http-nio-7775-exec-2] INFO  a.c.qwisedemoapp.filter.JwtFilter - Invalid token
2025-10-16 13:09:05 [http-nio-7775-exec-2] INFO  a.c.qwisedemoapp.filter.JwtFilter - Auth header: null
2025-10-16 13:09:05 [http-nio-7775-exec-2] INFO  a.c.qwisedemoapp.filter.JwtFilter - Extracted username from JWT: null
2025-10-16 13:09:05 [http-nio-7775-exec-2] INFO  a.c.qwisedemoapp.filter.JwtFilter - Current authentication: null
2025-10-16 13:09:32 [SpringApplicationShutdownHook] INFO  o.s.b.w.e.tomcat.GracefulShutdown - Commencing graceful shutdown. Waiting for active requests to complete
2025-10-16 13:09:32 [tomcat-shutdown] INFO  o.s.b.w.e.tomcat.GracefulShutdown - Graceful shutdown complete
2025-10-16 13:09:32 [SpringApplicationShutdownHook] INFO  o.s.o.j.LocalContainerEntityManagerFactoryBean - Closing JPA EntityManagerFactory for persistence unit 'default'
2025-10-16 13:09:32 [SpringApplicationShutdownHook] INFO  com.zaxxer.hikari.HikariDataSource - HikariPool-1 - Shutdown initiated...
2025-10-16 13:09:32 [SpringApplicationShutdownHook] INFO  com.zaxxer.hikari.HikariDataSource - HikariPool-1 - Shutdown completed.
2025-10-16 13:09:45 [background-preinit] INFO  o.h.validator.internal.util.Version - HV000001: Hibernate Validator 8.0.2.Final
2025-10-16 13:09:46 [main] INFO  a.c.q.QwiseDemoAppApplication - Starting QwiseDemoAppApplication using Java 21.0.2 with PID 19280 (C:\Workspace\Workspace\qwise-app\build\classes\java\main started by ACER in C:\Workspace\Workspace\qwise-app)
2025-10-16 13:09:46 [main] INFO  a.c.q.QwiseDemoAppApplication - No active profile set, falling back to 1 default profile: "default"
2025-10-16 13:09:48 [main] INFO  o.s.d.r.c.RepositoryConfigurationDelegate - Bootstrapping Spring Data JPA repositories in DEFAULT mode.
2025-10-16 13:09:48 [main] INFO  o.s.d.r.c.RepositoryConfigurationDelegate - Finished Spring Data repository scanning in 168 ms. Found 13 JPA repository interfaces.
2025-10-16 13:09:49 [main] INFO  o.s.b.w.e.tomcat.TomcatWebServer - Tomcat initialized with port 7775 (http)
2025-10-16 13:09:49 [main] INFO  o.a.coyote.http11.Http11NioProtocol - Initializing ProtocolHandler ["http-nio-7775"]
2025-10-16 13:09:49 [main] INFO  o.a.catalina.core.StandardService - Starting service [Tomcat]
2025-10-16 13:09:49 [main] INFO  o.a.catalina.core.StandardEngine - Starting Servlet engine: [Apache Tomcat/10.1.43]
2025-10-16 13:09:49 [main] INFO  o.a.c.c.C.[Tomcat].[localhost].[/] - Initializing Spring embedded WebApplicationContext
2025-10-16 13:09:49 [main] INFO  o.s.b.w.s.c.ServletWebServerApplicationContext - Root WebApplicationContext: initialization completed in 3774 ms
2025-10-16 13:09:50 [main] INFO  o.h.jpa.internal.util.LogHelper - HHH000204: Processing PersistenceUnitInfo [name: default]
2025-10-16 13:09:50 [main] INFO  org.hibernate.Version - HHH000412: Hibernate ORM core version 6.6.22.Final
2025-10-16 13:09:50 [main] INFO  o.h.c.i.RegionFactoryInitiator - HHH000026: Second-level cache disabled
2025-10-16 13:09:51 [main] INFO  o.s.o.j.p.SpringPersistenceUnitInfo - No LoadTimeWeaver setup: ignoring JPA class transformer
2025-10-16 13:09:51 [main] INFO  com.zaxxer.hikari.HikariDataSource - HikariPool-1 - Starting...
2025-10-16 13:09:51 [main] INFO  com.zaxxer.hikari.pool.HikariPool - HikariPool-1 - Added connection org.postgresql.jdbc.PgConnection@77988c45
2025-10-16 13:09:51 [main] INFO  com.zaxxer.hikari.HikariDataSource - HikariPool-1 - Start completed.
2025-10-16 13:09:51 [main] WARN  org.hibernate.orm.deprecation - HHH90000025: PostgreSQLDialect does not need to be specified explicitly using 'hibernate.dialect' (remove the property setting and it will be selected by default)
2025-10-16 13:09:51 [main] INFO  o.hibernate.orm.connections.pooling - HHH10001005: Database info:
	Database JDBC URL [Connecting through datasource 'HikariDataSource (HikariPool-1)']
	Database driver: undefined/unknown
	Database version: 18.0
	Autocommit mode: undefined/unknown
	Isolation level: undefined/unknown
	Minimum pool size: undefined/unknown
	Maximum pool size: undefined/unknown
2025-10-16 13:09:53 [main] INFO  o.h.e.t.j.p.i.JtaPlatformInitiator - HHH000489: No JTA platform available (set 'hibernate.transaction.jta.platform' to enable JTA platform integration)
2025-10-16 13:09:56 [main] INFO  o.s.o.j.LocalContainerEntityManagerFactoryBean - Initialized JPA EntityManagerFactory for persistence unit 'default'
2025-10-16 13:09:56 [main] INFO  o.s.d.j.r.query.QueryEnhancerFactory - Hibernate is in classpath; If applicable, HQL parser will be used.
2025-10-16 13:09:57 [main] INFO  o.s.s.c.a.a.c.InitializeAuthenticationProviderBeanManagerConfigurer$InitializeAuthenticationProviderManagerConfigurer - Global AuthenticationManager configured with AuthenticationProvider bean with name customAuthenticationProvider
2025-10-16 13:09:57 [main] WARN  o.s.s.c.a.a.c.InitializeUserDetailsBeanManagerConfigurer$InitializeUserDetailsManagerConfigurer - Global AuthenticationManager configured with an AuthenticationProvider bean. UserDetailsService beans will not be used by Spring Security for automatically configuring username/password login. Consider removing the AuthenticationProvider bean. Alternatively, consider using the UserDetailsService in a manually instantiated DaoAuthenticationProvider. If the current configuration is intentional, to turn off this warning, increase the logging level of 'org.springframework.security.config.annotation.authentication.configuration.InitializeUserDetailsBeanManagerConfigurer' to ERROR
2025-10-16 13:09:58 [main] WARN  o.s.b.a.o.j.JpaBaseConfiguration$JpaWebConfiguration - spring.jpa.open-in-view is enabled by default. Therefore, database queries may be performed during view rendering. Explicitly configure spring.jpa.open-in-view to disable this warning
2025-10-16 13:09:58 [main] INFO  o.s.b.a.e.web.EndpointLinksResolver - Exposing 1 endpoint beneath base path '/actuator'
2025-10-16 13:09:59 [main] INFO  o.a.coyote.http11.Http11NioProtocol - Starting ProtocolHandler ["http-nio-7775"]
2025-10-16 13:09:59 [main] INFO  o.s.b.w.e.tomcat.TomcatWebServer - Tomcat started on port 7775 (http) with context path '/'
2025-10-16 13:09:59 [main] INFO  a.c.q.QwiseDemoAppApplication - Started QwiseDemoAppApplication in 14.36 seconds (process running for 15.37)
2025-10-16 13:10:00 [RMI TCP Connection(3)-172.20.176.1] INFO  o.a.c.c.C.[Tomcat].[localhost].[/] - Initializing Spring DispatcherServlet 'dispatcherServlet'
2025-10-16 13:10:00 [RMI TCP Connection(3)-172.20.176.1] INFO  o.s.web.servlet.DispatcherServlet - Initializing Servlet 'dispatcherServlet'
2025-10-16 13:10:00 [RMI TCP Connection(3)-172.20.176.1] INFO  o.s.web.servlet.DispatcherServlet - Completed initialization in 5 ms
2025-10-16 13:10:08 [http-nio-7775-exec-2] INFO  a.c.qwisedemoapp.filter.JwtFilter - Authorization header not found
2025-10-16 13:10:08 [http-nio-7775-exec-1] INFO  a.c.qwisedemoapp.filter.JwtFilter - Authorization header not found
2025-10-16 13:10:08 [http-nio-7775-exec-3] INFO  a.c.qwisedemoapp.filter.JwtFilter - Authorization header not found
2025-10-16 13:10:08 [http-nio-7775-exec-1] INFO  a.c.qwisedemoapp.filter.JwtFilter - Invalid token
2025-10-16 13:10:08 [http-nio-7775-exec-3] INFO  a.c.qwisedemoapp.filter.JwtFilter - Invalid token
2025-10-16 13:10:08 [http-nio-7775-exec-1] INFO  a.c.qwisedemoapp.filter.JwtFilter - Auth header: null
2025-10-16 13:10:08 [http-nio-7775-exec-2] INFO  a.c.qwisedemoapp.filter.JwtFilter - Invalid token
2025-10-16 13:10:08 [http-nio-7775-exec-3] INFO  a.c.qwisedemoapp.filter.JwtFilter - Auth header: null
2025-10-16 13:10:08 [http-nio-7775-exec-1] INFO  a.c.qwisedemoapp.filter.JwtFilter - Extracted username from JWT: null
2025-10-16 13:10:08 [http-nio-7775-exec-2] INFO  a.c.qwisedemoapp.filter.JwtFilter - Auth header: null
2025-10-16 13:10:08 [http-nio-7775-exec-3] INFO  a.c.qwisedemoapp.filter.JwtFilter - Extracted username from JWT: null
2025-10-16 13:10:08 [http-nio-7775-exec-2] INFO  a.c.qwisedemoapp.filter.JwtFilter - Extracted username from JWT: null
2025-10-16 13:10:08 [http-nio-7775-exec-1] INFO  a.c.qwisedemoapp.filter.JwtFilter - Current authentication: null
2025-10-16 13:10:08 [http-nio-7775-exec-2] INFO  a.c.qwisedemoapp.filter.JwtFilter - Current authentication: null
2025-10-16 13:10:08 [http-nio-7775-exec-3] INFO  a.c.qwisedemoapp.filter.JwtFilter - Current authentication: null
2025-10-16 13:10:08 [http-nio-7775-exec-5] INFO  a.c.qwisedemoapp.filter.JwtFilter - Authorization header not found
2025-10-16 13:10:08 [http-nio-7775-exec-5] INFO  a.c.qwisedemoapp.filter.JwtFilter - Invalid token
2025-10-16 13:10:08 [http-nio-7775-exec-5] INFO  a.c.qwisedemoapp.filter.JwtFilter - Auth header: null
2025-10-16 13:10:08 [http-nio-7775-exec-5] INFO  a.c.qwisedemoapp.filter.JwtFilter - Extracted username from JWT: null
2025-10-16 13:10:08 [http-nio-7775-exec-5] INFO  a.c.qwisedemoapp.filter.JwtFilter - Current authentication: null
2025-10-16 13:10:12 [http-nio-7775-exec-6] INFO  a.c.qwisedemoapp.filter.JwtFilter - Authorization header not found
2025-10-16 13:10:12 [http-nio-7775-exec-6] INFO  a.c.qwisedemoapp.filter.JwtFilter - Invalid token
2025-10-16 13:10:12 [http-nio-7775-exec-6] INFO  a.c.qwisedemoapp.filter.JwtFilter - Auth header: null
2025-10-16 13:10:12 [http-nio-7775-exec-6] INFO  a.c.qwisedemoapp.filter.JwtFilter - Extracted username from JWT: null
2025-10-16 13:10:12 [http-nio-7775-exec-6] INFO  a.c.qwisedemoapp.filter.JwtFilter - Current authentication: null
2025-10-16 13:10:49 [http-nio-7775-exec-7] INFO  a.c.qwisedemoapp.filter.JwtFilter - Authorization header not found
2025-10-16 13:10:49 [http-nio-7775-exec-7] INFO  a.c.qwisedemoapp.filter.JwtFilter - Invalid token
2025-10-16 13:10:49 [http-nio-7775-exec-7] INFO  a.c.qwisedemoapp.filter.JwtFilter - Auth header: null
2025-10-16 13:10:49 [http-nio-7775-exec-7] INFO  a.c.qwisedemoapp.filter.JwtFilter - Extracted username from JWT: null
2025-10-16 13:10:49 [http-nio-7775-exec-7] INFO  a.c.qwisedemoapp.filter.JwtFilter - Current authentication: null
2025-10-16 13:10:49 [http-nio-7775-exec-8] INFO  a.c.qwisedemoapp.filter.JwtFilter - Authorization header not found
2025-10-16 13:10:49 [http-nio-7775-exec-8] INFO  a.c.qwisedemoapp.filter.JwtFilter - Invalid token
2025-10-16 13:10:49 [http-nio-7775-exec-8] INFO  a.c.qwisedemoapp.filter.JwtFilter - Auth header: null
2025-10-16 13:10:49 [http-nio-7775-exec-8] INFO  a.c.qwisedemoapp.filter.JwtFilter - Extracted username from JWT: null
2025-10-16 13:10:49 [http-nio-7775-exec-8] INFO  a.c.qwisedemoapp.filter.JwtFilter - Current authentication: null
2025-10-16 13:10:49 [http-nio-7775-exec-9] INFO  a.c.qwisedemoapp.filter.JwtFilter - Authorization header not found
2025-10-16 13:10:49 [http-nio-7775-exec-9] INFO  a.c.qwisedemoapp.filter.JwtFilter - Invalid token
2025-10-16 13:10:49 [http-nio-7775-exec-9] INFO  a.c.qwisedemoapp.filter.JwtFilter - Auth header: null
2025-10-16 13:10:49 [http-nio-7775-exec-9] INFO  a.c.qwisedemoapp.filter.JwtFilter - Extracted username from JWT: null
2025-10-16 13:10:49 [http-nio-7775-exec-9] INFO  a.c.qwisedemoapp.filter.JwtFilter - Current authentication: null
2025-10-16 13:10:49 [http-nio-7775-exec-1] INFO  a.c.qwisedemoapp.filter.JwtFilter - Authorization header not found
2025-10-16 13:10:49 [http-nio-7775-exec-1] INFO  a.c.qwisedemoapp.filter.JwtFilter - Invalid token
2025-10-16 13:10:49 [http-nio-7775-exec-1] INFO  a.c.qwisedemoapp.filter.JwtFilter - Auth header: null
2025-10-16 13:10:49 [http-nio-7775-exec-1] INFO  a.c.qwisedemoapp.filter.JwtFilter - Extracted username from JWT: null
2025-10-16 13:10:49 [http-nio-7775-exec-1] INFO  a.c.qwisedemoapp.filter.JwtFilter - Current authentication: null
2025-10-16 13:10:49 [http-nio-7775-exec-10] INFO  a.c.qwisedemoapp.filter.JwtFilter - Authorization header not found
2025-10-16 13:10:49 [http-nio-7775-exec-10] INFO  a.c.qwisedemoapp.filter.JwtFilter - Invalid token
2025-10-16 13:10:49 [http-nio-7775-exec-10] INFO  a.c.qwisedemoapp.filter.JwtFilter - Auth header: null
2025-10-16 13:10:49 [http-nio-7775-exec-10] INFO  a.c.qwisedemoapp.filter.JwtFilter - Extracted username from JWT: null
2025-10-16 13:10:49 [http-nio-7775-exec-10] INFO  a.c.qwisedemoapp.filter.JwtFilter - Current authentication: null
2025-10-16 13:10:49 [http-nio-7775-exec-3] INFO  a.c.qwisedemoapp.filter.JwtFilter - Authorization header not found
2025-10-16 13:10:49 [http-nio-7775-exec-3] INFO  a.c.qwisedemoapp.filter.JwtFilter - Invalid token
2025-10-16 13:10:49 [http-nio-7775-exec-3] INFO  a.c.qwisedemoapp.filter.JwtFilter - Auth header: null
2025-10-16 13:10:49 [http-nio-7775-exec-3] INFO  a.c.qwisedemoapp.filter.JwtFilter - Extracted username from JWT: null
2025-10-16 13:10:49 [http-nio-7775-exec-3] INFO  a.c.qwisedemoapp.filter.JwtFilter - Current authentication: null
2025-10-16 13:10:49 [http-nio-7775-exec-3] INFO  a.c.qwisedemoapp.filter.JwtFilter - Authorization header not found
2025-10-16 13:10:49 [http-nio-7775-exec-3] INFO  a.c.qwisedemoapp.filter.JwtFilter - Invalid token
2025-10-16 13:10:49 [http-nio-7775-exec-3] INFO  a.c.qwisedemoapp.filter.JwtFilter - Auth header: null
2025-10-16 13:10:49 [http-nio-7775-exec-3] INFO  a.c.qwisedemoapp.filter.JwtFilter - Extracted username from JWT: null
2025-10-16 13:10:49 [http-nio-7775-exec-3] INFO  a.c.qwisedemoapp.filter.JwtFilter - Current authentication: null
2025-10-16 13:10:49 [http-nio-7775-exec-4] INFO  a.c.qwisedemoapp.filter.JwtFilter - Authorization header not found
2025-10-16 13:10:49 [http-nio-7775-exec-4] INFO  a.c.qwisedemoapp.filter.JwtFilter - Invalid token
2025-10-16 13:10:49 [http-nio-7775-exec-4] INFO  a.c.qwisedemoapp.filter.JwtFilter - Auth header: null
2025-10-16 13:10:49 [http-nio-7775-exec-4] INFO  a.c.qwisedemoapp.filter.JwtFilter - Extracted username from JWT: null
2025-10-16 13:10:49 [http-nio-7775-exec-4] INFO  a.c.qwisedemoapp.filter.JwtFilter - Current authentication: null
2025-10-16 13:10:50 [http-nio-7775-exec-5] INFO  a.c.qwisedemoapp.filter.JwtFilter - Authorization header not found
2025-10-16 13:10:50 [http-nio-7775-exec-5] INFO  a.c.qwisedemoapp.filter.JwtFilter - Invalid token
2025-10-16 13:10:50 [http-nio-7775-exec-5] INFO  a.c.qwisedemoapp.filter.JwtFilter - Auth header: null
2025-10-16 13:10:50 [http-nio-7775-exec-5] INFO  a.c.qwisedemoapp.filter.JwtFilter - Extracted username from JWT: null
2025-10-16 13:10:50 [http-nio-7775-exec-5] INFO  a.c.qwisedemoapp.filter.JwtFilter - Current authentication: null
2025-10-16 13:10:50 [http-nio-7775-exec-6] INFO  a.c.qwisedemoapp.filter.JwtFilter - Authorization header not found
2025-10-16 13:10:50 [http-nio-7775-exec-6] INFO  a.c.qwisedemoapp.filter.JwtFilter - Invalid token
2025-10-16 13:10:50 [http-nio-7775-exec-6] INFO  a.c.qwisedemoapp.filter.JwtFilter - Auth header: null
2025-10-16 13:10:50 [http-nio-7775-exec-6] INFO  a.c.qwisedemoapp.filter.JwtFilter - Extracted username from JWT: null
2025-10-16 13:10:50 [http-nio-7775-exec-6] INFO  a.c.qwisedemoapp.filter.JwtFilter - Current authentication: null
2025-10-16 13:10:50 [http-nio-7775-exec-7] INFO  a.c.qwisedemoapp.filter.JwtFilter - Authorization header not found
2025-10-16 13:10:50 [http-nio-7775-exec-7] INFO  a.c.qwisedemoapp.filter.JwtFilter - Invalid token
2025-10-16 13:10:50 [http-nio-7775-exec-7] INFO  a.c.qwisedemoapp.filter.JwtFilter - Auth header: null
2025-10-16 13:10:50 [http-nio-7775-exec-7] INFO  a.c.qwisedemoapp.filter.JwtFilter - Extracted username from JWT: null
2025-10-16 13:10:50 [http-nio-7775-exec-7] INFO  a.c.qwisedemoapp.filter.JwtFilter - Current authentication: null
2025-10-16 13:10:51 [http-nio-7775-exec-7] INFO  o.s.api.AbstractOpenApiResource - Init duration for springdoc-openapi is: 1568 ms
2025-10-16 13:11:03 [http-nio-7775-exec-9] INFO  a.c.qwisedemoapp.filter.JwtFilter - Authorization header not found
2025-10-16 13:11:03 [http-nio-7775-exec-9] INFO  a.c.qwisedemoapp.filter.JwtFilter - Invalid token
2025-10-16 13:11:03 [http-nio-7775-exec-9] INFO  a.c.qwisedemoapp.filter.JwtFilter - Auth header: null
2025-10-16 13:11:03 [http-nio-7775-exec-9] INFO  a.c.qwisedemoapp.filter.JwtFilter - Extracted username from JWT: null
2025-10-16 13:11:03 [http-nio-7775-exec-9] INFO  a.c.qwisedemoapp.filter.JwtFilter - Current authentication: null
2025-10-16 13:17:31 [SpringApplicationShutdownHook] INFO  o.s.b.w.e.tomcat.GracefulShutdown - Commencing graceful shutdown. Waiting for active requests to complete
2025-10-16 13:17:31 [tomcat-shutdown] INFO  o.s.b.w.e.tomcat.GracefulShutdown - Graceful shutdown complete
2025-10-16 13:17:31 [SpringApplicationShutdownHook] INFO  o.s.o.j.LocalContainerEntityManagerFactoryBean - Closing JPA EntityManagerFactory for persistence unit 'default'
2025-10-16 13:17:31 [SpringApplicationShutdownHook] INFO  com.zaxxer.hikari.HikariDataSource - HikariPool-1 - Shutdown initiated...
2025-10-16 13:17:31 [SpringApplicationShutdownHook] INFO  com.zaxxer.hikari.HikariDataSource - HikariPool-1 - Shutdown completed.
2025-10-16 13:18:43 [background-preinit] INFO  o.h.validator.internal.util.Version - HV000001: Hibernate Validator 8.0.2.Final
2025-10-16 13:18:43 [main] INFO  a.c.q.QwiseDemoAppApplication - Starting QwiseDemoAppApplication using Java 21.0.2 with PID 17844 (C:\Workspace\Workspace\qwise-app\build\classes\java\main started by ACER in C:\Workspace\Workspace\qwise-app)
2025-10-16 13:18:43 [main] INFO  a.c.q.QwiseDemoAppApplication - No active profile set, falling back to 1 default profile: "default"
2025-10-16 13:18:45 [main] INFO  o.s.d.r.c.RepositoryConfigurationDelegate - Bootstrapping Spring Data JPA repositories in DEFAULT mode.
2025-10-16 13:18:45 [main] INFO  o.s.d.r.c.RepositoryConfigurationDelegate - Finished Spring Data repository scanning in 164 ms. Found 13 JPA repository interfaces.
2025-10-16 13:18:46 [main] INFO  o.s.b.w.e.tomcat.TomcatWebServer - Tomcat initialized with port 7775 (http)
2025-10-16 13:18:46 [main] INFO  o.a.coyote.http11.Http11NioProtocol - Initializing ProtocolHandler ["http-nio-7775"]
2025-10-16 13:18:46 [main] INFO  o.a.catalina.core.StandardService - Starting service [Tomcat]
2025-10-16 13:18:46 [main] INFO  o.a.catalina.core.StandardEngine - Starting Servlet engine: [Apache Tomcat/10.1.43]
2025-10-16 13:18:46 [main] INFO  o.a.c.c.C.[Tomcat].[localhost].[/] - Initializing Spring embedded WebApplicationContext
2025-10-16 13:18:46 [main] INFO  o.s.b.w.s.c.ServletWebServerApplicationContext - Root WebApplicationContext: initialization completed in 3376 ms
2025-10-16 13:18:47 [main] INFO  o.h.jpa.internal.util.LogHelper - HHH000204: Processing PersistenceUnitInfo [name: default]
2025-10-16 13:18:47 [main] INFO  org.hibernate.Version - HHH000412: Hibernate ORM core version 6.6.22.Final
2025-10-16 13:18:47 [main] INFO  o.h.c.i.RegionFactoryInitiator - HHH000026: Second-level cache disabled
2025-10-16 13:18:47 [main] INFO  o.s.o.j.p.SpringPersistenceUnitInfo - No LoadTimeWeaver setup: ignoring JPA class transformer
2025-10-16 13:18:47 [main] INFO  com.zaxxer.hikari.HikariDataSource - HikariPool-1 - Starting...
2025-10-16 13:18:47 [main] INFO  com.zaxxer.hikari.pool.HikariPool - HikariPool-1 - Added connection org.postgresql.jdbc.PgConnection@4b5f022f
2025-10-16 13:18:47 [main] INFO  com.zaxxer.hikari.HikariDataSource - HikariPool-1 - Start completed.
2025-10-16 13:18:48 [main] WARN  org.hibernate.orm.deprecation - HHH90000025: PostgreSQLDialect does not need to be specified explicitly using 'hibernate.dialect' (remove the property setting and it will be selected by default)
2025-10-16 13:18:48 [main] INFO  o.hibernate.orm.connections.pooling - HHH10001005: Database info:
	Database JDBC URL [Connecting through datasource 'HikariDataSource (HikariPool-1)']
	Database driver: undefined/unknown
	Database version: 18.0
	Autocommit mode: undefined/unknown
	Isolation level: undefined/unknown
	Minimum pool size: undefined/unknown
	Maximum pool size: undefined/unknown
2025-10-16 13:18:50 [main] INFO  o.h.e.t.j.p.i.JtaPlatformInitiator - HHH000489: No JTA platform available (set 'hibernate.transaction.jta.platform' to enable JTA platform integration)
2025-10-16 13:18:53 [main] INFO  o.s.o.j.LocalContainerEntityManagerFactoryBean - Initialized JPA EntityManagerFactory for persistence unit 'default'
2025-10-16 13:18:54 [main] INFO  o.s.d.j.r.query.QueryEnhancerFactory - Hibernate is in classpath; If applicable, HQL parser will be used.
2025-10-16 13:18:55 [main] INFO  o.s.s.c.a.a.c.InitializeAuthenticationProviderBeanManagerConfigurer$InitializeAuthenticationProviderManagerConfigurer - Global AuthenticationManager configured with AuthenticationProvider bean with name customAuthenticationProvider
2025-10-16 13:18:55 [main] WARN  o.s.s.c.a.a.c.InitializeUserDetailsBeanManagerConfigurer$InitializeUserDetailsManagerConfigurer - Global AuthenticationManager configured with an AuthenticationProvider bean. UserDetailsService beans will not be used by Spring Security for automatically configuring username/password login. Consider removing the AuthenticationProvider bean. Alternatively, consider using the UserDetailsService in a manually instantiated DaoAuthenticationProvider. If the current configuration is intentional, to turn off this warning, increase the logging level of 'org.springframework.security.config.annotation.authentication.configuration.InitializeUserDetailsBeanManagerConfigurer' to ERROR
2025-10-16 13:18:55 [main] WARN  o.s.b.a.o.j.JpaBaseConfiguration$JpaWebConfiguration - spring.jpa.open-in-view is enabled by default. Therefore, database queries may be performed during view rendering. Explicitly configure spring.jpa.open-in-view to disable this warning
2025-10-16 13:18:56 [main] INFO  o.s.b.a.e.web.EndpointLinksResolver - Exposing 1 endpoint beneath base path '/actuator'
2025-10-16 13:18:57 [main] INFO  o.a.coyote.http11.Http11NioProtocol - Starting ProtocolHandler ["http-nio-7775"]
2025-10-16 13:18:57 [main] INFO  o.s.b.w.e.tomcat.TomcatWebServer - Tomcat started on port 7775 (http) with context path '/'
2025-10-16 13:18:57 [main] INFO  a.c.q.QwiseDemoAppApplication - Started QwiseDemoAppApplication in 14.791 seconds (process running for 16.117)
2025-10-16 13:19:05 [http-nio-7775-exec-1] INFO  o.a.c.c.C.[Tomcat].[localhost].[/] - Initializing Spring DispatcherServlet 'dispatcherServlet'
2025-10-16 13:19:05 [http-nio-7775-exec-1] INFO  o.s.web.servlet.DispatcherServlet - Initializing Servlet 'dispatcherServlet'
2025-10-16 13:19:05 [http-nio-7775-exec-1] INFO  o.s.web.servlet.DispatcherServlet - Completed initialization in 2 ms
2025-10-16 13:19:05 [http-nio-7775-exec-1] INFO  a.c.qwisedemoapp.filter.JwtFilter - Authorization header not found
2025-10-16 13:19:05 [http-nio-7775-exec-1] INFO  a.c.qwisedemoapp.filter.JwtFilter - Invalid token
2025-10-16 13:19:05 [http-nio-7775-exec-1] INFO  a.c.qwisedemoapp.filter.JwtFilter - Auth header: null
2025-10-16 13:19:05 [http-nio-7775-exec-1] INFO  a.c.qwisedemoapp.filter.JwtFilter - Extracted username from JWT: null
2025-10-16 13:19:05 [http-nio-7775-exec-1] INFO  a.c.qwisedemoapp.filter.JwtFilter - Current authentication: null
2025-10-16 13:19:08 [http-nio-7775-exec-2] INFO  a.c.qwisedemoapp.filter.JwtFilter - Authorization header not found
2025-10-16 13:19:08 [http-nio-7775-exec-2] INFO  a.c.qwisedemoapp.filter.JwtFilter - Invalid token
2025-10-16 13:19:08 [http-nio-7775-exec-2] INFO  a.c.qwisedemoapp.filter.JwtFilter - Auth header: null
2025-10-16 13:19:08 [http-nio-7775-exec-2] INFO  a.c.qwisedemoapp.filter.JwtFilter - Extracted username from JWT: null
2025-10-16 13:19:08 [http-nio-7775-exec-2] INFO  a.c.qwisedemoapp.filter.JwtFilter - Current authentication: null
2025-10-16 13:19:08 [http-nio-7775-exec-3] INFO  a.c.qwisedemoapp.filter.JwtFilter - Authorization header not found
2025-10-16 13:19:08 [http-nio-7775-exec-3] INFO  a.c.qwisedemoapp.filter.JwtFilter - Invalid token
2025-10-16 13:19:08 [http-nio-7775-exec-3] INFO  a.c.qwisedemoapp.filter.JwtFilter - Auth header: null
2025-10-16 13:19:08 [http-nio-7775-exec-3] INFO  a.c.qwisedemoapp.filter.JwtFilter - Extracted username from JWT: null
2025-10-16 13:19:08 [http-nio-7775-exec-3] INFO  a.c.qwisedemoapp.filter.JwtFilter - Current authentication: null
2025-10-16 13:19:08 [http-nio-7775-exec-5] INFO  a.c.qwisedemoapp.filter.JwtFilter - Authorization header not found
2025-10-16 13:19:08 [http-nio-7775-exec-5] INFO  a.c.qwisedemoapp.filter.JwtFilter - Invalid token
2025-10-16 13:19:08 [http-nio-7775-exec-5] INFO  a.c.qwisedemoapp.filter.JwtFilter - Auth header: null
2025-10-16 13:19:08 [http-nio-7775-exec-5] INFO  a.c.qwisedemoapp.filter.JwtFilter - Extracted username from JWT: null
2025-10-16 13:19:08 [http-nio-7775-exec-5] INFO  a.c.qwisedemoapp.filter.JwtFilter - Current authentication: null
2025-10-16 13:19:08 [http-nio-7775-exec-7] INFO  a.c.qwisedemoapp.filter.JwtFilter - Authorization header not found
2025-10-16 13:19:08 [http-nio-7775-exec-7] INFO  a.c.qwisedemoapp.filter.JwtFilter - Invalid token
2025-10-16 13:19:08 [http-nio-7775-exec-7] INFO  a.c.qwisedemoapp.filter.JwtFilter - Auth header: null
2025-10-16 13:19:08 [http-nio-7775-exec-7] INFO  a.c.qwisedemoapp.filter.JwtFilter - Extracted username from JWT: null
2025-10-16 13:19:08 [http-nio-7775-exec-7] INFO  a.c.qwisedemoapp.filter.JwtFilter - Current authentication: null
2025-10-16 13:19:08 [http-nio-7775-exec-6] INFO  a.c.qwisedemoapp.filter.JwtFilter - Authorization header not found
2025-10-16 13:19:08 [http-nio-7775-exec-6] INFO  a.c.qwisedemoapp.filter.JwtFilter - Invalid token
2025-10-16 13:19:08 [http-nio-7775-exec-6] INFO  a.c.qwisedemoapp.filter.JwtFilter - Auth header: null
2025-10-16 13:19:08 [http-nio-7775-exec-6] INFO  a.c.qwisedemoapp.filter.JwtFilter - Extracted username from JWT: null
2025-10-16 13:19:08 [http-nio-7775-exec-6] INFO  a.c.qwisedemoapp.filter.JwtFilter - Current authentication: null
2025-10-16 13:19:08 [http-nio-7775-exec-4] INFO  a.c.qwisedemoapp.filter.JwtFilter - Authorization header not found
2025-10-16 13:19:08 [http-nio-7775-exec-4] INFO  a.c.qwisedemoapp.filter.JwtFilter - Invalid token
2025-10-16 13:19:08 [http-nio-7775-exec-4] INFO  a.c.qwisedemoapp.filter.JwtFilter - Auth header: null
2025-10-16 13:19:08 [http-nio-7775-exec-4] INFO  a.c.qwisedemoapp.filter.JwtFilter - Extracted username from JWT: null
2025-10-16 13:19:08 [http-nio-7775-exec-4] INFO  a.c.qwisedemoapp.filter.JwtFilter - Current authentication: null
2025-10-16 13:19:08 [http-nio-7775-exec-8] INFO  a.c.qwisedemoapp.filter.JwtFilter - Authorization header not found
2025-10-16 13:19:08 [http-nio-7775-exec-8] INFO  a.c.qwisedemoapp.filter.JwtFilter - Invalid token
2025-10-16 13:19:08 [http-nio-7775-exec-8] INFO  a.c.qwisedemoapp.filter.JwtFilter - Auth header: null
2025-10-16 13:19:08 [http-nio-7775-exec-8] INFO  a.c.qwisedemoapp.filter.JwtFilter - Extracted username from JWT: null
2025-10-16 13:19:08 [http-nio-7775-exec-8] INFO  a.c.qwisedemoapp.filter.JwtFilter - Current authentication: null
2025-10-16 13:19:08 [http-nio-7775-exec-9] INFO  a.c.qwisedemoapp.filter.JwtFilter - Authorization header not found
2025-10-16 13:19:08 [http-nio-7775-exec-9] INFO  a.c.qwisedemoapp.filter.JwtFilter - Invalid token
2025-10-16 13:19:08 [http-nio-7775-exec-9] INFO  a.c.qwisedemoapp.filter.JwtFilter - Auth header: null
2025-10-16 13:19:08 [http-nio-7775-exec-9] INFO  a.c.qwisedemoapp.filter.JwtFilter - Extracted username from JWT: null
2025-10-16 13:19:08 [http-nio-7775-exec-9] INFO  a.c.qwisedemoapp.filter.JwtFilter - Current authentication: null
2025-10-16 13:19:08 [http-nio-7775-exec-10] INFO  a.c.qwisedemoapp.filter.JwtFilter - Authorization header not found
2025-10-16 13:19:08 [http-nio-7775-exec-10] INFO  a.c.qwisedemoapp.filter.JwtFilter - Invalid token
2025-10-16 13:19:08 [http-nio-7775-exec-10] INFO  a.c.qwisedemoapp.filter.JwtFilter - Auth header: null
2025-10-16 13:19:08 [http-nio-7775-exec-10] INFO  a.c.qwisedemoapp.filter.JwtFilter - Extracted username from JWT: null
2025-10-16 13:19:08 [http-nio-7775-exec-10] INFO  a.c.qwisedemoapp.filter.JwtFilter - Current authentication: null
2025-10-16 13:19:09 [http-nio-7775-exec-1] INFO  a.c.qwisedemoapp.filter.JwtFilter - Authorization header not found
2025-10-16 13:19:09 [http-nio-7775-exec-1] INFO  a.c.qwisedemoapp.filter.JwtFilter - Invalid token
2025-10-16 13:19:09 [http-nio-7775-exec-1] INFO  a.c.qwisedemoapp.filter.JwtFilter - Auth header: null
2025-10-16 13:19:09 [http-nio-7775-exec-1] INFO  a.c.qwisedemoapp.filter.JwtFilter - Extracted username from JWT: null
2025-10-16 13:19:09 [http-nio-7775-exec-1] INFO  a.c.qwisedemoapp.filter.JwtFilter - Current authentication: null
2025-10-16 13:19:09 [http-nio-7775-exec-2] INFO  a.c.qwisedemoapp.filter.JwtFilter - Authorization header not found
2025-10-16 13:19:09 [http-nio-7775-exec-2] INFO  a.c.qwisedemoapp.filter.JwtFilter - Invalid token
2025-10-16 13:19:09 [http-nio-7775-exec-2] INFO  a.c.qwisedemoapp.filter.JwtFilter - Auth header: null
2025-10-16 13:19:09 [http-nio-7775-exec-2] INFO  a.c.qwisedemoapp.filter.JwtFilter - Extracted username from JWT: null
2025-10-16 13:19:09 [http-nio-7775-exec-2] INFO  a.c.qwisedemoapp.filter.JwtFilter - Current authentication: null
2025-10-16 13:19:10 [http-nio-7775-exec-2] INFO  o.s.api.AbstractOpenApiResource - Init duration for springdoc-openapi is: 1332 ms
2025-10-16 13:19:28 [http-nio-7775-exec-3] INFO  a.c.qwisedemoapp.filter.JwtFilter - Authorization header not found
2025-10-16 13:19:28 [http-nio-7775-exec-3] INFO  a.c.qwisedemoapp.filter.JwtFilter - Invalid token
2025-10-16 13:19:28 [http-nio-7775-exec-3] INFO  a.c.qwisedemoapp.filter.JwtFilter - Auth header: null
2025-10-16 13:19:28 [http-nio-7775-exec-3] INFO  a.c.qwisedemoapp.filter.JwtFilter - Extracted username from JWT: null
2025-10-16 13:19:28 [http-nio-7775-exec-3] INFO  a.c.qwisedemoapp.filter.JwtFilter - Current authentication: null
2025-10-16 13:23:15 [SpringApplicationShutdownHook] INFO  o.s.b.w.e.tomcat.GracefulShutdown - Commencing graceful shutdown. Waiting for active requests to complete
2025-10-16 13:23:15 [tomcat-shutdown] INFO  o.s.b.w.e.tomcat.GracefulShutdown - Graceful shutdown complete
2025-10-16 13:23:15 [SpringApplicationShutdownHook] INFO  o.s.o.j.LocalContainerEntityManagerFactoryBean - Closing JPA EntityManagerFactory for persistence unit 'default'
2025-10-16 13:23:15 [SpringApplicationShutdownHook] INFO  com.zaxxer.hikari.HikariDataSource - HikariPool-1 - Shutdown initiated...
2025-10-16 13:23:15 [SpringApplicationShutdownHook] INFO  com.zaxxer.hikari.HikariDataSource - HikariPool-1 - Shutdown completed.
2025-10-16 13:24:09 [background-preinit] INFO  o.h.validator.internal.util.Version - HV000001: Hibernate Validator 8.0.2.Final
2025-10-16 13:24:09 [main] INFO  a.c.q.QwiseDemoAppApplication - Starting QwiseDemoAppApplication using Java 21.0.2 with PID 8468 (C:\Workspace\Workspace\qwise-app\build\classes\java\main started by ACER in C:\Workspace\Workspace\qwise-app)
2025-10-16 13:24:09 [main] INFO  a.c.q.QwiseDemoAppApplication - No active profile set, falling back to 1 default profile: "default"
2025-10-16 13:24:11 [main] INFO  o.s.d.r.c.RepositoryConfigurationDelegate - Bootstrapping Spring Data JPA repositories in DEFAULT mode.
2025-10-16 13:24:12 [main] INFO  o.s.d.r.c.RepositoryConfigurationDelegate - Finished Spring Data repository scanning in 163 ms. Found 13 JPA repository interfaces.
2025-10-16 13:24:12 [main] INFO  o.s.b.w.e.tomcat.TomcatWebServer - Tomcat initialized with port 7775 (http)
2025-10-16 13:24:12 [main] INFO  o.a.coyote.http11.Http11NioProtocol - Initializing ProtocolHandler ["http-nio-7775"]
2025-10-16 13:24:12 [main] INFO  o.a.catalina.core.StandardService - Starting service [Tomcat]
2025-10-16 13:24:12 [main] INFO  o.a.catalina.core.StandardEngine - Starting Servlet engine: [Apache Tomcat/10.1.43]
2025-10-16 13:24:13 [main] INFO  o.a.c.c.C.[Tomcat].[localhost].[/] - Initializing Spring embedded WebApplicationContext
2025-10-16 13:24:13 [main] INFO  o.s.b.w.s.c.ServletWebServerApplicationContext - Root WebApplicationContext: initialization completed in 3250 ms
2025-10-16 13:24:13 [main] INFO  o.h.jpa.internal.util.LogHelper - HHH000204: Processing PersistenceUnitInfo [name: default]
2025-10-16 13:24:13 [main] INFO  org.hibernate.Version - HHH000412: Hibernate ORM core version 6.6.22.Final
2025-10-16 13:24:13 [main] INFO  o.h.c.i.RegionFactoryInitiator - HHH000026: Second-level cache disabled
2025-10-16 13:24:14 [main] INFO  o.s.o.j.p.SpringPersistenceUnitInfo - No LoadTimeWeaver setup: ignoring JPA class transformer
2025-10-16 13:24:14 [main] INFO  com.zaxxer.hikari.HikariDataSource - HikariPool-1 - Starting...
2025-10-16 13:24:14 [main] INFO  com.zaxxer.hikari.pool.HikariPool - HikariPool-1 - Added connection org.postgresql.jdbc.PgConnection@23e0c200
2025-10-16 13:24:14 [main] INFO  com.zaxxer.hikari.HikariDataSource - HikariPool-1 - Start completed.
2025-10-16 13:24:14 [main] WARN  org.hibernate.orm.deprecation - HHH90000025: PostgreSQLDialect does not need to be specified explicitly using 'hibernate.dialect' (remove the property setting and it will be selected by default)
2025-10-16 13:24:14 [main] INFO  o.hibernate.orm.connections.pooling - HHH10001005: Database info:
	Database JDBC URL [Connecting through datasource 'HikariDataSource (HikariPool-1)']
	Database driver: undefined/unknown
	Database version: 18.0
	Autocommit mode: undefined/unknown
	Isolation level: undefined/unknown
	Minimum pool size: undefined/unknown
	Maximum pool size: undefined/unknown
2025-10-16 13:24:16 [main] INFO  o.h.e.t.j.p.i.JtaPlatformInitiator - HHH000489: No JTA platform available (set 'hibernate.transaction.jta.platform' to enable JTA platform integration)
2025-10-16 13:24:19 [main] INFO  o.s.o.j.LocalContainerEntityManagerFactoryBean - Initialized JPA EntityManagerFactory for persistence unit 'default'
2025-10-16 13:24:20 [main] INFO  o.s.d.j.r.query.QueryEnhancerFactory - Hibernate is in classpath; If applicable, HQL parser will be used.
2025-10-16 13:24:21 [main] INFO  o.s.s.c.a.a.c.InitializeAuthenticationProviderBeanManagerConfigurer$InitializeAuthenticationProviderManagerConfigurer - Global AuthenticationManager configured with AuthenticationProvider bean with name customAuthenticationProvider
2025-10-16 13:24:21 [main] WARN  o.s.s.c.a.a.c.InitializeUserDetailsBeanManagerConfigurer$InitializeUserDetailsManagerConfigurer - Global AuthenticationManager configured with an AuthenticationProvider bean. UserDetailsService beans will not be used by Spring Security for automatically configuring username/password login. Consider removing the AuthenticationProvider bean. Alternatively, consider using the UserDetailsService in a manually instantiated DaoAuthenticationProvider. If the current configuration is intentional, to turn off this warning, increase the logging level of 'org.springframework.security.config.annotation.authentication.configuration.InitializeUserDetailsBeanManagerConfigurer' to ERROR
2025-10-16 13:24:21 [main] WARN  o.s.b.a.o.j.JpaBaseConfiguration$JpaWebConfiguration - spring.jpa.open-in-view is enabled by default. Therefore, database queries may be performed during view rendering. Explicitly configure spring.jpa.open-in-view to disable this warning
2025-10-16 13:24:21 [main] INFO  o.s.b.a.e.web.EndpointLinksResolver - Exposing 1 endpoint beneath base path '/actuator'
2025-10-16 13:24:22 [main] INFO  o.a.coyote.http11.Http11NioProtocol - Starting ProtocolHandler ["http-nio-7775"]
2025-10-16 13:24:22 [main] INFO  o.s.b.w.e.tomcat.TomcatWebServer - Tomcat started on port 7775 (http) with context path '/'
2025-10-16 13:24:22 [main] INFO  a.c.q.QwiseDemoAppApplication - Started QwiseDemoAppApplication in 14.073 seconds (process running for 15.207)
2025-10-16 13:24:23 [RMI TCP Connection(1)-172.20.176.1] INFO  o.a.c.c.C.[Tomcat].[localhost].[/] - Initializing Spring DispatcherServlet 'dispatcherServlet'
2025-10-16 13:24:23 [RMI TCP Connection(1)-172.20.176.1] INFO  o.s.web.servlet.DispatcherServlet - Initializing Servlet 'dispatcherServlet'
2025-10-16 13:24:23 [RMI TCP Connection(1)-172.20.176.1] INFO  o.s.web.servlet.DispatcherServlet - Completed initialization in 6 ms
2025-10-16 13:24:32 [http-nio-7775-exec-1] INFO  a.c.qwisedemoapp.filter.JwtFilter - Authorization header not found
2025-10-16 13:24:32 [http-nio-7775-exec-1] INFO  a.c.qwisedemoapp.filter.JwtFilter - Invalid token
2025-10-16 13:24:32 [http-nio-7775-exec-1] INFO  a.c.qwisedemoapp.filter.JwtFilter - Auth header: null
2025-10-16 13:24:32 [http-nio-7775-exec-1] INFO  a.c.qwisedemoapp.filter.JwtFilter - Extracted username from JWT: null
2025-10-16 13:24:32 [http-nio-7775-exec-1] INFO  a.c.qwisedemoapp.filter.JwtFilter - Current authentication: null
2025-10-16 13:24:32 [http-nio-7775-exec-2] INFO  a.c.qwisedemoapp.filter.JwtFilter - Authorization header not found
2025-10-16 13:24:32 [http-nio-7775-exec-2] INFO  a.c.qwisedemoapp.filter.JwtFilter - Invalid token
2025-10-16 13:24:32 [http-nio-7775-exec-2] INFO  a.c.qwisedemoapp.filter.JwtFilter - Auth header: null
2025-10-16 13:24:32 [http-nio-7775-exec-2] INFO  a.c.qwisedemoapp.filter.JwtFilter - Extracted username from JWT: null
2025-10-16 13:24:32 [http-nio-7775-exec-2] INFO  a.c.qwisedemoapp.filter.JwtFilter - Current authentication: null
2025-10-16 13:24:32 [http-nio-7775-exec-4] INFO  a.c.qwisedemoapp.filter.JwtFilter - Authorization header not found
2025-10-16 13:24:32 [http-nio-7775-exec-4] INFO  a.c.qwisedemoapp.filter.JwtFilter - Invalid token
2025-10-16 13:24:32 [http-nio-7775-exec-4] INFO  a.c.qwisedemoapp.filter.JwtFilter - Auth header: null
2025-10-16 13:24:32 [http-nio-7775-exec-4] INFO  a.c.qwisedemoapp.filter.JwtFilter - Extracted username from JWT: null
2025-10-16 13:24:32 [http-nio-7775-exec-4] INFO  a.c.qwisedemoapp.filter.JwtFilter - Current authentication: null
2025-10-16 13:24:32 [http-nio-7775-exec-3] INFO  a.c.qwisedemoapp.filter.JwtFilter - Authorization header not found
2025-10-16 13:24:32 [http-nio-7775-exec-3] INFO  a.c.qwisedemoapp.filter.JwtFilter - Invalid token
2025-10-16 13:24:32 [http-nio-7775-exec-3] INFO  a.c.qwisedemoapp.filter.JwtFilter - Auth header: null
2025-10-16 13:24:32 [http-nio-7775-exec-3] INFO  a.c.qwisedemoapp.filter.JwtFilter - Extracted username from JWT: null
2025-10-16 13:24:32 [http-nio-7775-exec-3] INFO  a.c.qwisedemoapp.filter.JwtFilter - Current authentication: null
2025-10-16 13:24:32 [http-nio-7775-exec-5] INFO  a.c.qwisedemoapp.filter.JwtFilter - Authorization header not found
2025-10-16 13:24:32 [http-nio-7775-exec-6] INFO  a.c.qwisedemoapp.filter.JwtFilter - Authorization header not found
2025-10-16 13:24:32 [http-nio-7775-exec-5] INFO  a.c.qwisedemoapp.filter.JwtFilter - Invalid token
2025-10-16 13:24:32 [http-nio-7775-exec-5] INFO  a.c.qwisedemoapp.filter.JwtFilter - Auth header: null
2025-10-16 13:24:32 [http-nio-7775-exec-5] INFO  a.c.qwisedemoapp.filter.JwtFilter - Extracted username from JWT: null
2025-10-16 13:24:32 [http-nio-7775-exec-6] INFO  a.c.qwisedemoapp.filter.JwtFilter - Invalid token
2025-10-16 13:24:32 [http-nio-7775-exec-5] INFO  a.c.qwisedemoapp.filter.JwtFilter - Current authentication: null
2025-10-16 13:24:32 [http-nio-7775-exec-6] INFO  a.c.qwisedemoapp.filter.JwtFilter - Auth header: null
2025-10-16 13:24:32 [http-nio-7775-exec-6] INFO  a.c.qwisedemoapp.filter.JwtFilter - Extracted username from JWT: null
2025-10-16 13:24:32 [http-nio-7775-exec-6] INFO  a.c.qwisedemoapp.filter.JwtFilter - Current authentication: null
2025-10-16 13:24:32 [http-nio-7775-exec-7] INFO  a.c.qwisedemoapp.filter.JwtFilter - Authorization header not found
2025-10-16 13:24:32 [http-nio-7775-exec-7] INFO  a.c.qwisedemoapp.filter.JwtFilter - Invalid token
2025-10-16 13:24:32 [http-nio-7775-exec-7] INFO  a.c.qwisedemoapp.filter.JwtFilter - Auth header: null
2025-10-16 13:24:32 [http-nio-7775-exec-7] INFO  a.c.qwisedemoapp.filter.JwtFilter - Extracted username from JWT: null
2025-10-16 13:24:32 [http-nio-7775-exec-7] INFO  a.c.qwisedemoapp.filter.JwtFilter - Current authentication: null
2025-10-16 13:24:32 [http-nio-7775-exec-8] INFO  a.c.qwisedemoapp.filter.JwtFilter - Authorization header not found
2025-10-16 13:24:32 [http-nio-7775-exec-8] INFO  a.c.qwisedemoapp.filter.JwtFilter - Invalid token
2025-10-16 13:24:32 [http-nio-7775-exec-8] INFO  a.c.qwisedemoapp.filter.JwtFilter - Auth header: null
2025-10-16 13:24:32 [http-nio-7775-exec-8] INFO  a.c.qwisedemoapp.filter.JwtFilter - Extracted username from JWT: null
2025-10-16 13:24:32 [http-nio-7775-exec-8] INFO  a.c.qwisedemoapp.filter.JwtFilter - Current authentication: null
2025-10-16 13:24:33 [http-nio-7775-exec-9] INFO  a.c.qwisedemoapp.filter.JwtFilter - Authorization header not found
2025-10-16 13:24:33 [http-nio-7775-exec-9] INFO  a.c.qwisedemoapp.filter.JwtFilter - Invalid token
2025-10-16 13:24:33 [http-nio-7775-exec-9] INFO  a.c.qwisedemoapp.filter.JwtFilter - Auth header: null
2025-10-16 13:24:33 [http-nio-7775-exec-9] INFO  a.c.qwisedemoapp.filter.JwtFilter - Extracted username from JWT: null
2025-10-16 13:24:33 [http-nio-7775-exec-9] INFO  a.c.qwisedemoapp.filter.JwtFilter - Current authentication: null
2025-10-16 13:24:33 [http-nio-7775-exec-10] INFO  a.c.qwisedemoapp.filter.JwtFilter - Authorization header not found
2025-10-16 13:24:33 [http-nio-7775-exec-10] INFO  a.c.qwisedemoapp.filter.JwtFilter - Invalid token
2025-10-16 13:24:33 [http-nio-7775-exec-10] INFO  a.c.qwisedemoapp.filter.JwtFilter - Auth header: null
2025-10-16 13:24:33 [http-nio-7775-exec-10] INFO  a.c.qwisedemoapp.filter.JwtFilter - Extracted username from JWT: null
2025-10-16 13:24:33 [http-nio-7775-exec-10] INFO  a.c.qwisedemoapp.filter.JwtFilter - Current authentication: null
2025-10-16 13:24:33 [http-nio-7775-exec-1] INFO  a.c.qwisedemoapp.filter.JwtFilter - Authorization header not found
2025-10-16 13:24:33 [http-nio-7775-exec-1] INFO  a.c.qwisedemoapp.filter.JwtFilter - Invalid token
2025-10-16 13:24:33 [http-nio-7775-exec-1] INFO  a.c.qwisedemoapp.filter.JwtFilter - Auth header: null
2025-10-16 13:24:33 [http-nio-7775-exec-1] INFO  a.c.qwisedemoapp.filter.JwtFilter - Extracted username from JWT: null
2025-10-16 13:24:33 [http-nio-7775-exec-1] INFO  a.c.qwisedemoapp.filter.JwtFilter - Current authentication: null
2025-10-16 13:24:34 [http-nio-7775-exec-1] INFO  o.s.api.AbstractOpenApiResource - Init duration for springdoc-openapi is: 1227 ms
2025-10-16 13:24:41 [http-nio-7775-exec-2] INFO  a.c.qwisedemoapp.filter.JwtFilter - Authorization header not found
2025-10-16 13:24:41 [http-nio-7775-exec-2] INFO  a.c.qwisedemoapp.filter.JwtFilter - Invalid token
2025-10-16 13:24:41 [http-nio-7775-exec-2] INFO  a.c.qwisedemoapp.filter.JwtFilter - Auth header: null
2025-10-16 13:24:41 [http-nio-7775-exec-2] INFO  a.c.qwisedemoapp.filter.JwtFilter - Extracted username from JWT: null
2025-10-16 13:24:41 [http-nio-7775-exec-2] INFO  a.c.qwisedemoapp.filter.JwtFilter - Current authentication: null
2025-10-16 13:27:18 [SpringApplicationShutdownHook] INFO  o.s.b.w.e.tomcat.GracefulShutdown - Commencing graceful shutdown. Waiting for active requests to complete
2025-10-16 13:27:18 [tomcat-shutdown] INFO  o.s.b.w.e.tomcat.GracefulShutdown - Graceful shutdown complete
2025-10-16 13:27:18 [SpringApplicationShutdownHook] INFO  o.s.o.j.LocalContainerEntityManagerFactoryBean - Closing JPA EntityManagerFactory for persistence unit 'default'
2025-10-16 13:27:18 [SpringApplicationShutdownHook] INFO  com.zaxxer.hikari.HikariDataSource - HikariPool-1 - Shutdown initiated...
2025-10-16 13:27:18 [SpringApplicationShutdownHook] INFO  com.zaxxer.hikari.HikariDataSource - HikariPool-1 - Shutdown completed.
2025-10-16 13:28:08 [background-preinit] INFO  o.h.validator.internal.util.Version - HV000001: Hibernate Validator 8.0.2.Final
2025-10-16 13:28:08 [main] INFO  a.c.q.QwiseDemoAppApplication - Starting QwiseDemoAppApplication using Java 21.0.2 with PID 13896 (C:\Workspace\Workspace\qwise-app\build\classes\java\main started by ACER in C:\Workspace\Workspace\qwise-app)
2025-10-16 13:28:08 [main] INFO  a.c.q.QwiseDemoAppApplication - No active profile set, falling back to 1 default profile: "default"
2025-10-16 13:28:10 [main] INFO  o.s.d.r.c.RepositoryConfigurationDelegate - Bootstrapping Spring Data JPA repositories in DEFAULT mode.
2025-10-16 13:28:11 [main] INFO  o.s.d.r.c.RepositoryConfigurationDelegate - Finished Spring Data repository scanning in 222 ms. Found 13 JPA repository interfaces.
2025-10-16 13:28:12 [main] INFO  o.s.b.w.e.tomcat.TomcatWebServer - Tomcat initialized with port 7775 (http)
2025-10-16 13:28:12 [main] INFO  o.a.coyote.http11.Http11NioProtocol - Initializing ProtocolHandler ["http-nio-7775"]
2025-10-16 13:28:12 [main] INFO  o.a.catalina.core.StandardService - Starting service [Tomcat]
2025-10-16 13:28:12 [main] INFO  o.a.catalina.core.StandardEngine - Starting Servlet engine: [Apache Tomcat/10.1.43]
2025-10-16 13:28:12 [main] INFO  o.a.c.c.C.[Tomcat].[localhost].[/] - Initializing Spring embedded WebApplicationContext
2025-10-16 13:28:12 [main] INFO  o.s.b.w.s.c.ServletWebServerApplicationContext - Root WebApplicationContext: initialization completed in 3902 ms
2025-10-16 13:28:12 [main] INFO  o.h.jpa.internal.util.LogHelper - HHH000204: Processing PersistenceUnitInfo [name: default]
2025-10-16 13:28:12 [main] INFO  org.hibernate.Version - HHH000412: Hibernate ORM core version 6.6.22.Final
2025-10-16 13:28:13 [main] INFO  o.h.c.i.RegionFactoryInitiator - HHH000026: Second-level cache disabled
2025-10-16 13:28:13 [main] INFO  o.s.o.j.p.SpringPersistenceUnitInfo - No LoadTimeWeaver setup: ignoring JPA class transformer
2025-10-16 13:28:13 [main] INFO  com.zaxxer.hikari.HikariDataSource - HikariPool-1 - Starting...
2025-10-16 13:28:14 [main] INFO  com.zaxxer.hikari.pool.HikariPool - HikariPool-1 - Added connection org.postgresql.jdbc.PgConnection@de40aa1
2025-10-16 13:28:14 [main] INFO  com.zaxxer.hikari.HikariDataSource - HikariPool-1 - Start completed.
2025-10-16 13:28:14 [main] WARN  org.hibernate.orm.deprecation - HHH90000025: PostgreSQLDialect does not need to be specified explicitly using 'hibernate.dialect' (remove the property setting and it will be selected by default)
2025-10-16 13:28:14 [main] INFO  o.hibernate.orm.connections.pooling - HHH10001005: Database info:
	Database JDBC URL [Connecting through datasource 'HikariDataSource (HikariPool-1)']
	Database driver: undefined/unknown
	Database version: 18.0
	Autocommit mode: undefined/unknown
	Isolation level: undefined/unknown
	Minimum pool size: undefined/unknown
	Maximum pool size: undefined/unknown
2025-10-16 13:28:17 [main] INFO  o.h.e.t.j.p.i.JtaPlatformInitiator - HHH000489: No JTA platform available (set 'hibernate.transaction.jta.platform' to enable JTA platform integration)
2025-10-16 13:28:20 [main] INFO  o.s.o.j.LocalContainerEntityManagerFactoryBean - Initialized JPA EntityManagerFactory for persistence unit 'default'
2025-10-16 13:28:21 [main] INFO  o.s.d.j.r.query.QueryEnhancerFactory - Hibernate is in classpath; If applicable, HQL parser will be used.
2025-10-16 13:28:21 [main] INFO  o.s.s.c.a.a.c.InitializeAuthenticationProviderBeanManagerConfigurer$InitializeAuthenticationProviderManagerConfigurer - Global AuthenticationManager configured with AuthenticationProvider bean with name customAuthenticationProvider
2025-10-16 13:28:21 [main] WARN  o.s.s.c.a.a.c.InitializeUserDetailsBeanManagerConfigurer$InitializeUserDetailsManagerConfigurer - Global AuthenticationManager configured with an AuthenticationProvider bean. UserDetailsService beans will not be used by Spring Security for automatically configuring username/password login. Consider removing the AuthenticationProvider bean. Alternatively, consider using the UserDetailsService in a manually instantiated DaoAuthenticationProvider. If the current configuration is intentional, to turn off this warning, increase the logging level of 'org.springframework.security.config.annotation.authentication.configuration.InitializeUserDetailsBeanManagerConfigurer' to ERROR
2025-10-16 13:28:22 [main] WARN  o.s.b.a.o.j.JpaBaseConfiguration$JpaWebConfiguration - spring.jpa.open-in-view is enabled by default. Therefore, database queries may be performed during view rendering. Explicitly configure spring.jpa.open-in-view to disable this warning
2025-10-16 13:28:22 [main] INFO  o.s.b.a.e.web.EndpointLinksResolver - Exposing 1 endpoint beneath base path '/actuator'
2025-10-16 13:28:23 [main] INFO  o.a.coyote.http11.Http11NioProtocol - Starting ProtocolHandler ["http-nio-7775"]
2025-10-16 13:28:23 [main] INFO  o.s.b.w.e.tomcat.TomcatWebServer - Tomcat started on port 7775 (http) with context path '/'
2025-10-16 13:28:23 [main] INFO  a.c.q.QwiseDemoAppApplication - Started QwiseDemoAppApplication in 16.408 seconds (process running for 17.589)
2025-10-16 13:28:24 [RMI TCP Connection(3)-172.20.176.1] INFO  o.a.c.c.C.[Tomcat].[localhost].[/] - Initializing Spring DispatcherServlet 'dispatcherServlet'
2025-10-16 13:28:24 [RMI TCP Connection(3)-172.20.176.1] INFO  o.s.web.servlet.DispatcherServlet - Initializing Servlet 'dispatcherServlet'
2025-10-16 13:28:24 [RMI TCP Connection(3)-172.20.176.1] INFO  o.s.web.servlet.DispatcherServlet - Completed initialization in 4 ms
2025-10-16 13:28:28 [http-nio-7775-exec-1] INFO  a.c.qwisedemoapp.filter.JwtFilter - Authorization header not found
2025-10-16 13:28:28 [http-nio-7775-exec-1] INFO  a.c.qwisedemoapp.filter.JwtFilter - Invalid token
2025-10-16 13:28:28 [http-nio-7775-exec-1] INFO  a.c.qwisedemoapp.filter.JwtFilter - Auth header: null
2025-10-16 13:28:28 [http-nio-7775-exec-1] INFO  a.c.qwisedemoapp.filter.JwtFilter - Extracted username from JWT: null
2025-10-16 13:28:28 [http-nio-7775-exec-1] INFO  a.c.qwisedemoapp.filter.JwtFilter - Current authentication: null
2025-10-16 13:28:28 [http-nio-7775-exec-2] INFO  a.c.qwisedemoapp.filter.JwtFilter - Authorization header not found
2025-10-16 13:28:28 [http-nio-7775-exec-2] INFO  a.c.qwisedemoapp.filter.JwtFilter - Invalid token
2025-10-16 13:28:28 [http-nio-7775-exec-2] INFO  a.c.qwisedemoapp.filter.JwtFilter - Auth header: null
2025-10-16 13:28:28 [http-nio-7775-exec-2] INFO  a.c.qwisedemoapp.filter.JwtFilter - Extracted username from JWT: null
2025-10-16 13:28:28 [http-nio-7775-exec-2] INFO  a.c.qwisedemoapp.filter.JwtFilter - Current authentication: null
2025-10-16 13:28:28 [http-nio-7775-exec-3] INFO  a.c.qwisedemoapp.filter.JwtFilter - Authorization header not found
2025-10-16 13:28:28 [http-nio-7775-exec-3] INFO  a.c.qwisedemoapp.filter.JwtFilter - Invalid token
2025-10-16 13:28:28 [http-nio-7775-exec-3] INFO  a.c.qwisedemoapp.filter.JwtFilter - Auth header: null
2025-10-16 13:28:28 [http-nio-7775-exec-3] INFO  a.c.qwisedemoapp.filter.JwtFilter - Extracted username from JWT: null
2025-10-16 13:28:28 [http-nio-7775-exec-3] INFO  a.c.qwisedemoapp.filter.JwtFilter - Current authentication: null
2025-10-16 13:28:28 [http-nio-7775-exec-4] INFO  a.c.qwisedemoapp.filter.JwtFilter - Authorization header not found
2025-10-16 13:28:28 [http-nio-7775-exec-6] INFO  a.c.qwisedemoapp.filter.JwtFilter - Authorization header not found
2025-10-16 13:28:28 [http-nio-7775-exec-6] INFO  a.c.qwisedemoapp.filter.JwtFilter - Invalid token
2025-10-16 13:28:28 [http-nio-7775-exec-6] INFO  a.c.qwisedemoapp.filter.JwtFilter - Auth header: null
2025-10-16 13:28:28 [http-nio-7775-exec-4] INFO  a.c.qwisedemoapp.filter.JwtFilter - Invalid token
2025-10-16 13:28:28 [http-nio-7775-exec-5] INFO  a.c.qwisedemoapp.filter.JwtFilter - Authorization header not found
2025-10-16 13:28:28 [http-nio-7775-exec-4] INFO  a.c.qwisedemoapp.filter.JwtFilter - Auth header: null
2025-10-16 13:28:28 [http-nio-7775-exec-4] INFO  a.c.qwisedemoapp.filter.JwtFilter - Extracted username from JWT: null
2025-10-16 13:28:28 [http-nio-7775-exec-6] INFO  a.c.qwisedemoapp.filter.JwtFilter - Extracted username from JWT: null
2025-10-16 13:28:28 [http-nio-7775-exec-5] INFO  a.c.qwisedemoapp.filter.JwtFilter - Invalid token
2025-10-16 13:28:28 [http-nio-7775-exec-4] INFO  a.c.qwisedemoapp.filter.JwtFilter - Current authentication: null
2025-10-16 13:28:28 [http-nio-7775-exec-6] INFO  a.c.qwisedemoapp.filter.JwtFilter - Current authentication: null
2025-10-16 13:28:28 [http-nio-7775-exec-5] INFO  a.c.qwisedemoapp.filter.JwtFilter - Auth header: null
2025-10-16 13:28:28 [http-nio-7775-exec-5] INFO  a.c.qwisedemoapp.filter.JwtFilter - Extracted username from JWT: null
2025-10-16 13:28:28 [http-nio-7775-exec-5] INFO  a.c.qwisedemoapp.filter.JwtFilter - Current authentication: null
2025-10-16 13:28:28 [http-nio-7775-exec-7] INFO  a.c.qwisedemoapp.filter.JwtFilter - Authorization header not found
2025-10-16 13:28:28 [http-nio-7775-exec-7] INFO  a.c.qwisedemoapp.filter.JwtFilter - Invalid token
2025-10-16 13:28:28 [http-nio-7775-exec-7] INFO  a.c.qwisedemoapp.filter.JwtFilter - Auth header: null
2025-10-16 13:28:28 [http-nio-7775-exec-7] INFO  a.c.qwisedemoapp.filter.JwtFilter - Extracted username from JWT: null
2025-10-16 13:28:28 [http-nio-7775-exec-7] INFO  a.c.qwisedemoapp.filter.JwtFilter - Current authentication: null
2025-10-16 13:28:28 [http-nio-7775-exec-8] INFO  a.c.qwisedemoapp.filter.JwtFilter - Authorization header not found
2025-10-16 13:28:28 [http-nio-7775-exec-8] INFO  a.c.qwisedemoapp.filter.JwtFilter - Invalid token
2025-10-16 13:28:28 [http-nio-7775-exec-8] INFO  a.c.qwisedemoapp.filter.JwtFilter - Auth header: null
2025-10-16 13:28:28 [http-nio-7775-exec-8] INFO  a.c.qwisedemoapp.filter.JwtFilter - Extracted username from JWT: null
2025-10-16 13:28:28 [http-nio-7775-exec-8] INFO  a.c.qwisedemoapp.filter.JwtFilter - Current authentication: null
2025-10-16 13:28:28 [http-nio-7775-exec-9] INFO  a.c.qwisedemoapp.filter.JwtFilter - Authorization header not found
2025-10-16 13:28:28 [http-nio-7775-exec-9] INFO  a.c.qwisedemoapp.filter.JwtFilter - Invalid token
2025-10-16 13:28:28 [http-nio-7775-exec-9] INFO  a.c.qwisedemoapp.filter.JwtFilter - Auth header: null
2025-10-16 13:28:28 [http-nio-7775-exec-9] INFO  a.c.qwisedemoapp.filter.JwtFilter - Extracted username from JWT: null
2025-10-16 13:28:28 [http-nio-7775-exec-9] INFO  a.c.qwisedemoapp.filter.JwtFilter - Current authentication: null
2025-10-16 13:28:30 [http-nio-7775-exec-9] INFO  o.s.api.AbstractOpenApiResource - Init duration for springdoc-openapi is: 1231 ms
2025-10-16 13:28:45 [http-nio-7775-exec-10] INFO  a.c.qwisedemoapp.filter.JwtFilter - Authorization header not found
2025-10-16 13:28:45 [http-nio-7775-exec-1] INFO  a.c.qwisedemoapp.filter.JwtFilter - Authorization header not found
2025-10-16 13:28:45 [http-nio-7775-exec-10] INFO  a.c.qwisedemoapp.filter.JwtFilter - Invalid token
2025-10-16 13:28:45 [http-nio-7775-exec-10] INFO  a.c.qwisedemoapp.filter.JwtFilter - Auth header: null
2025-10-16 13:28:45 [http-nio-7775-exec-1] INFO  a.c.qwisedemoapp.filter.JwtFilter - Invalid token
2025-10-16 13:28:45 [http-nio-7775-exec-10] INFO  a.c.qwisedemoapp.filter.JwtFilter - Extracted username from JWT: null
2025-10-16 13:28:45 [http-nio-7775-exec-1] INFO  a.c.qwisedemoapp.filter.JwtFilter - Auth header: null
2025-10-16 13:28:45 [http-nio-7775-exec-10] INFO  a.c.qwisedemoapp.filter.JwtFilter - Current authentication: null
2025-10-16 13:28:45 [http-nio-7775-exec-1] INFO  a.c.qwisedemoapp.filter.JwtFilter - Extracted username from JWT: null
2025-10-16 13:28:45 [http-nio-7775-exec-1] INFO  a.c.qwisedemoapp.filter.JwtFilter - Current authentication: null
2025-10-16 13:28:45 [http-nio-7775-exec-2] INFO  a.c.qwisedemoapp.filter.JwtFilter - Authorization header not found
2025-10-16 13:28:45 [http-nio-7775-exec-2] INFO  a.c.qwisedemoapp.filter.JwtFilter - Invalid token
2025-10-16 13:28:45 [http-nio-7775-exec-2] INFO  a.c.qwisedemoapp.filter.JwtFilter - Auth header: null
2025-10-16 13:28:45 [http-nio-7775-exec-2] INFO  a.c.qwisedemoapp.filter.JwtFilter - Extracted username from JWT: null
2025-10-16 13:28:45 [http-nio-7775-exec-2] INFO  a.c.qwisedemoapp.filter.JwtFilter - Current authentication: null
2025-10-16 13:28:45 [http-nio-7775-exec-3] INFO  a.c.qwisedemoapp.filter.JwtFilter - Authorization header not found
2025-10-16 13:28:45 [http-nio-7775-exec-3] INFO  a.c.qwisedemoapp.filter.JwtFilter - Invalid token
2025-10-16 13:28:45 [http-nio-7775-exec-3] INFO  a.c.qwisedemoapp.filter.JwtFilter - Auth header: null
2025-10-16 13:28:45 [http-nio-7775-exec-3] INFO  a.c.qwisedemoapp.filter.JwtFilter - Extracted username from JWT: null
2025-10-16 13:28:45 [http-nio-7775-exec-3] INFO  a.c.qwisedemoapp.filter.JwtFilter - Current authentication: null
2025-10-16 13:28:49 [http-nio-7775-exec-5] INFO  a.c.qwisedemoapp.filter.JwtFilter - Authorization header not found
2025-10-16 13:28:49 [http-nio-7775-exec-5] INFO  a.c.qwisedemoapp.filter.JwtFilter - Invalid token
2025-10-16 13:28:49 [http-nio-7775-exec-5] INFO  a.c.qwisedemoapp.filter.JwtFilter - Auth header: null
2025-10-16 13:28:49 [http-nio-7775-exec-5] INFO  a.c.qwisedemoapp.filter.JwtFilter - Extracted username from JWT: null
2025-10-16 13:28:49 [http-nio-7775-exec-5] INFO  a.c.qwisedemoapp.filter.JwtFilter - Current authentication: null
2025-10-16 13:29:44 [SpringApplicationShutdownHook] INFO  o.s.b.w.e.tomcat.GracefulShutdown - Commencing graceful shutdown. Waiting for active requests to complete
2025-10-16 13:29:44 [tomcat-shutdown] INFO  o.s.b.w.e.tomcat.GracefulShutdown - Graceful shutdown complete
2025-10-16 13:29:44 [SpringApplicationShutdownHook] INFO  o.s.o.j.LocalContainerEntityManagerFactoryBean - Closing JPA EntityManagerFactory for persistence unit 'default'
2025-10-16 13:29:44 [SpringApplicationShutdownHook] INFO  com.zaxxer.hikari.HikariDataSource - HikariPool-1 - Shutdown initiated...
2025-10-16 13:29:44 [SpringApplicationShutdownHook] INFO  com.zaxxer.hikari.HikariDataSource - HikariPool-1 - Shutdown completed.
2025-10-16 13:29:50 [background-preinit] INFO  o.h.validator.internal.util.Version - HV000001: Hibernate Validator 8.0.2.Final
2025-10-16 13:29:50 [main] INFO  a.c.q.QwiseDemoAppApplication - Starting QwiseDemoAppApplication using Java 21.0.2 with PID 1724 (C:\Workspace\Workspace\qwise-app\build\classes\java\main started by ACER in C:\Workspace\Workspace\qwise-app)
2025-10-16 13:29:50 [main] INFO  a.c.q.QwiseDemoAppApplication - No active profile set, falling back to 1 default profile: "default"
2025-10-16 13:29:52 [main] INFO  o.s.d.r.c.RepositoryConfigurationDelegate - Bootstrapping Spring Data JPA repositories in DEFAULT mode.
2025-10-16 13:29:52 [main] INFO  o.s.d.r.c.RepositoryConfigurationDelegate - Finished Spring Data repository scanning in 180 ms. Found 13 JPA repository interfaces.
2025-10-16 13:29:53 [main] INFO  o.s.b.w.e.tomcat.TomcatWebServer - Tomcat initialized with port 7775 (http)
2025-10-16 13:29:53 [main] INFO  o.a.coyote.http11.Http11NioProtocol - Initializing ProtocolHandler ["http-nio-7775"]
2025-10-16 13:29:53 [main] INFO  o.a.catalina.core.StandardService - Starting service [Tomcat]
2025-10-16 13:29:53 [main] INFO  o.a.catalina.core.StandardEngine - Starting Servlet engine: [Apache Tomcat/10.1.43]
2025-10-16 13:29:53 [main] INFO  o.a.c.c.C.[Tomcat].[localhost].[/] - Initializing Spring embedded WebApplicationContext
2025-10-16 13:29:53 [main] INFO  o.s.b.w.s.c.ServletWebServerApplicationContext - Root WebApplicationContext: initialization completed in 3051 ms
2025-10-16 13:29:53 [main] INFO  o.h.jpa.internal.util.LogHelper - HHH000204: Processing PersistenceUnitInfo [name: default]
2025-10-16 13:29:53 [main] INFO  org.hibernate.Version - HHH000412: Hibernate ORM core version 6.6.22.Final
2025-10-16 13:29:53 [main] INFO  o.h.c.i.RegionFactoryInitiator - HHH000026: Second-level cache disabled
2025-10-16 13:29:54 [main] INFO  o.s.o.j.p.SpringPersistenceUnitInfo - No LoadTimeWeaver setup: ignoring JPA class transformer
2025-10-16 13:29:54 [main] INFO  com.zaxxer.hikari.HikariDataSource - HikariPool-1 - Starting...
2025-10-16 13:29:54 [main] INFO  com.zaxxer.hikari.pool.HikariPool - HikariPool-1 - Added connection org.postgresql.jdbc.PgConnection@478c84aa
2025-10-16 13:29:54 [main] INFO  com.zaxxer.hikari.HikariDataSource - HikariPool-1 - Start completed.
2025-10-16 13:29:54 [main] WARN  org.hibernate.orm.deprecation - HHH90000025: PostgreSQLDialect does not need to be specified explicitly using 'hibernate.dialect' (remove the property setting and it will be selected by default)
2025-10-16 13:29:54 [main] INFO  o.hibernate.orm.connections.pooling - HHH10001005: Database info:
	Database JDBC URL [Connecting through datasource 'HikariDataSource (HikariPool-1)']
	Database driver: undefined/unknown
	Database version: 18.0
	Autocommit mode: undefined/unknown
	Isolation level: undefined/unknown
	Minimum pool size: undefined/unknown
	Maximum pool size: undefined/unknown
2025-10-16 13:29:56 [main] INFO  o.h.e.t.j.p.i.JtaPlatformInitiator - HHH000489: No JTA platform available (set 'hibernate.transaction.jta.platform' to enable JTA platform integration)
2025-10-16 13:29:59 [main] INFO  o.s.o.j.LocalContainerEntityManagerFactoryBean - Initialized JPA EntityManagerFactory for persistence unit 'default'
2025-10-16 13:30:00 [main] INFO  o.s.d.j.r.query.QueryEnhancerFactory - Hibernate is in classpath; If applicable, HQL parser will be used.
2025-10-16 13:30:01 [main] INFO  o.s.s.c.a.a.c.InitializeAuthenticationProviderBeanManagerConfigurer$InitializeAuthenticationProviderManagerConfigurer - Global AuthenticationManager configured with AuthenticationProvider bean with name customAuthenticationProvider
2025-10-16 13:30:01 [main] WARN  o.s.s.c.a.a.c.InitializeUserDetailsBeanManagerConfigurer$InitializeUserDetailsManagerConfigurer - Global AuthenticationManager configured with an AuthenticationProvider bean. UserDetailsService beans will not be used by Spring Security for automatically configuring username/password login. Consider removing the AuthenticationProvider bean. Alternatively, consider using the UserDetailsService in a manually instantiated DaoAuthenticationProvider. If the current configuration is intentional, to turn off this warning, increase the logging level of 'org.springframework.security.config.annotation.authentication.configuration.InitializeUserDetailsBeanManagerConfigurer' to ERROR
2025-10-16 13:30:01 [main] WARN  o.s.b.a.o.j.JpaBaseConfiguration$JpaWebConfiguration - spring.jpa.open-in-view is enabled by default. Therefore, database queries may be performed during view rendering. Explicitly configure spring.jpa.open-in-view to disable this warning
2025-10-16 13:30:02 [main] INFO  o.s.b.a.e.web.EndpointLinksResolver - Exposing 1 endpoint beneath base path '/actuator'
2025-10-16 13:30:03 [main] INFO  o.a.coyote.http11.Http11NioProtocol - Starting ProtocolHandler ["http-nio-7775"]
2025-10-16 13:30:03 [main] INFO  o.s.b.w.e.tomcat.TomcatWebServer - Tomcat started on port 7775 (http) with context path '/'
2025-10-16 13:30:03 [main] INFO  a.c.q.QwiseDemoAppApplication - Started QwiseDemoAppApplication in 13.728 seconds (process running for 14.966)
2025-10-16 13:30:03 [http-nio-7775-exec-1] INFO  o.a.c.c.C.[Tomcat].[localhost].[/] - Initializing Spring DispatcherServlet 'dispatcherServlet'
2025-10-16 13:30:03 [http-nio-7775-exec-1] INFO  o.s.web.servlet.DispatcherServlet - Initializing Servlet 'dispatcherServlet'
2025-10-16 13:30:03 [http-nio-7775-exec-1] INFO  o.s.web.servlet.DispatcherServlet - Completed initialization in 3 ms
2025-10-16 13:30:03 [http-nio-7775-exec-1] INFO  a.c.qwisedemoapp.filter.JwtFilter - Authorization header not found
2025-10-16 13:30:03 [http-nio-7775-exec-1] INFO  a.c.qwisedemoapp.filter.JwtFilter - Invalid token
2025-10-16 13:30:03 [http-nio-7775-exec-1] INFO  a.c.qwisedemoapp.filter.JwtFilter - Auth header: null
2025-10-16 13:30:03 [http-nio-7775-exec-1] INFO  a.c.qwisedemoapp.filter.JwtFilter - Extracted username from JWT: null
2025-10-16 13:30:03 [http-nio-7775-exec-1] INFO  a.c.qwisedemoapp.filter.JwtFilter - Current authentication: null
2025-10-16 13:30:03 [http-nio-7775-exec-2] INFO  a.c.qwisedemoapp.filter.JwtFilter - Authorization header not found
2025-10-16 13:30:03 [http-nio-7775-exec-2] INFO  a.c.qwisedemoapp.filter.JwtFilter - Invalid token
2025-10-16 13:30:03 [http-nio-7775-exec-2] INFO  a.c.qwisedemoapp.filter.JwtFilter - Auth header: null
2025-10-16 13:30:03 [http-nio-7775-exec-2] INFO  a.c.qwisedemoapp.filter.JwtFilter - Extracted username from JWT: null
2025-10-16 13:30:03 [http-nio-7775-exec-2] INFO  a.c.qwisedemoapp.filter.JwtFilter - Current authentication: null
2025-10-16 13:30:03 [http-nio-7775-exec-3] INFO  a.c.qwisedemoapp.filter.JwtFilter - Authorization header not found
2025-10-16 13:30:03 [http-nio-7775-exec-3] INFO  a.c.qwisedemoapp.filter.JwtFilter - Invalid token
2025-10-16 13:30:03 [http-nio-7775-exec-3] INFO  a.c.qwisedemoapp.filter.JwtFilter - Auth header: null
2025-10-16 13:30:03 [http-nio-7775-exec-5] INFO  a.c.qwisedemoapp.filter.JwtFilter - Authorization header not found
2025-10-16 13:30:03 [http-nio-7775-exec-4] INFO  a.c.qwisedemoapp.filter.JwtFilter - Authorization header not found
2025-10-16 13:30:03 [http-nio-7775-exec-5] INFO  a.c.qwisedemoapp.filter.JwtFilter - Invalid token
2025-10-16 13:30:03 [http-nio-7775-exec-4] INFO  a.c.qwisedemoapp.filter.JwtFilter - Invalid token
2025-10-16 13:30:03 [http-nio-7775-exec-5] INFO  a.c.qwisedemoapp.filter.JwtFilter - Auth header: null
2025-10-16 13:30:03 [http-nio-7775-exec-4] INFO  a.c.qwisedemoapp.filter.JwtFilter - Auth header: null
2025-10-16 13:30:03 [http-nio-7775-exec-5] INFO  a.c.qwisedemoapp.filter.JwtFilter - Extracted username from JWT: null
2025-10-16 13:30:03 [http-nio-7775-exec-4] INFO  a.c.qwisedemoapp.filter.JwtFilter - Extracted username from JWT: null
2025-10-16 13:30:03 [http-nio-7775-exec-5] INFO  a.c.qwisedemoapp.filter.JwtFilter - Current authentication: null
2025-10-16 13:30:03 [http-nio-7775-exec-4] INFO  a.c.qwisedemoapp.filter.JwtFilter - Current authentication: null
2025-10-16 13:30:03 [http-nio-7775-exec-3] INFO  a.c.qwisedemoapp.filter.JwtFilter - Extracted username from JWT: null
2025-10-16 13:30:03 [http-nio-7775-exec-6] INFO  a.c.qwisedemoapp.filter.JwtFilter - Authorization header not found
2025-10-16 13:30:03 [http-nio-7775-exec-6] INFO  a.c.qwisedemoapp.filter.JwtFilter - Invalid token
2025-10-16 13:30:03 [http-nio-7775-exec-6] INFO  a.c.qwisedemoapp.filter.JwtFilter - Auth header: null
2025-10-16 13:30:03 [http-nio-7775-exec-6] INFO  a.c.qwisedemoapp.filter.JwtFilter - Extracted username from JWT: null
2025-10-16 13:30:03 [http-nio-7775-exec-3] INFO  a.c.qwisedemoapp.filter.JwtFilter - Current authentication: null
2025-10-16 13:30:03 [http-nio-7775-exec-6] INFO  a.c.qwisedemoapp.filter.JwtFilter - Current authentication: null
2025-10-16 13:30:03 [http-nio-7775-exec-7] INFO  a.c.qwisedemoapp.filter.JwtFilter - Authorization header not found
2025-10-16 13:30:03 [http-nio-7775-exec-8] INFO  a.c.qwisedemoapp.filter.JwtFilter - Authorization header not found
2025-10-16 13:30:03 [http-nio-7775-exec-7] INFO  a.c.qwisedemoapp.filter.JwtFilter - Invalid token
2025-10-16 13:30:03 [http-nio-7775-exec-8] INFO  a.c.qwisedemoapp.filter.JwtFilter - Invalid token
2025-10-16 13:30:03 [http-nio-7775-exec-7] INFO  a.c.qwisedemoapp.filter.JwtFilter - Auth header: null
2025-10-16 13:30:03 [http-nio-7775-exec-8] INFO  a.c.qwisedemoapp.filter.JwtFilter - Auth header: null
2025-10-16 13:30:03 [http-nio-7775-exec-7] INFO  a.c.qwisedemoapp.filter.JwtFilter - Extracted username from JWT: null
2025-10-16 13:30:03 [http-nio-7775-exec-8] INFO  a.c.qwisedemoapp.filter.JwtFilter - Extracted username from JWT: null
2025-10-16 13:30:03 [http-nio-7775-exec-7] INFO  a.c.qwisedemoapp.filter.JwtFilter - Current authentication: null
2025-10-16 13:30:03 [http-nio-7775-exec-8] INFO  a.c.qwisedemoapp.filter.JwtFilter - Current authentication: null
2025-10-16 13:30:03 [http-nio-7775-exec-9] INFO  a.c.qwisedemoapp.filter.JwtFilter - Authorization header not found
2025-10-16 13:30:03 [http-nio-7775-exec-9] INFO  a.c.qwisedemoapp.filter.JwtFilter - Invalid token
2025-10-16 13:30:03 [http-nio-7775-exec-9] INFO  a.c.qwisedemoapp.filter.JwtFilter - Auth header: null
2025-10-16 13:30:03 [http-nio-7775-exec-9] INFO  a.c.qwisedemoapp.filter.JwtFilter - Extracted username from JWT: null
2025-10-16 13:30:03 [http-nio-7775-exec-9] INFO  a.c.qwisedemoapp.filter.JwtFilter - Current authentication: null
2025-10-16 13:30:05 [http-nio-7775-exec-9] INFO  o.s.api.AbstractOpenApiResource - Init duration for springdoc-openapi is: 1494 ms
2025-10-16 13:30:12 [http-nio-7775-exec-10] INFO  a.c.qwisedemoapp.filter.JwtFilter - Authorization header not found
2025-10-16 13:30:12 [http-nio-7775-exec-10] INFO  a.c.qwisedemoapp.filter.JwtFilter - Invalid token
2025-10-16 13:30:12 [http-nio-7775-exec-10] INFO  a.c.qwisedemoapp.filter.JwtFilter - Auth header: null
2025-10-16 13:30:12 [http-nio-7775-exec-10] INFO  a.c.qwisedemoapp.filter.JwtFilter - Extracted username from JWT: null
2025-10-16 13:30:12 [http-nio-7775-exec-10] INFO  a.c.qwisedemoapp.filter.JwtFilter - Current authentication: null
2025-10-16 13:30:25 [http-nio-7775-exec-3] INFO  a.c.qwisedemoapp.filter.JwtFilter - Authorization header not found
2025-10-16 13:30:25 [http-nio-7775-exec-3] INFO  a.c.qwisedemoapp.filter.JwtFilter - Invalid token
2025-10-16 13:30:25 [http-nio-7775-exec-3] INFO  a.c.qwisedemoapp.filter.JwtFilter - Auth header: null
2025-10-16 13:30:25 [http-nio-7775-exec-3] INFO  a.c.qwisedemoapp.filter.JwtFilter - Extracted username from JWT: null
2025-10-16 13:30:25 [http-nio-7775-exec-3] INFO  a.c.qwisedemoapp.filter.JwtFilter - Current authentication: null
2025-10-16 13:30:25 [http-nio-7775-exec-2] INFO  a.c.qwisedemoapp.filter.JwtFilter - Authorization header not found
2025-10-16 13:30:25 [http-nio-7775-exec-2] INFO  a.c.qwisedemoapp.filter.JwtFilter - Invalid token
2025-10-16 13:30:25 [http-nio-7775-exec-2] INFO  a.c.qwisedemoapp.filter.JwtFilter - Auth header: null
2025-10-16 13:30:25 [http-nio-7775-exec-2] INFO  a.c.qwisedemoapp.filter.JwtFilter - Extracted username from JWT: null
2025-10-16 13:30:25 [http-nio-7775-exec-2] INFO  a.c.qwisedemoapp.filter.JwtFilter - Current authentication: null
2025-10-16 13:30:25 [http-nio-7775-exec-5] INFO  a.c.qwisedemoapp.filter.JwtFilter - Authorization header not found
2025-10-16 13:30:25 [http-nio-7775-exec-5] INFO  a.c.qwisedemoapp.filter.JwtFilter - Invalid token
2025-10-16 13:30:25 [http-nio-7775-exec-5] INFO  a.c.qwisedemoapp.filter.JwtFilter - Auth header: null
2025-10-16 13:30:25 [http-nio-7775-exec-5] INFO  a.c.qwisedemoapp.filter.JwtFilter - Extracted username from JWT: null
2025-10-16 13:30:25 [http-nio-7775-exec-5] INFO  a.c.qwisedemoapp.filter.JwtFilter - Current authentication: null
2025-10-16 13:30:26 [http-nio-7775-exec-6] INFO  a.c.qwisedemoapp.filter.JwtFilter - Authorization header not found
2025-10-16 13:30:26 [http-nio-7775-exec-6] INFO  a.c.qwisedemoapp.filter.JwtFilter - Invalid token
2025-10-16 13:30:26 [http-nio-7775-exec-6] INFO  a.c.qwisedemoapp.filter.JwtFilter - Auth header: null
2025-10-16 13:30:26 [http-nio-7775-exec-6] INFO  a.c.qwisedemoapp.filter.JwtFilter - Extracted username from JWT: null
2025-10-16 13:30:26 [http-nio-7775-exec-6] INFO  a.c.qwisedemoapp.filter.JwtFilter - Current authentication: null
2025-10-16 13:30:29 [http-nio-7775-exec-8] INFO  a.c.qwisedemoapp.filter.JwtFilter - Authorization header not found
2025-10-16 13:30:29 [http-nio-7775-exec-8] INFO  a.c.qwisedemoapp.filter.JwtFilter - Invalid token
2025-10-16 13:30:29 [http-nio-7775-exec-8] INFO  a.c.qwisedemoapp.filter.JwtFilter - Auth header: null
2025-10-16 13:30:29 [http-nio-7775-exec-8] INFO  a.c.qwisedemoapp.filter.JwtFilter - Extracted username from JWT: null
2025-10-16 13:30:29 [http-nio-7775-exec-8] INFO  a.c.qwisedemoapp.filter.JwtFilter - Current authentication: null
2025-10-16 13:30:41 [SpringApplicationShutdownHook] INFO  o.s.b.w.e.tomcat.GracefulShutdown - Commencing graceful shutdown. Waiting for active requests to complete
2025-10-16 13:30:41 [tomcat-shutdown] INFO  o.s.b.w.e.tomcat.GracefulShutdown - Graceful shutdown complete
2025-10-16 13:30:41 [SpringApplicationShutdownHook] INFO  o.s.o.j.LocalContainerEntityManagerFactoryBean - Closing JPA EntityManagerFactory for persistence unit 'default'
2025-10-16 13:30:41 [SpringApplicationShutdownHook] INFO  com.zaxxer.hikari.HikariDataSource - HikariPool-1 - Shutdown initiated...
2025-10-16 13:30:41 [SpringApplicationShutdownHook] INFO  com.zaxxer.hikari.HikariDataSource - HikariPool-1 - Shutdown completed.
2025-10-16 13:32:03 [background-preinit] INFO  o.h.validator.internal.util.Version - HV000001: Hibernate Validator 8.0.2.Final
2025-10-16 13:32:03 [main] INFO  a.c.q.QwiseDemoAppApplication - Starting QwiseDemoAppApplication using Java 21.0.2 with PID 9692 (C:\Workspace\Workspace\qwise-app\build\classes\java\main started by ACER in C:\Workspace\Workspace\qwise-app)
2025-10-16 13:32:03 [main] INFO  a.c.q.QwiseDemoAppApplication - No active profile set, falling back to 1 default profile: "default"
2025-10-16 13:32:05 [main] INFO  o.s.d.r.c.RepositoryConfigurationDelegate - Bootstrapping Spring Data JPA repositories in DEFAULT mode.
2025-10-16 13:32:05 [main] INFO  o.s.d.r.c.RepositoryConfigurationDelegate - Finished Spring Data repository scanning in 187 ms. Found 13 JPA repository interfaces.
2025-10-16 13:32:07 [main] INFO  o.s.b.w.e.tomcat.TomcatWebServer - Tomcat initialized with port 7775 (http)
2025-10-16 13:32:07 [main] INFO  o.a.coyote.http11.Http11NioProtocol - Initializing ProtocolHandler ["http-nio-7775"]
2025-10-16 13:32:07 [main] INFO  o.a.catalina.core.StandardService - Starting service [Tomcat]
2025-10-16 13:32:07 [main] INFO  o.a.catalina.core.StandardEngine - Starting Servlet engine: [Apache Tomcat/10.1.43]
2025-10-16 13:32:07 [main] INFO  o.a.c.c.C.[Tomcat].[localhost].[/] - Initializing Spring embedded WebApplicationContext
2025-10-16 13:32:07 [main] INFO  o.s.b.w.s.c.ServletWebServerApplicationContext - Root WebApplicationContext: initialization completed in 3548 ms
2025-10-16 13:32:07 [main] INFO  o.h.jpa.internal.util.LogHelper - HHH000204: Processing PersistenceUnitInfo [name: default]
2025-10-16 13:32:07 [main] INFO  org.hibernate.Version - HHH000412: Hibernate ORM core version 6.6.22.Final
2025-10-16 13:32:07 [main] INFO  o.h.c.i.RegionFactoryInitiator - HHH000026: Second-level cache disabled
2025-10-16 13:32:08 [main] INFO  o.s.o.j.p.SpringPersistenceUnitInfo - No LoadTimeWeaver setup: ignoring JPA class transformer
2025-10-16 13:32:08 [main] INFO  com.zaxxer.hikari.HikariDataSource - HikariPool-1 - Starting...
2025-10-16 13:32:08 [main] INFO  com.zaxxer.hikari.pool.HikariPool - HikariPool-1 - Added connection org.postgresql.jdbc.PgConnection@2ab39942
2025-10-16 13:32:08 [main] INFO  com.zaxxer.hikari.HikariDataSource - HikariPool-1 - Start completed.
2025-10-16 13:32:08 [main] WARN  org.hibernate.orm.deprecation - HHH90000025: PostgreSQLDialect does not need to be specified explicitly using 'hibernate.dialect' (remove the property setting and it will be selected by default)
2025-10-16 13:32:08 [main] INFO  o.hibernate.orm.connections.pooling - HHH10001005: Database info:
	Database JDBC URL [Connecting through datasource 'HikariDataSource (HikariPool-1)']
	Database driver: undefined/unknown
	Database version: 18.0
	Autocommit mode: undefined/unknown
	Isolation level: undefined/unknown
	Minimum pool size: undefined/unknown
	Maximum pool size: undefined/unknown
2025-10-16 13:32:11 [main] INFO  o.h.e.t.j.p.i.JtaPlatformInitiator - HHH000489: No JTA platform available (set 'hibernate.transaction.jta.platform' to enable JTA platform integration)
2025-10-16 13:32:14 [main] INFO  o.s.o.j.LocalContainerEntityManagerFactoryBean - Initialized JPA EntityManagerFactory for persistence unit 'default'
2025-10-16 13:32:15 [main] INFO  o.s.d.j.r.query.QueryEnhancerFactory - Hibernate is in classpath; If applicable, HQL parser will be used.
2025-10-16 13:32:16 [main] INFO  o.s.s.c.a.a.c.InitializeAuthenticationProviderBeanManagerConfigurer$InitializeAuthenticationProviderManagerConfigurer - Global AuthenticationManager configured with AuthenticationProvider bean with name customAuthenticationProvider
2025-10-16 13:32:16 [main] WARN  o.s.s.c.a.a.c.InitializeUserDetailsBeanManagerConfigurer$InitializeUserDetailsManagerConfigurer - Global AuthenticationManager configured with an AuthenticationProvider bean. UserDetailsService beans will not be used by Spring Security for automatically configuring username/password login. Consider removing the AuthenticationProvider bean. Alternatively, consider using the UserDetailsService in a manually instantiated DaoAuthenticationProvider. If the current configuration is intentional, to turn off this warning, increase the logging level of 'org.springframework.security.config.annotation.authentication.configuration.InitializeUserDetailsBeanManagerConfigurer' to ERROR
2025-10-16 13:32:16 [main] WARN  o.s.b.a.o.j.JpaBaseConfiguration$JpaWebConfiguration - spring.jpa.open-in-view is enabled by default. Therefore, database queries may be performed during view rendering. Explicitly configure spring.jpa.open-in-view to disable this warning
2025-10-16 13:32:17 [main] INFO  o.s.b.a.e.web.EndpointLinksResolver - Exposing 1 endpoint beneath base path '/actuator'
2025-10-16 13:32:18 [main] INFO  o.a.coyote.http11.Http11NioProtocol - Starting ProtocolHandler ["http-nio-7775"]
2025-10-16 13:32:18 [main] INFO  o.s.b.w.e.tomcat.TomcatWebServer - Tomcat started on port 7775 (http) with context path '/'
2025-10-16 13:32:18 [main] INFO  a.c.q.QwiseDemoAppApplication - Started QwiseDemoAppApplication in 16.232 seconds (process running for 17.423)
2025-10-16 13:32:18 [http-nio-7775-exec-1] INFO  o.a.c.c.C.[Tomcat].[localhost].[/] - Initializing Spring DispatcherServlet 'dispatcherServlet'
2025-10-16 13:32:18 [http-nio-7775-exec-1] INFO  o.s.web.servlet.DispatcherServlet - Initializing Servlet 'dispatcherServlet'
2025-10-16 13:32:18 [http-nio-7775-exec-1] INFO  o.s.web.servlet.DispatcherServlet - Completed initialization in 3 ms
2025-10-16 13:32:19 [http-nio-7775-exec-1] INFO  a.c.qwisedemoapp.filter.JwtFilter - Authorization header not found
2025-10-16 13:32:19 [http-nio-7775-exec-1] INFO  a.c.qwisedemoapp.filter.JwtFilter - Invalid token
2025-10-16 13:32:19 [http-nio-7775-exec-1] INFO  a.c.qwisedemoapp.filter.JwtFilter - Auth header: null
2025-10-16 13:32:19 [http-nio-7775-exec-1] INFO  a.c.qwisedemoapp.filter.JwtFilter - Extracted username from JWT: null
2025-10-16 13:32:19 [http-nio-7775-exec-1] INFO  a.c.qwisedemoapp.filter.JwtFilter - Current authentication: null
2025-10-16 13:32:19 [http-nio-7775-exec-2] INFO  a.c.qwisedemoapp.filter.JwtFilter - Authorization header not found
2025-10-16 13:32:19 [http-nio-7775-exec-2] INFO  a.c.qwisedemoapp.filter.JwtFilter - Invalid token
2025-10-16 13:32:19 [http-nio-7775-exec-2] INFO  a.c.qwisedemoapp.filter.JwtFilter - Auth header: null
2025-10-16 13:32:19 [http-nio-7775-exec-2] INFO  a.c.qwisedemoapp.filter.JwtFilter - Extracted username from JWT: null
2025-10-16 13:32:19 [http-nio-7775-exec-2] INFO  a.c.qwisedemoapp.filter.JwtFilter - Current authentication: null
2025-10-16 13:32:19 [http-nio-7775-exec-3] INFO  a.c.qwisedemoapp.filter.JwtFilter - Authorization header not found
2025-10-16 13:32:19 [http-nio-7775-exec-3] INFO  a.c.qwisedemoapp.filter.JwtFilter - Invalid token
2025-10-16 13:32:19 [http-nio-7775-exec-3] INFO  a.c.qwisedemoapp.filter.JwtFilter - Auth header: null
2025-10-16 13:32:19 [http-nio-7775-exec-3] INFO  a.c.qwisedemoapp.filter.JwtFilter - Extracted username from JWT: null
2025-10-16 13:32:19 [http-nio-7775-exec-3] INFO  a.c.qwisedemoapp.filter.JwtFilter - Current authentication: null
2025-10-16 13:32:19 [http-nio-7775-exec-4] INFO  a.c.qwisedemoapp.filter.JwtFilter - Authorization header not found
2025-10-16 13:32:19 [http-nio-7775-exec-4] INFO  a.c.qwisedemoapp.filter.JwtFilter - Invalid token
2025-10-16 13:32:19 [http-nio-7775-exec-4] INFO  a.c.qwisedemoapp.filter.JwtFilter - Auth header: null
2025-10-16 13:32:19 [http-nio-7775-exec-4] INFO  a.c.qwisedemoapp.filter.JwtFilter - Extracted username from JWT: null
2025-10-16 13:32:19 [http-nio-7775-exec-4] INFO  a.c.qwisedemoapp.filter.JwtFilter - Current authentication: null
2025-10-16 13:32:19 [http-nio-7775-exec-6] INFO  a.c.qwisedemoapp.filter.JwtFilter - Authorization header not found
2025-10-16 13:32:19 [http-nio-7775-exec-6] INFO  a.c.qwisedemoapp.filter.JwtFilter - Invalid token
2025-10-16 13:32:19 [http-nio-7775-exec-6] INFO  a.c.qwisedemoapp.filter.JwtFilter - Auth header: null
2025-10-16 13:32:19 [http-nio-7775-exec-6] INFO  a.c.qwisedemoapp.filter.JwtFilter - Extracted username from JWT: null
2025-10-16 13:32:19 [http-nio-7775-exec-6] INFO  a.c.qwisedemoapp.filter.JwtFilter - Current authentication: null
2025-10-16 13:32:19 [http-nio-7775-exec-5] INFO  a.c.qwisedemoapp.filter.JwtFilter - Authorization header not found
2025-10-16 13:32:19 [http-nio-7775-exec-5] INFO  a.c.qwisedemoapp.filter.JwtFilter - Invalid token
2025-10-16 13:32:19 [http-nio-7775-exec-5] INFO  a.c.qwisedemoapp.filter.JwtFilter - Auth header: null
2025-10-16 13:32:19 [http-nio-7775-exec-5] INFO  a.c.qwisedemoapp.filter.JwtFilter - Extracted username from JWT: null
2025-10-16 13:32:19 [http-nio-7775-exec-5] INFO  a.c.qwisedemoapp.filter.JwtFilter - Current authentication: null
2025-10-16 13:32:19 [http-nio-7775-exec-7] INFO  a.c.qwisedemoapp.filter.JwtFilter - Authorization header not found
2025-10-16 13:32:19 [http-nio-7775-exec-7] INFO  a.c.qwisedemoapp.filter.JwtFilter - Invalid token
2025-10-16 13:32:19 [http-nio-7775-exec-7] INFO  a.c.qwisedemoapp.filter.JwtFilter - Auth header: null
2025-10-16 13:32:19 [http-nio-7775-exec-7] INFO  a.c.qwisedemoapp.filter.JwtFilter - Extracted username from JWT: null
2025-10-16 13:32:19 [http-nio-7775-exec-7] INFO  a.c.qwisedemoapp.filter.JwtFilter - Current authentication: null
2025-10-16 13:32:19 [http-nio-7775-exec-8] INFO  a.c.qwisedemoapp.filter.JwtFilter - Authorization header not found
2025-10-16 13:32:19 [http-nio-7775-exec-8] INFO  a.c.qwisedemoapp.filter.JwtFilter - Invalid token
2025-10-16 13:32:19 [http-nio-7775-exec-8] INFO  a.c.qwisedemoapp.filter.JwtFilter - Auth header: null
2025-10-16 13:32:19 [http-nio-7775-exec-8] INFO  a.c.qwisedemoapp.filter.JwtFilter - Extracted username from JWT: null
2025-10-16 13:32:19 [http-nio-7775-exec-8] INFO  a.c.qwisedemoapp.filter.JwtFilter - Current authentication: null
2025-10-16 13:32:19 [http-nio-7775-exec-9] INFO  a.c.qwisedemoapp.filter.JwtFilter - Authorization header not found
2025-10-16 13:32:19 [http-nio-7775-exec-9] INFO  a.c.qwisedemoapp.filter.JwtFilter - Invalid token
2025-10-16 13:32:19 [http-nio-7775-exec-9] INFO  a.c.qwisedemoapp.filter.JwtFilter - Auth header: null
2025-10-16 13:32:19 [http-nio-7775-exec-9] INFO  a.c.qwisedemoapp.filter.JwtFilter - Extracted username from JWT: null
2025-10-16 13:32:19 [http-nio-7775-exec-9] INFO  a.c.qwisedemoapp.filter.JwtFilter - Current authentication: null
2025-10-16 13:32:20 [http-nio-7775-exec-9] INFO  o.s.api.AbstractOpenApiResource - Init duration for springdoc-openapi is: 1371 ms
2025-10-16 13:32:28 [http-nio-7775-exec-10] INFO  a.c.qwisedemoapp.filter.JwtFilter - Authorization header not found
2025-10-16 13:32:28 [http-nio-7775-exec-10] INFO  a.c.qwisedemoapp.filter.JwtFilter - Invalid token
2025-10-16 13:32:28 [http-nio-7775-exec-10] INFO  a.c.qwisedemoapp.filter.JwtFilter - Auth header: null
2025-10-16 13:32:28 [http-nio-7775-exec-10] INFO  a.c.qwisedemoapp.filter.JwtFilter - Extracted username from JWT: null
2025-10-16 13:32:28 [http-nio-7775-exec-10] INFO  a.c.qwisedemoapp.filter.JwtFilter - Current authentication: null
2025-10-16 13:32:28 [http-nio-7775-exec-10] INFO  a.c.q.service.auth.AuthService - Register user with email asimpenahov8@gmail.com
2025-10-16 13:32:40 [http-nio-7775-exec-10] INFO  a.c.q.service.auth.AuthService - Register user with email asimpenahov8@gmail.com successfully
2025-10-16 13:33:11 [SpringApplicationShutdownHook] INFO  o.s.b.w.e.tomcat.GracefulShutdown - Commencing graceful shutdown. Waiting for active requests to complete
2025-10-16 13:33:11 [tomcat-shutdown] INFO  o.s.b.w.e.tomcat.GracefulShutdown - Graceful shutdown complete
2025-10-16 13:33:11 [SpringApplicationShutdownHook] INFO  o.s.o.j.LocalContainerEntityManagerFactoryBean - Closing JPA EntityManagerFactory for persistence unit 'default'
2025-10-16 13:33:11 [SpringApplicationShutdownHook] INFO  com.zaxxer.hikari.HikariDataSource - HikariPool-1 - Shutdown initiated...
2025-10-16 13:33:11 [SpringApplicationShutdownHook] INFO  com.zaxxer.hikari.HikariDataSource - HikariPool-1 - Shutdown completed.
